{"type": "FeatureCollection", "metadata": {"period": "48h", "date": "2026-09-27", "time": "15:00:00", "source_url": "https://api.hii.or.th/v2/4UQaYnf0Bx4fXPYyCdDRbqHyXH9Ixvd2nVUjaN1cLBY=/warning/flashflood-48h"}, "features": [{"type": "Feature", "id": "areas-621101", "properties": {"geocode": "621101", "tambon": "ต.โกสัมพี", "amphoe": "อ.โกสัมพีนคร", "province": "จ.กำแพงเพชร", "region_id": "1", "region_name": "ภาคกลาง", "station": "อุทยานแห่งชาติคลองวังเจ้า", "latitude": 16.505556, "longitude": 99.169833, "sum_rainfall_mm": 107.5, "observed_at": "2026-09-27T14:00:00+07:00", "warning_group": "areas"}, "geometry": null}, {"type": "Feature", "id": "areas-620411", "properties": {"geocode": "620411", "tambon": "ต.ปางมะค่า", "amphoe": "อ.ขาณุวรลักษบุรี", "province": "จ.กำแพงเพชร", "region_id": "1", "region_name": "ภาคกลาง", "station": "สะพานต้นน้ำ (เกาะแก้ว-ตลิ่งสูง)", "latitude": 15.91465, "longitude": 99.4194, "sum_rainfall_mm": 116.4, "observed_at": "2026-09-27T14:00:00+07:00", "warning_group": "areas"}, "geometry": null}, {"type": "Feature", "id": "areas-620501", "properties": {"geocode": "620501", "tambon": "ต.คลองขลุง", "amphoe": "อ.คลองขลุง", "province": "จ.กำแพงเพชร", "region_id": "1", "region_name": "ภาคกลาง", "station": "อบต.คลองขลุง", "latitude": 16.20864, "longitude": 99.70895, "sum_rainfall_mm": 137.79999999999998, "observed_at": "2026-09-27T14:00:00+07:00", "warning_group": "areas"}, "geometry": null}, {"type": "Feature", "id": "areas-620504", "properties": {"geocode": "620504", "tambon": "ต.ท่าพุทรา", "amphoe": "อ.คลองขลุง", "province": "จ.กำแพงเพชร", "region_id": "1", "region_name": "ภาคกลาง", "station": "คลองวังหิน", "latitude": 16.229583, "longitude": 99.696722, "sum_rainfall_mm": 143.0, "observed_at": "2026-09-27T14:00:00+07:00", "warning_group": "areas"}, "geometry": null}, {"type": "Feature", "id": "areas-620509", "properties": {"geocode": "620509", "tambon": "ต.วังไทร", "amphoe": "อ.คลองขลุง", "province": "จ.กำแพงเพชร", "region_id": "1", "region_name": "ภาคกลาง", "station": "สำนักสงฆ์มอหินเพลิง", "latitude": 16.151548, "longitude": 99.527517, "sum_rainfall_mm": 116.0, "observed_at": "2026-09-27T14:00:00+07:00", "warning_group": "areas"}, "geometry": null}, {"type": "Feature", "id": "areas-620303", "properties": {"geocode": "620303", "tambon": "ต.คลองลานพัฒนา", "amphoe": "อ.คลองลาน", "province": "จ.กำแพงเพชร", "region_id": "1", "region_name": "ภาคกลาง", "station": "ทต.คลองลานพัฒนา", "latitude": 16.12253, "longitude": 99.32932, "sum_rainfall_mm": 153.60000000000002, "observed_at": "2026-09-27T14:00:00+07:00", "warning_group": "areas"}, "geometry": null}, {"type": "Feature", "id": "areas-180201", "properties": {"geocode": "180201", "tambon": "ต.คุ้งสำเภา", "amphoe": "อ.มโนรมย์", "province": "จ.ชัยนาท", "region_id": "1", "region_name": "ภาคกลาง", "station": "ทต.คุ้งสำเภา", "latitude": 15.31006, "longitude": 100.08173, "sum_rainfall_mm": 114.4, "observed_at": "2026-09-27T14:00:00+07:00", "warning_group": "areas"}, "geometry": null}, {"type": "Feature", "id": "areas-180202", "properties": {"geocode": "180202", "tambon": "ต.วัดโคก", "amphoe": "อ.มโนรมย์", "province": "จ.ชัยนาท", "region_id": "1", "region_name": "ภาคกลาง", "station": "ปตร.มโนรมย์", "latitude": 15.3277, "longitude": 100.10913, "sum_rainfall_mm": 104.6, "observed_at": "2026-09-27T14:00:00+07:00", "warning_group": "areas"}, "geometry": null}, {"type": "Feature", "id": "areas-180104", "properties": {"geocode": "180104", "tambon": "ต.ชัยนาท", "amphoe": "อ.เมืองชัยนาท", "province": "จ.ชัยนาท", "region_id": "1", "region_name": "ภาคกลาง", "station": "เหนือปตร.บรมธาตุ", "latitude": 15.15816, "longitude": 100.15352, "sum_rainfall_mm": 111.2, "observed_at": "2026-09-27T14:00:00+07:00", "warning_group": "areas"}, "geometry": null}, {"type": "Feature", "id": "areas-180107", "properties": {"geocode": "180107", "tambon": "ต.ธรรมามูล", "amphoe": "อ.เมืองชัยนาท", "province": "จ.ชัยนาท", "region_id": "1", "region_name": "ภาคกลาง", "station": "สะพานธรรมจักร(วัดธรรมามูล)", "latitude": 15.25029, "longitude": 100.08347, "sum_rainfall_mm": 123.2, "observed_at": "2026-09-27T14:00:00+07:00", "warning_group": "areas"}, "geometry": null}, {"type": "Feature", "id": "areas-180102", "properties": {"geocode": "180102", "tambon": "ต.บ้านกล้วย", "amphoe": "อ.เมืองชัยนาท", "province": "จ.ชัยนาท", "region_id": "1", "region_name": "ภาคกลาง", "station": "เหนือปตร.มหาราช", "latitude": 15.15892, "longitude": 100.17329, "sum_rainfall_mm": 100.6, "observed_at": "2026-09-27T14:00:00+07:00", "warning_group": "areas"}, "geometry": null}, {"type": "Feature", "id": "areas-180106", "properties": {"geocode": "180106", "tambon": "ต.หาดท่าเสา", "amphoe": "อ.เมืองชัยนาท", "province": "จ.ชัยนาท", "region_id": "1", "region_name": "ภาคกลาง", "station": "T.ปตร.พลเทพ", "latitude": 15.214294, "longitude": 100.073325, "sum_rainfall_mm": 132.0, "observed_at": "2026-09-27T14:00:00+07:00", "warning_group": "areas"}, "geometry": null}, {"type": "Feature", "id": "areas-180302", "properties": {"geocode": "180302", "tambon": "ต.มะขามเฒ่า", "amphoe": "อ.วัดสิงห์", "province": "จ.ชัยนาท", "region_id": "1", "region_name": "ภาคกลาง", "station": "T.ปตร.มะขามเฒ่า", "latitude": 15.222455, "longitude": 100.062221, "sum_rainfall_mm": 130.0, "observed_at": "2026-09-27T14:00:00+07:00", "warning_group": "areas"}, "geometry": null}, {"type": "Feature", "id": "areas-180301", "properties": {"geocode": "180301", "tambon": "ต.วัดสิงห์", "amphoe": "อ.วัดสิงห์", "province": "จ.ชัยนาท", "region_id": "1", "region_name": "ภาคกลาง", "station": "ทต.วัดสิงห์", "latitude": 15.2584, "longitude": 100.04493, "sum_rainfall_mm": 113.2, "observed_at": "2026-09-27T14:00:00+07:00", "warning_group": "areas"}, "geometry": null}, {"type": "Feature", "id": "areas-180401", "properties": {"geocode": "180401", "tambon": "ต.สรรพยา", "amphoe": "อ.สรรพยา", "province": "จ.ชัยนาท", "region_id": "1", "region_name": "ภาคกลาง", "station": "ทต.สรรพยา", "latitude": 15.13217, "longitude": 100.25129, "sum_rainfall_mm": 102.2, "observed_at": "2026-09-27T14:00:00+07:00", "warning_group": "areas"}, "geometry": null}, {"type": "Feature", "id": "areas-180611", "properties": {"geocode": "180611", "tambon": "ต.สามง่ามท่าโบสถ์", "amphoe": "อ.หันคา", "province": "จ.ชัยนาท", "region_id": "1", "region_name": "ภาคกลาง", "station": "ท้ายปตร.ท่าโบสถ์", "latitude": 15.05349, "longitude": 100.01175, "sum_rainfall_mm": 115.60000000000001, "observed_at": "2026-09-27T14:00:00+07:00", "warning_group": "areas"}, "geometry": null}, {"type": "Feature", "id": "areas-180601", "properties": {"geocode": "180601", "tambon": "ต.หันคา", "amphoe": "อ.หันคา", "province": "จ.ชัยนาท", "region_id": "1", "region_name": "ภาคกลาง", "station": "ทต.หันคา", "latitude": 14.96964, "longitude": 100.01039, "sum_rainfall_mm": 103.4, "observed_at": "2026-09-27T14:00:00+07:00", "warning_group": "areas"}, "geometry": null}, {"type": "Feature", "id": "areas-260310", "properties": {"geocode": "260310", "tambon": "ต.ศรีกะอาง", "amphoe": "อ.บ้านนา", "province": "จ.นครนายก", "region_id": "1", "region_name": "ภาคกลาง", "station": "อบต.ศรีกะอาง", "latitude": 14.27798, "longitude": 101.12879, "sum_rainfall_mm": 214.00000000000006, "observed_at": "2026-09-27T14:00:00+07:00", "warning_group": "areas"}, "geometry": null}, {"type": "Feature", "id": "areas-260207", "properties": {"geocode": "260207", "tambon": "ต.นาหินลาด", "amphoe": "อ.ปากพลี", "province": "จ.นครนายก", "region_id": "1", "region_name": "ภาคกลาง", "station": "อบต.นาหินลาด", "latitude": 14.20724, "longitude": 101.35025, "sum_rainfall_mm": 247.0, "observed_at": "2026-09-27T14:00:00+07:00", "warning_group": "areas"}, "geometry": null}, {"type": "Feature", "id": "areas-260102", "properties": {"geocode": "260102", "tambon": "ต.ท่าช้าง", "amphoe": "อ.เมืองนครนายก", "province": "จ.นครนายก", "region_id": "1", "region_name": "ภาคกลาง", "station": "เขื่อนนายก", "latitude": 14.18205, "longitude": 101.162164, "sum_rainfall_mm": 181.0, "observed_at": "2026-09-27T14:00:00+07:00", "warning_group": "areas"}, "geometry": null}, {"type": "Feature", "id": "areas-260107", "properties": {"geocode": "260107", "tambon": "ต.ศรีจุฬา", "amphoe": "อ.เมืองนครนายก", "province": "จ.นครนายก", "region_id": "1", "region_name": "ภาคกลาง", "station": "อบต.ศรีจุฬา", "latitude": 14.07064, "longitude": 101.13746, "sum_rainfall_mm": 300.8, "observed_at": "2026-09-27T14:00:00+07:00", "warning_group": "areas"}, "geometry": null}, {"type": "Feature", "id": "areas-260110", "properties": {"geocode": "260110", "tambon": "ต.สาริกา", "amphoe": "อ.เมืองนครนายก", "province": "จ.นครนายก", "region_id": "1", "region_name": "ภาคกลาง", "station": "สะพานคลองวังตะไคร้", "latitude": 14.321305, "longitude": 101.30604, "sum_rainfall_mm": 156.4, "observed_at": "2026-09-27T14:00:00+07:00", "warning_group": "areas"}, "geometry": null}, {"type": "Feature", "id": "areas-260111", "properties": {"geocode": "260111", "tambon": "ต.หินตั้ง", "amphoe": "อ.เมืองนครนายก", "province": "จ.นครนายก", "region_id": "1", "region_name": "ภาคกลาง", "station": "สะพานคลองนางรอง", "latitude": 14.315195, "longitude": 101.312836, "sum_rainfall_mm": 149.6, "observed_at": "2026-09-27T14:00:00+07:00", "warning_group": "areas"}, "geometry": null}, {"type": "Feature", "id": "areas-260405", "properties": {"geocode": "260405", "tambon": "ต.บางสมบูรณ์", "amphoe": "อ.องครักษ์", "province": "จ.นครนายก", "region_id": "1", "region_name": "ภาคกลาง", "station": "สมบูรณ์", "latitude": 13.970389, "longitude": 101.138699, "sum_rainfall_mm": 150.0, "observed_at": "2026-09-27T14:00:00+07:00", "warning_group": "areas"}, "geometry": null}, {"type": "Feature", "id": "areas-260404", "properties": {"geocode": "260404", "tambon": "ต.โพธิ์แทน", "amphoe": "อ.องครักษ์", "province": "จ.นครนายก", "region_id": "1", "region_name": "ภาคกลาง", "station": "คลองแม่น้ำใน(โพธิ์แทน)", "latitude": 14.212921, "longitude": 100.942453, "sum_rainfall_mm": 329.0, "observed_at": "2026-09-27T14:00:00+07:00", "warning_group": "areas"}, "geometry": null}, {"type": "Feature", "id": "areas-260409", "properties": {"geocode": "260409", "tambon": "ต.องครักษ์", "amphoe": "อ.องครักษ์", "province": "จ.นครนายก", "region_id": "1", "region_name": "ภาคกลาง", "station": "องครักษ์", "latitude": 14.113633, "longitude": 101.01952, "sum_rainfall_mm": 195.20000000000005, "observed_at": "2026-09-27T14:00:00+07:00", "warning_group": "areas"}, "geometry": null}, {"type": "Feature", "id": "areas-600201", "properties": {"geocode": "600201", "tambon": "ต.โกรกพระ", "amphoe": "อ.โกรกพระ", "province": "จ.นครสวรรค์", "region_id": "1", "region_name": "ภาคกลาง", "station": "ทต.โกรกพระ", "latitude": 15.55312, "longitude": 100.0709, "sum_rainfall_mm": 115.19999999999999, "observed_at": "2026-09-27T14:00:00+07:00", "warning_group": "areas"}, "geometry": null}, {"type": "Feature", "id": "areas-601303", "properties": {"geocode": "601303", "tambon": "ต.แม่เล่ย์", "amphoe": "อ.แม่วงก์", "province": "จ.นครสวรรค์", "region_id": "1", "region_name": "ภาคกลาง", "station": "สะพานแม่เล่ย์", "latitude": 15.84175, "longitude": 99.41808, "sum_rainfall_mm": 101.0, "observed_at": "2026-09-27T14:00:00+07:00", "warning_group": "areas"}, "geometry": null}, {"type": "Feature", "id": "areas-140513", "properties": {"geocode": "140513", "tambon": "ต.บางหลวงโดด", "amphoe": "อ.บางบาล", "province": "จ.พระนครศรีอยุธยา", "region_id": "1", "region_name": "ภาคกลาง", "station": "คลองบางหลวง", "latitude": 14.4158, "longitude": 100.44071, "sum_rainfall_mm": 101.19999999999999, "observed_at": "2026-09-27T14:00:00+07:00", "warning_group": "areas"}, "geometry": null}, {"type": "Feature", "id": "areas-140806", "properties": {"geocode": "140806", "tambon": "ต.ท่าดินแดง", "amphoe": "อ.ผักไห่", "province": "จ.พระนครศรีอยุธยา", "region_id": "1", "region_name": "ภาคกลาง", "station": "ปตร กุฎิ (ทุ่งป่าโมก)", "latitude": 14.412405, "longitude": 100.40116, "sum_rainfall_mm": 114.60000000000001, "observed_at": "2026-09-27T14:00:00+07:00", "warning_group": "areas"}, "geometry": null}, {"type": "Feature", "id": "areas-140816", "properties": {"geocode": "140816", "tambon": "ต.บ้านใหญ่", "amphoe": "อ.ผักไห่", "province": "จ.พระนครศรีอยุธยา", "region_id": "1", "region_name": "ภาคกลาง", "station": "เหนือปตร.ผักไห่-เจ้าเจ็ด", "latitude": 14.43643, "longitude": 100.37562, "sum_rainfall_mm": 113.80000000000001, "observed_at": "2026-09-27T14:00:00+07:00", "warning_group": "areas"}, "geometry": null}, {"type": "Feature", "id": "areas-140814", "properties": {"geocode": "140814", "tambon": "ต.ลาดชิด", "amphoe": "อ.ผักไห่", "province": "จ.พระนครศรีอยุธยา", "region_id": "1", "region_name": "ภาคกลาง", "station": "ที่ทำการกำนันตำบลลาดชิด", "latitude": 14.44142, "longitude": 100.35564, "sum_rainfall_mm": 107.39999999999999, "observed_at": "2026-09-27T14:00:00+07:00", "warning_group": "areas"}, "geometry": null}, {"type": "Feature", "id": "areas-140815", "properties": {"geocode": "140815", "tambon": "ต.หน้าโคก", "amphoe": "อ.ผักไห่", "province": "จ.พระนครศรีอยุธยา", "region_id": "1", "region_name": "ภาคกลาง", "station": "สะพานข้ามแม่น้ำน้อย (ทุ่งผักไห่)", "latitude": 14.498449, "longitude": 100.36825, "sum_rainfall_mm": 100.80000000000001, "observed_at": "2026-09-27T14:00:00+07:00", "warning_group": "areas"}, "geometry": null}, {"type": "Feature", "id": "areas-141003", "properties": {"geocode": "141003", "tambon": "ต.สามเมือง", "amphoe": "อ.ลาดบัวหลวง", "province": "จ.พระนครศรีอยุธยา", "region_id": "1", "region_name": "ภาคกลาง", "station": "คลองพระยาบรรลือ", "latitude": 14.16476, "longitude": 100.30725, "sum_rainfall_mm": 140.2, "observed_at": "2026-09-27T14:00:00+07:00", "warning_group": "areas"}, "geometry": null}, {"type": "Feature", "id": "areas-141106", "properties": {"geocode": "141106", "tambon": "ต.พยอม", "amphoe": "อ.วังน้อย", "province": "จ.พระนครศรีอยุธยา", "region_id": "1", "region_name": "ภาคกลาง", "station": "ท้ายปตร.พระอินทราชา", "latitude": 14.14378, "longitude": 100.62075, "sum_rainfall_mm": 144.0, "observed_at": "2026-09-27T14:00:00+07:00", "warning_group": "areas"}, "geometry": null}, {"type": "Feature", "id": "areas-141103", "properties": {"geocode": "141103", "tambon": "ต.วังน้อย", "amphoe": "อ.วังน้อย", "province": "จ.พระนครศรีอยุธยา", "region_id": "1", "region_name": "ภาคกลาง", "station": "เหนือปตร.พระอินทราชา", "latitude": 14.14407, "longitude": 100.62136, "sum_rainfall_mm": 147.4, "observed_at": "2026-09-27T14:00:00+07:00", "warning_group": "areas"}, "geometry": null}, {"type": "Feature", "id": "areas-141217", "properties": {"geocode": "141217", "tambon": "ต.เจ้าเสด็จ", "amphoe": "อ.เสนา", "province": "จ.พระนครศรีอยุธยา", "region_id": "1", "region_name": "ภาคกลาง", "station": "เสนา", "latitude": 14.31976, "longitude": 100.37952, "sum_rainfall_mm": 181.2, "observed_at": "2026-09-27T14:00:00+07:00", "warning_group": "areas"}, "geometry": null}, {"type": "Feature", "id": "areas-141201", "properties": {"geocode": "141201", "tambon": "ต.เสนา", "amphoe": "อ.เสนา", "province": "จ.พระนครศรีอยุธยา", "region_id": "1", "region_name": "ภาคกลาง", "station": "เสนา (ทุ่งบางบาล-บ้านแพน)", "latitude": 14.327773, "longitude": 100.405464, "sum_rainfall_mm": 157.8, "observed_at": "2026-09-27T14:00:00+07:00", "warning_group": "areas"}, "geometry": null}, {"type": "Feature", "id": "areas-190213", "properties": {"geocode": "190213", "tambon": "ต.ชำผักแพว", "amphoe": "อ.แก่งคอย", "province": "จ.สระบุรี", "region_id": "1", "region_name": "ภาคกลาง", "station": "ที่ทำการเขตห้ามล่าสัตว์ป่าแก่งคอย", "latitude": 14.5439, "longitude": 101.0983, "sum_rainfall_mm": 101.4, "observed_at": "2026-09-27T14:00:00+07:00", "warning_group": "areas"}, "geometry": null}, {"type": "Feature", "id": "areas-190402", "properties": {"geocode": "190402", "tambon": "ต.บ้านลำ", "amphoe": "อ.วิหารแดง", "province": "จ.สระบุรี", "region_id": "1", "region_name": "ภาคกลาง", "station": "หน่วยพิทักษ์อุทยานแห่งชาติที่ นสล. 1 (ซับปลากั้ง)", "latitude": 14.412701, "longitude": 100.97773, "sum_rainfall_mm": 166.2, "observed_at": "2026-09-27T14:00:00+07:00", "warning_group": "areas"}, "geometry": null}, {"type": "Feature", "id": "areas-190401", "properties": {"geocode": "190401", "tambon": "ต.หนองหมู", "amphoe": "อ.วิหารแดง", "province": "จ.สระบุรี", "region_id": "1", "region_name": "ภาคกลาง", "station": "คลองแม่น้ำใน", "latitude": 14.30168, "longitude": 100.94521, "sum_rainfall_mm": 136.2, "observed_at": "2026-09-26T22:00:00+07:00", "warning_group": "areas"}, "geometry": null}, {"type": "Feature", "id": "areas-190301", "properties": {"geocode": "190301", "tambon": "ต.หนองแค", "amphoe": "อ.หนองแค", "province": "จ.สระบุรี", "region_id": "1", "region_name": "ภาคกลาง", "station": "ท้ายปตร.พระศรีศิลป์", "latitude": 14.32729, "longitude": 100.87117, "sum_rainfall_mm": 154.2, "observed_at": "2026-09-27T14:00:00+07:00", "warning_group": "areas"}, "geometry": null}, {"type": "Feature", "id": "areas-720306", "properties": {"geocode": "720306", "tambon": "ต.นิคมกระเสียว", "amphoe": "อ.ด่านช้าง", "province": "จ.สุพรรณบุรี", "region_id": "1", "region_name": "ภาคกลาง", "station": "อบต.นิคมกระเสียว", "latitude": 14.85733, "longitude": 99.57508, "sum_rainfall_mm": 160.0, "observed_at": "2026-09-27T14:00:00+07:00", "warning_group": "areas"}, "geometry": null}, {"type": "Feature", "id": "areas-720307", "properties": {"geocode": "720307", "tambon": "ต.วังยาว", "amphoe": "อ.ด่านช้าง", "province": "จ.สุพรรณบุรี", "region_id": "1", "region_name": "ภาคกลาง", "station": "หน่วยจัดการต้นน้ำและพัฒนาชุมชนในพื้นที่ป่าอนุรักษ์พุเตย", "latitude": 15.0219, "longitude": 99.3923, "sum_rainfall_mm": 145.40000000000003, "observed_at": "2026-09-27T14:00:00+07:00", "warning_group": "areas"}, "geometry": null}, {"type": "Feature", "id": "areas-720119", "properties": {"geocode": "720119", "tambon": "ต.โพธิ์พระยา", "amphoe": "อ.เมืองสุพรรณบุรี", "province": "จ.สุพรรณบุรี", "region_id": "1", "region_name": "ภาคกลาง", "station": "เหนือปตร.โพธิ์พระยา", "latitude": 14.53248, "longitude": 100.12224, "sum_rainfall_mm": 116.80000000000001, "observed_at": "2026-09-27T14:00:00+07:00", "warning_group": "areas"}, "geometry": null}, {"type": "Feature", "id": "areas-720703", "properties": {"geocode": "720703", "tambon": "ต.บางตาเถร", "amphoe": "อ.สองพี่น้อง", "province": "จ.สุพรรณบุรี", "region_id": "1", "region_name": "ภาคกลาง", "station": "วัดท่าเจดีย์ (TTC06)", "latitude": 14.15657, "longitude": 100.12744, "sum_rainfall_mm": 114.4, "observed_at": "2026-09-27T14:00:00+07:00", "warning_group": "areas"}, "geometry": null}, {"type": "Feature", "id": "areas-720701", "properties": {"geocode": "720701", "tambon": "ต.สองพี่น้อง", "amphoe": "อ.สองพี่น้อง", "province": "จ.สุพรรณบุรี", "region_id": "1", "region_name": "ภาคกลาง", "station": "สองพี่น้อง", "latitude": 14.21608, "longitude": 100.05017, "sum_rainfall_mm": 102.39999999999999, "observed_at": "2026-09-27T14:00:00+07:00", "warning_group": "areas"}, "geometry": null}, {"type": "Feature", "id": "areas-720803", "properties": {"geocode": "720803", "tambon": "ต.สามชุก", "amphoe": "อ.สามชุก", "province": "จ.สุพรรณบุรี", "region_id": "1", "region_name": "ภาคกลาง", "station": "สามชุก", "latitude": 14.75138, "longitude": 100.09592, "sum_rainfall_mm": 103.39999999999999, "observed_at": "2026-09-27T14:00:00+07:00", "warning_group": "areas"}, "geometry": null}, {"type": "Feature", "id": "areas-150302", "properties": {"geocode": "150302", "tambon": "ต.ป่าโมก", "amphoe": "อ.ป่าโมก", "province": "จ.อ่างทอง", "region_id": "1", "region_name": "ภาคกลาง", "station": "สะพานป่าโมก", "latitude": 14.498074, "longitude": 100.44962, "sum_rainfall_mm": 103.0, "observed_at": "2026-09-27T14:00:00+07:00", "warning_group": "areas"}, "geometry": null}, {"type": "Feature", "id": "areas-610205", "properties": {"geocode": "610205", "tambon": "ต.โคกหม้อ", "amphoe": "อ.ทัพทัน", "province": "จ.อุทัยธานี", "region_id": "1", "region_name": "ภาคกลาง", "station": "วัดโคกหม้อ", "latitude": 15.534278, "longitude": 99.899083, "sum_rainfall_mm": 151.0, "observed_at": "2026-09-27T14:00:00+07:00", "warning_group": "areas"}, "geometry": null}, {"type": "Feature", "id": "areas-610604", "properties": {"geocode": "610604", "tambon": "ต.คอกควาย", "amphoe": "อ.บ้านไร่", "province": "จ.อุทัยธานี", "region_id": "1", "region_name": "ภาคกลาง", "station": "หน่วยพิทักษ์ป่าเขาปันโส", "latitude": 15.23958, "longitude": 99.40895, "sum_rainfall_mm": 136.79999999999998, "observed_at": "2026-09-27T14:00:00+07:00", "warning_group": "areas"}, "geometry": null}, {"type": "Feature", "id": "areas-610601", "properties": {"geocode": "610601", "tambon": "ต.บ้านไร่", "amphoe": "อ.บ้านไร่", "province": "จ.อุทัยธานี", "region_id": "1", "region_name": "ภาคกลาง", "station": "ศูนย์อปพร. อบต.บ้านไร่", "latitude": 15.08265, "longitude": 99.51935, "sum_rainfall_mm": 161.2, "observed_at": "2026-09-27T14:00:00+07:00", "warning_group": "areas"}, "geometry": null}, {"type": "Feature", "id": "areas-610704", "properties": {"geocode": "610704", "tambon": "ต.ระบำ", "amphoe": "อ.ลานสัก", "province": "จ.อุทัยธานี", "region_id": "1", "region_name": "ภาคกลาง", "station": "หน่วยจัดการต้นน้ำและพัฒนาชุมชนในพื้นที่ป่าอนุรักษ์สะแกกรัง", "latitude": 15.502394, "longitude": 99.46196, "sum_rainfall_mm": 107.0, "observed_at": "2026-09-27T14:00:00+07:00", "warning_group": "areas"}, "geometry": null}, {"type": "Feature", "id": "areas-610701", "properties": {"geocode": "610701", "tambon": "ต.ลานสัก", "amphoe": "อ.ลานสัก", "province": "จ.อุทัยธานี", "region_id": "1", "region_name": "ภาคกลาง", "station": "อบต.ลานสัก", "latitude": 15.47279, "longitude": 99.53976, "sum_rainfall_mm": 126.60000000000001, "observed_at": "2026-09-27T14:00:00+07:00", "warning_group": "areas"}, "geometry": null}, {"type": "Feature", "id": "areas-610301", "properties": {"geocode": "610301", "tambon": "ต.สว่างอารมณ์", "amphoe": "อ.สว่างอารมณ์", "province": "จ.อุทัยธานี", "region_id": "1", "region_name": "ภาคกลาง", "station": "อบต.สว่างแจ้งสบายใจ", "latitude": 15.559001, "longitude": 99.864809, "sum_rainfall_mm": 119.0, "observed_at": "2026-09-27T14:00:00+07:00", "warning_group": "areas"}, "geometry": null}, {"type": "Feature", "id": "areas-610410", "properties": {"geocode": "610410", "tambon": "ต.เขากวางทอง", "amphoe": "อ.หนองฉาง", "province": "จ.อุทัยธานี", "region_id": "1", "region_name": "ภาคกลาง", "station": "ฝายทับเสลา", "latitude": 15.407623, "longitude": 99.714458, "sum_rainfall_mm": 101.0, "observed_at": "2026-09-27T14:00:00+07:00", "warning_group": "areas"}, "geometry": null}, {"type": "Feature", "id": "areas-610401", "properties": {"geocode": "610401", "tambon": "ต.หนองฉาง", "amphoe": "อ.หนองฉาง", "province": "จ.อุทัยธานี", "region_id": "1", "region_name": "ภาคกลาง", "station": "ทต.หนองฉาง", "latitude": 15.38896, "longitude": 99.84505, "sum_rainfall_mm": 102.39999999999999, "observed_at": "2026-09-27T14:00:00+07:00", "warning_group": "areas"}, "geometry": null}, {"type": "Feature", "id": "areas-610803", "properties": {"geocode": "610803", "tambon": "ต.ห้วยคต", "amphoe": "อ.ห้วยคต", "province": "จ.อุทัยธานี", "region_id": "1", "region_name": "ภาคกลาง", "station": "อบต.ห้วยคต", "latitude": 15.30362, "longitude": 99.60969, "sum_rainfall_mm": 116.6, "observed_at": "2026-09-27T14:00:00+07:00", "warning_group": "areas"}, "geometry": null}, {"type": "Feature", "id": "areas-220901", "properties": {"geocode": "220901", "tambon": "ต.นายายอาม", "amphoe": "อ.นายายอาม", "province": "จ.จันทบุรี", "region_id": "2", "region_name": "ภาคตะวันออก", "station": "อบต.นายายอาม", "latitude": 12.77083, "longitude": 101.85303, "sum_rainfall_mm": 234.6, "observed_at": "2026-09-27T14:00:00+07:00", "warning_group": "areas"}, "geometry": null}, {"type": "Feature", "id": "areas-220503", "properties": {"geocode": "220503", "tambon": "ต.ปัถวี", "amphoe": "อ.มะขาม", "province": "จ.จันทบุรี", "region_id": "2", "region_name": "ภาคตะวันออก", "station": "ทต.ปัถวี", "latitude": 12.74261, "longitude": 102.23263, "sum_rainfall_mm": 181.8, "observed_at": "2026-09-27T14:00:00+07:00", "warning_group": "areas"}, "geometry": null}, {"type": "Feature", "id": "areas-220504", "properties": {"geocode": "220504", "tambon": "ต.วังแซ้ม", "amphoe": "อ.มะขาม", "province": "จ.จันทบุรี", "region_id": "2", "region_name": "ภาคตะวันออก", "station": "วัดโคกตะพง (แกลง)", "latitude": 12.78168, "longitude": 102.17328, "sum_rainfall_mm": 159.60000000000002, "observed_at": "2026-09-27T14:00:00+07:00", "warning_group": "areas"}, "geometry": null}, {"type": "Feature", "id": "areas-240308", "properties": {"geocode": "240308", "tambon": "ต.ดอนฉิมพลี", "amphoe": "อ.บางน้ำเปรี้ยว", "province": "จ.ฉะเชิงเทรา", "region_id": "2", "region_name": "ภาคตะวันออก", "station": "อบต.ดอนฉิมพลี", "latitude": 13.90535, "longitude": 100.97028, "sum_rainfall_mm": 246.0, "observed_at": "2026-09-27T14:00:00+07:00", "warning_group": "areas"}, "geometry": null}, {"type": "Feature", "id": "areas-240301", "properties": {"geocode": "240301", "tambon": "ต.บางน้ำเปรี้ยว", "amphoe": "อ.บางน้ำเปรี้ยว", "province": "จ.ฉะเชิงเทรา", "region_id": "2", "region_name": "ภาคตะวันออก", "station": "ปากคลองพระองค์เจ้าฯ (บางน้ำเปรี้ยว)", "latitude": 13.83819, "longitude": 100.9666, "sum_rainfall_mm": 162.39999999999998, "observed_at": "2026-09-27T14:00:00+07:00", "warning_group": "areas"}, "geometry": null}, {"type": "Feature", "id": "areas-240410", "properties": {"geocode": "240410", "tambon": "ต.ท่าข้าม", "amphoe": "อ.บางปะกง", "province": "จ.ฉะเชิงเทรา", "region_id": "2", "region_name": "ภาคตะวันออก", "station": "ปากแม่น้ำบางปะกง", "latitude": 13.474833, "longitude": 100.98196, "sum_rainfall_mm": 185.5, "observed_at": "2026-09-27T14:00:00+07:00", "warning_group": "areas"}, "geometry": null}, {"type": "Feature", "id": "areas-240402", "properties": {"geocode": "240402", "tambon": "ต.ท่าสะอ้าน", "amphoe": "อ.บางปะกง", "province": "จ.ฉะเชิงเทรา", "region_id": "2", "region_name": "ภาคตะวันออก", "station": "บางปะกง", "latitude": 13.54901, "longitude": 101.00111, "sum_rainfall_mm": 315.0, "observed_at": "2026-09-27T14:00:00+07:00", "warning_group": "areas"}, "geometry": null}, {"type": "Feature", "id": "areas-240501", "properties": {"geocode": "240501", "tambon": "ต.บ้านโพธิ์", "amphoe": "อ.บ้านโพธิ์", "province": "จ.ฉะเชิงเทรา", "region_id": "2", "region_name": "ภาคตะวันออก", "station": "บ้านโพธิ์", "latitude": 13.58335, "longitude": 101.070917, "sum_rainfall_mm": 329.5, "observed_at": "2026-09-27T14:00:00+07:00", "warning_group": "areas"}, "geometry": null}, {"type": "Feature", "id": "areas-240601", "properties": {"geocode": "240601", "tambon": "ต.เกาะขนุน", "amphoe": "อ.พนมสารคาม", "province": "จ.ฉะเชิงเทรา", "region_id": "2", "region_name": "ภาคตะวันออก", "station": "พนมสารคาม", "latitude": 13.72662, "longitude": 101.35298, "sum_rainfall_mm": 221.60000000000002, "observed_at": "2026-09-27T14:00:00+07:00", "warning_group": "areas"}, "geometry": null}, {"type": "Feature", "id": "areas-240607", "properties": {"geocode": "240607", "tambon": "ต.หนองแหน", "amphoe": "อ.พนมสารคาม", "province": "จ.ฉะเชิงเทรา", "region_id": "2", "region_name": "ภาคตะวันออก", "station": "อบต.หนองแหน", "latitude": 13.68338, "longitude": 101.32512, "sum_rainfall_mm": 221.6, "observed_at": "2026-09-27T14:00:00+07:00", "warning_group": "areas"}, "geometry": null}, {"type": "Feature", "id": "areas-240109", "properties": {"geocode": "240109", "tambon": "ต.บางขวัญ", "amphoe": "อ.เมืองฉะเชิงเทรา", "province": "จ.ฉะเชิงเทรา", "region_id": "2", "region_name": "ภาคตะวันออก", "station": "อบต.บางขวัญ", "latitude": 13.74984, "longitude": 101.07751, "sum_rainfall_mm": 220.20000000000002, "observed_at": "2026-09-27T14:00:00+07:00", "warning_group": "areas"}, "geometry": null}, {"type": "Feature", "id": "areas-200204", "properties": {"geocode": "200204", "tambon": "ต.หนองซ้ำซาก", "amphoe": "อ.บ้านบึง", "province": "จ.ชลบุรี", "region_id": "2", "region_name": "ภาคตะวันออก", "station": "หน่วยพิทักษ์ป่าอ่างช้างน้ำ", "latitude": 13.2743, "longitude": 101.082, "sum_rainfall_mm": 214.0, "observed_at": "2026-09-27T14:00:00+07:00", "warning_group": "areas"}, "geometry": null}, {"type": "Feature", "id": "areas-200707", "properties": {"geocode": "200707", "tambon": "ต.บางพระ", "amphoe": "อ.ศรีราชา", "province": "จ.ชลบุรี", "region_id": "2", "region_name": "ภาคตะวันออก", "station": "ที่ทำการเขตรักษาพันธุ์สัตว์ป่าเขาเขียว-เขาชมภู่", "latitude": 13.240835, "longitude": 101.04208, "sum_rainfall_mm": 241.0, "observed_at": "2026-09-27T14:00:00+07:00", "warning_group": "areas"}, "geometry": null}, {"type": "Feature", "id": "areas-230701", "properties": {"geocode": "230701", "tambon": "ต.เกาะช้าง", "amphoe": "อ.เกาะช้าง", "province": "จ.ตราด", "region_id": "2", "region_name": "ภาคตะวันออก", "station": "ที่ทำการอุทยานแห่งชาติเกาะช้าง", "latitude": 12.12542, "longitude": 102.26843, "sum_rainfall_mm": 269.8, "observed_at": "2026-09-27T14:00:00+07:00", "warning_group": "areas"}, "geometry": null}, {"type": "Feature", "id": "areas-230306", "properties": {"geocode": "230306", "tambon": "ต.ประณีต", "amphoe": "อ.เขาสมิง", "province": "จ.ตราด", "region_id": "2", "region_name": "ภาคตะวันออก", "station": "คลองประณีต บ.ตลุง", "latitude": 12.511324, "longitude": 102.37168, "sum_rainfall_mm": 183.6, "observed_at": "2026-09-27T14:00:00+07:00", "warning_group": "areas"}, "geometry": null}, {"type": "Feature", "id": "areas-230303", "properties": {"geocode": "230303", "tambon": "ต.วังตะเคียน", "amphoe": "อ.เขาสมิง", "province": "จ.ตราด", "region_id": "2", "region_name": "ภาคตะวันออก", "station": "คลองโสน", "latitude": 12.513374, "longitude": 102.50484, "sum_rainfall_mm": 159.8, "observed_at": "2026-09-27T14:00:00+07:00", "warning_group": "areas"}, "geometry": null}, {"type": "Feature", "id": "areas-230305", "properties": {"geocode": "230305", "tambon": "ต.สะตอ", "amphoe": "อ.เขาสมิง", "province": "จ.ตราด", "region_id": "2", "region_name": "ภาคตะวันออก", "station": "อบต.สะตอ", "latitude": 12.53639, "longitude": 102.44429, "sum_rainfall_mm": 163.79999999999998, "observed_at": "2026-09-27T14:00:00+07:00", "warning_group": "areas"}, "geometry": null}, {"type": "Feature", "id": "areas-230202", "properties": {"geocode": "230202", "tambon": "ต.ไม้รูด", "amphoe": "อ.คลองใหญ่", "province": "จ.ตราด", "region_id": "2", "region_name": "ภาคตะวันออก", "station": "อบต.ไม้รูด", "latitude": 11.92743, "longitude": 102.77907, "sum_rainfall_mm": 177.20000000000002, "observed_at": "2026-09-27T14:00:00+07:00", "warning_group": "areas"}, "geometry": null}, {"type": "Feature", "id": "areas-230405", "properties": {"geocode": "230405", "tambon": "ต.นนทรีย์", "amphoe": "อ.บ่อไร่", "province": "จ.ตราด", "region_id": "2", "region_name": "ภาคตะวันออก", "station": "วัดทุ่งตอง", "latitude": 12.515793, "longitude": 102.59027, "sum_rainfall_mm": 167.0, "observed_at": "2026-09-27T14:00:00+07:00", "warning_group": "areas"}, "geometry": null}, {"type": "Feature", "id": "areas-230404", "properties": {"geocode": "230404", "tambon": "ต.หนองบอน", "amphoe": "อ.บ่อไร่", "province": "จ.ตราด", "region_id": "2", "region_name": "ภาคตะวันออก", "station": "ทต.หนองบอน", "latitude": 12.67735, "longitude": 102.45936, "sum_rainfall_mm": 192.4, "observed_at": "2026-09-27T14:00:00+07:00", "warning_group": "areas"}, "geometry": null}, {"type": "Feature", "id": "areas-230503", "properties": {"geocode": "230503", "tambon": "ต.บางปิด", "amphoe": "อ.แหลมงอบ", "province": "จ.ตราด", "region_id": "2", "region_name": "ภาคตะวันออก", "station": "อบต.บางปิด", "latitude": 12.21718, "longitude": 102.30766, "sum_rainfall_mm": 168.40000000000003, "observed_at": "2026-09-27T14:00:00+07:00", "warning_group": "areas"}, "geometry": null}, {"type": "Feature", "id": "areas-250212", "properties": {"geocode": "250212", "tambon": "ต.นาแขม", "amphoe": "อ.กบินทร์บุรี", "province": "จ.ปราจีนบุรี", "region_id": "2", "region_name": "ภาคตะวันออก", "station": "อบต.นาแขม", "latitude": 14.04255, "longitude": 101.72051, "sum_rainfall_mm": 194.79999999999998, "observed_at": "2026-09-27T14:00:00+07:00", "warning_group": "areas"}, "geometry": null}, {"type": "Feature", "id": "areas-250306", "properties": {"geocode": "250306", "tambon": "ต.บุพราหมณ์", "amphoe": "อ.นาดี", "province": "จ.ปราจีนบุรี", "region_id": "2", "region_name": "ภาคตะวันออก", "station": "หน่วยจัดการต้นน้ำและพัฒนาชุมชนในพื้นที่ป่าอนุรักษ์คลองยาง", "latitude": 14.324904, "longitude": 101.84176, "sum_rainfall_mm": 171.20000000000002, "observed_at": "2026-09-27T14:00:00+07:00", "warning_group": "areas"}, "geometry": null}, {"type": "Feature", "id": "areas-250707", "properties": {"geocode": "250707", "tambon": "ต.บุฝ้าย", "amphoe": "อ.ประจันตคาม", "province": "จ.ปราจีนบุรี", "region_id": "2", "region_name": "ภาคตะวันออก", "station": "หน่วยพิทักษ์อุทยานแห่งชาติที่ ขญ.๑๐ (ประจันตคาม)", "latitude": 14.181167, "longitude": 101.592064, "sum_rainfall_mm": 214.79999999999998, "observed_at": "2026-09-27T14:00:00+07:00", "warning_group": "areas"}, "geometry": null}, {"type": "Feature", "id": "areas-250701", "properties": {"geocode": "250701", "tambon": "ต.ประจันตคาม", "amphoe": "อ.ประจันตคาม", "province": "จ.ปราจีนบุรี", "region_id": "2", "region_name": "ภาคตะวันออก", "station": "ประจันตคาม (KGT7A)", "latitude": 14.070941, "longitude": 101.51893, "sum_rainfall_mm": 173.2, "observed_at": "2026-09-27T13:00:00+07:00", "warning_group": "areas"}, "geometry": null}, {"type": "Feature", "id": "areas-250709", "properties": {"geocode": "250709", "tambon": "ต.โพธิ์งาม", "amphoe": "อ.ประจันตคาม", "province": "จ.ปราจีนบุรี", "region_id": "2", "region_name": "ภาคตะวันออก", "station": "ประจันตคาม", "latitude": 14.069966, "longitude": 101.518579, "sum_rainfall_mm": 213.0, "observed_at": "2026-09-27T14:00:00+07:00", "warning_group": "areas"}, "geometry": null}, {"type": "Feature", "id": "areas-250112", "properties": {"geocode": "250112", "tambon": "ต.เนินหอม", "amphoe": "อ.เมืองปราจีนบุรี", "province": "จ.ปราจีนบุรี", "region_id": "2", "region_name": "ภาคตะวันออก", "station": "วัดห้วยเกษียร", "latitude": 14.181127, "longitude": 101.413635, "sum_rainfall_mm": 243.0, "observed_at": "2026-09-27T14:00:00+07:00", "warning_group": "areas"}, "geometry": null}, {"type": "Feature", "id": "areas-250106", "properties": {"geocode": "250106", "tambon": "ต.บางบริบูรณ์", "amphoe": "อ.เมืองปราจีนบุรี", "province": "จ.ปราจีนบุรี", "region_id": "2", "region_name": "ภาคตะวันออก", "station": "วัดสง่างาม", "latitude": 14.031635, "longitude": 101.42646, "sum_rainfall_mm": 191.5, "observed_at": "2026-09-27T14:00:00+07:00", "warning_group": "areas"}, "geometry": null}, {"type": "Feature", "id": "areas-250801", "properties": {"geocode": "250801", "tambon": "ต.ศรีมหาโพธิ์", "amphoe": "อ.ศรีมหาโพธิ", "province": "จ.ปราจีนบุรี", "region_id": "2", "region_name": "ภาคตะวันออก", "station": "ศรีมหาโพธิ์", "latitude": 13.973075, "longitude": 101.512525, "sum_rainfall_mm": 165.0, "observed_at": "2026-09-27T14:00:00+07:00", "warning_group": "areas"}, "geometry": null}, {"type": "Feature", "id": "areas-210308", "properties": {"geocode": "210308", "tambon": "ต.บ้านนา", "amphoe": "อ.แกลง", "province": "จ.ระยอง", "region_id": "2", "region_name": "ภาคตะวันออก", "station": "เมืองแกลง", "latitude": 12.802991, "longitude": 101.65024, "sum_rainfall_mm": 152.4, "observed_at": "2026-09-27T14:00:00+07:00", "warning_group": "areas"}, "geometry": null}, {"type": "Feature", "id": "areas-210701", "properties": {"geocode": "210701", "tambon": "ต.น้ำเป็น", "amphoe": "อ.เขาชะเมา", "province": "จ.ระยอง", "region_id": "2", "region_name": "ภาคตะวันออก", "station": "ที่ทำการอุทยานแห่งชาติเขาชะเมา-เขาวง", "latitude": 12.912333, "longitude": 101.72454, "sum_rainfall_mm": 231.0, "observed_at": "2026-09-27T14:00:00+07:00", "warning_group": "areas"}, "geometry": null}, {"type": "Feature", "id": "areas-210702", "properties": {"geocode": "210702", "tambon": "ต.ห้วยทับมอญ", "amphoe": "อ.เขาชะเมา", "province": "จ.ระยอง", "region_id": "2", "region_name": "ภาคตะวันออก", "station": "โรงเรียนบ้านสีระมัน", "latitude": 13.038727, "longitude": 101.66171, "sum_rainfall_mm": 170.39999999999998, "observed_at": "2026-09-27T14:00:00+07:00", "warning_group": "areas"}, "geometry": null}, {"type": "Feature", "id": "areas-210504", "properties": {"geocode": "210504", "tambon": "ต.ตาขัน", "amphoe": "อ.บ้านค่าย", "province": "จ.ระยอง", "region_id": "2", "region_name": "ภาคตะวันออก", "station": "บ้านค่าย", "latitude": 12.706804, "longitude": 101.30041, "sum_rainfall_mm": 155.60000000000002, "observed_at": "2026-09-27T14:00:00+07:00", "warning_group": "areas"}, "geometry": null}, {"type": "Feature", "id": "areas-210107", "properties": {"geocode": "210107", "tambon": "ต.บ้านแลง", "amphoe": "อ.เมืองระยอง", "province": "จ.ระยอง", "region_id": "2", "region_name": "ภาคตะวันออก", "station": "สถานีวิจัยต้นน้ำชายฝั่งทะเลตะวันออก", "latitude": 12.697516, "longitude": 101.404884, "sum_rainfall_mm": 267.6, "observed_at": "2026-09-27T14:00:00+07:00", "warning_group": "areas"}, "geometry": null}, {"type": "Feature", "id": "areas-302501", "properties": {"geocode": "302501", "tambon": "ต.วังน้ำเขียว", "amphoe": "อ.วังน้ำเขียว", "province": "จ.นครราชสีมา", "region_id": "3", "region_name": "ภาคตะวันออกเฉียงเหนือ", "station": "อบต.วังน้ำเขียว", "latitude": 14.37476, "longitude": 101.86537, "sum_rainfall_mm": 143.2, "observed_at": "2026-09-27T14:00:00+07:00", "warning_group": "areas"}, "geometry": null}, {"type": "Feature", "id": "areas-711102", "properties": {"geocode": "711102", "tambon": "ต.กลอนโด", "amphoe": "อ.ด่านมะขามเตี้ย", "province": "จ.กาญจนบุรี", "region_id": "5", "region_name": "ภาคตะวันตก", "station": "วัดยางเกาะ", "latitude": 13.901244, "longitude": 99.462219, "sum_rainfall_mm": 101.0, "observed_at": "2026-09-27T14:00:00+07:00", "warning_group": "areas"}, "geometry": null}, {"type": "Feature", "id": "areas-710705", "properties": {"geocode": "710705", "tambon": "ต.ชะแล", "amphoe": "อ.ทองผาภูมิ", "province": "จ.กาญจนบุรี", "region_id": "5", "region_name": "ภาคตะวันตก", "station": "หน่วยจัดการต้นน้ำและพัฒนาชุมชนในพื้นที่ป่าอนุรักษ์คลองงู", "latitude": 14.849774, "longitude": 98.824, "sum_rainfall_mm": 107.39999999999999, "observed_at": "2026-09-27T14:00:00+07:00", "warning_group": "areas"}, "geometry": null}, {"type": "Feature", "id": "areas-710701", "properties": {"geocode": "710701", "tambon": "ต.ท่าขนุน", "amphoe": "อ.ทองผาภูมิ", "province": "จ.กาญจนบุรี", "region_id": "5", "region_name": "ภาคตะวันตก", "station": "วัดท่าขนุน", "latitude": 14.742605, "longitude": 98.635243, "sum_rainfall_mm": 172.5, "observed_at": "2026-09-27T14:00:00+07:00", "warning_group": "areas"}, "geometry": null}, {"type": "Feature", "id": "areas-710702", "properties": {"geocode": "710702", "tambon": "ต.ปีล็อก", "amphoe": "อ.ทองผาภูมิ", "province": "จ.กาญจนบุรี", "region_id": "5", "region_name": "ภาคตะวันตก", "station": "หน่วยจัดการต้นน้ำและพัฒนาชุมชนในพื้นที่ป่าอนุรักษ์ปิล๊อก", "latitude": 14.6659, "longitude": 98.3811, "sum_rainfall_mm": 143.00000000000003, "observed_at": "2026-09-27T14:00:00+07:00", "warning_group": "areas"}, "geometry": null}, {"type": "Feature", "id": "areas-710704", "properties": {"geocode": "710704", "tambon": "ต.ลิ่นถิ่น", "amphoe": "อ.ทองผาภูมิ", "province": "จ.กาญจนบุรี", "region_id": "5", "region_name": "ภาคตะวันตก", "station": "วัดลิ่นถิ่น", "latitude": 14.5613, "longitude": 98.7925, "sum_rainfall_mm": 209.0, "observed_at": "2026-09-27T14:00:00+07:00", "warning_group": "areas"}, "geometry": null}, {"type": "Feature", "id": "areas-710707", "properties": {"geocode": "710707", "tambon": "ต.สหกรณ์นิคม", "amphoe": "อ.ทองผาภูมิ", "province": "จ.กาญจนบุรี", "region_id": "5", "region_name": "ภาคตะวันตก", "station": "หน่วยพิทักษ์อุทยานแห่งชาติที่ ศร.11 (เนินสวรรค์)", "latitude": 14.74058, "longitude": 98.81722, "sum_rainfall_mm": 132.2, "observed_at": "2026-09-27T14:00:00+07:00", "warning_group": "areas"}, "geometry": null}, {"type": "Feature", "id": "areas-710703", "properties": {"geocode": "710703", "tambon": "ต.หินดาด", "amphoe": "อ.ทองผาภูมิ", "province": "จ.กาญจนบุรี", "region_id": "5", "region_name": "ภาคตะวันตก", "station": "บ้านหินดาด", "latitude": 14.59539, "longitude": 98.72946, "sum_rainfall_mm": 194.0, "observed_at": "2026-09-27T13:00:00+07:00", "warning_group": "areas"}, "geometry": null}, {"type": "Feature", "id": "areas-710503", "properties": {"geocode": "710503", "tambon": "ต.ดอนชะเอม", "amphoe": "อ.ท่ามะกา", "province": "จ.กาญจนบุรี", "region_id": "5", "region_name": "ภาคตะวันตก", "station": "อบต.ดอนชะเอม", "latitude": 13.96196, "longitude": 99.80394, "sum_rainfall_mm": 110.19999999999999, "observed_at": "2026-09-27T14:00:00+07:00", "warning_group": "areas"}, "geometry": null}, {"type": "Feature", "id": "areas-710202", "properties": {"geocode": "710202", "tambon": "ต.ท่าเสา", "amphoe": "อ.ไทรโยค", "province": "จ.กาญจนบุรี", "region_id": "5", "region_name": "ภาคตะวันตก", "station": "บ้านพุพง", "latitude": 14.219713, "longitude": 99.099697, "sum_rainfall_mm": 143.5, "observed_at": "2026-09-27T13:00:00+07:00", "warning_group": "areas"}, "geometry": null}, {"type": "Feature", "id": "areas-710204", "properties": {"geocode": "710204", "tambon": "ต.ไทรโยค", "amphoe": "อ.ไทรโยค", "province": "จ.กาญจนบุรี", "region_id": "5", "region_name": "ภาคตะวันตก", "station": "ที่ทำการอุทยานแห่งชาติไทรโยค", "latitude": 14.4545, "longitude": 98.84806, "sum_rainfall_mm": 264.6, "observed_at": "2026-09-27T14:00:00+07:00", "warning_group": "areas"}, "geometry": null}, {"type": "Feature", "id": "areas-710201", "properties": {"geocode": "710201", "tambon": "ต.ลุ่มสุ่ม", "amphoe": "อ.ไทรโยค", "province": "จ.กาญจนบุรี", "region_id": "5", "region_name": "ภาคตะวันตก", "station": "บ้านลุ่มสุ่ม (K.10)", "latitude": 14.09336, "longitude": 99.17583, "sum_rainfall_mm": 174.0, "observed_at": "2026-09-27T13:00:00+07:00", "warning_group": "areas"}, "geometry": null}, {"type": "Feature", "id": "areas-710205", "properties": {"geocode": "710205", "tambon": "ต.วังกระแจะ", "amphoe": "อ.ไทรโยค", "province": "จ.กาญจนบุรี", "region_id": "5", "region_name": "ภาคตะวันตก", "station": "หน่วยพิทักษ์อุทยานแห่งชาติที่ ทย.6 (เขาพลู)", "latitude": 14.266877, "longitude": 98.77193, "sum_rainfall_mm": 193.6, "observed_at": "2026-09-27T14:00:00+07:00", "warning_group": "areas"}, "geometry": null}, {"type": "Feature", "id": "areas-710206", "properties": {"geocode": "710206", "tambon": "ต.ศรีมงคล", "amphoe": "อ.ไทรโยค", "province": "จ.กาญจนบุรี", "region_id": "5", "region_name": "ภาคตะวันตก", "station": "บ้านวังน้ำเขียว", "latitude": 14.035485, "longitude": 99.1185, "sum_rainfall_mm": 129.0, "observed_at": "2026-09-27T13:00:00+07:00", "warning_group": "areas"}, "geometry": null}, {"type": "Feature", "id": "areas-710303", "properties": {"geocode": "710303", "tambon": "ต.หนองรี", "amphoe": "อ.บ่อพลอย", "province": "จ.กาญจนบุรี", "region_id": "5", "region_name": "ภาคตะวันตก", "station": "ห้วยลำอีซู", "latitude": 14.542453, "longitude": 99.378211, "sum_rainfall_mm": 190.0, "observed_at": "2026-09-27T14:00:00+07:00", "warning_group": "areas"}, "geometry": null}, {"type": "Feature", "id": "areas-710305", "properties": {"geocode": "710305", "tambon": "ต.หลุมรัง", "amphoe": "อ.บ่อพลอย", "province": "จ.กาญจนบุรี", "region_id": "5", "region_name": "ภาคตะวันตก", "station": "ฝายทดน้ำลำเหย", "latitude": 14.4678, "longitude": 99.4973, "sum_rainfall_mm": 191.0, "observed_at": "2026-09-27T14:00:00+07:00", "warning_group": "areas"}, "geometry": null}, {"type": "Feature", "id": "areas-710109", "properties": {"geocode": "710109", "tambon": "ต.ช่องสะเดา", "amphoe": "อ.เมืองกาญจนบุรี", "province": "จ.กาญจนบุรี", "region_id": "5", "region_name": "ภาคตะวันตก", "station": "บ้านทับศิลา", "latitude": 14.233617, "longitude": 99.155551, "sum_rainfall_mm": 133.0, "observed_at": "2026-09-27T13:00:00+07:00", "warning_group": "areas"}, "geometry": null}, {"type": "Feature", "id": "areas-710108", "properties": {"geocode": "710108", "tambon": "ต.วังด้ง", "amphoe": "อ.เมืองกาญจนบุรี", "province": "จ.กาญจนบุรี", "region_id": "5", "region_name": "ภาคตะวันตก", "station": "บ้านท่ามะนาว", "latitude": 14.1647, "longitude": 99.2754, "sum_rainfall_mm": 176.0, "observed_at": "2026-09-27T14:00:00+07:00", "warning_group": "areas"}, "geometry": null}, {"type": "Feature", "id": "areas-710106", "properties": {"geocode": "710106", "tambon": "ต.หนองบัว", "amphoe": "อ.เมืองกาญจนบุรี", "province": "จ.กาญจนบุรี", "region_id": "5", "region_name": "ภาคตะวันตก", "station": "บ้านหนองบัว (K.35A)", "latitude": 14.06024, "longitude": 99.44414, "sum_rainfall_mm": 101.0, "observed_at": "2026-09-27T13:00:00+07:00", "warning_group": "areas"}, "geometry": null}, {"type": "Feature", "id": "areas-711006", "properties": {"geocode": "711006", "tambon": "ต.ทุ่งกระบ่ำ", "amphoe": "อ.เลาขวัญ", "province": "จ.กาญจนบุรี", "region_id": "5", "region_name": "ภาคตะวันตก", "station": "อบต.ทุ่งกระบ่ำ", "latitude": 14.58876, "longitude": 99.63505, "sum_rainfall_mm": 148.0, "observed_at": "2026-09-27T14:00:00+07:00", "warning_group": "areas"}, "geometry": null}, {"type": "Feature", "id": "areas-710405", "properties": {"geocode": "710405", "tambon": "ต.เขาโจด", "amphoe": "อ.ศรีสวัสดิ์", "province": "จ.กาญจนบุรี", "region_id": "5", "region_name": "ภาคตะวันตก", "station": "วัดปากลำขาแข้ง", "latitude": 14.92634, "longitude": 99.12273, "sum_rainfall_mm": 121.0, "observed_at": "2026-09-27T13:00:00+07:00", "warning_group": "areas"}, "geometry": null}, {"type": "Feature", "id": "areas-710402", "properties": {"geocode": "710402", "tambon": "ต.ด่านแม่แฉลบ", "amphoe": "อ.ศรีสวัสดิ์", "province": "จ.กาญจนบุรี", "region_id": "5", "region_name": "ภาคตะวันตก", "station": "ที่ทำการอุทยานแห่งชาติเขื่อนศรีนครินทร์", "latitude": 14.6359, "longitude": 98.9916, "sum_rainfall_mm": 209.8, "observed_at": "2026-09-27T14:00:00+07:00", "warning_group": "areas"}, "geometry": null}, {"type": "Feature", "id": "areas-710404", "properties": {"geocode": "710404", "tambon": "ต.ท่ากระดาน", "amphoe": "อ.ศรีสวัสดิ์", "province": "จ.กาญจนบุรี", "region_id": "5", "region_name": "ภาคตะวันตก", "station": "สำนักงานประปา  อบต.ท่ากระดาน สาขาแก่งแคบ", "latitude": 14.365097, "longitude": 99.154023, "sum_rainfall_mm": 310.0, "observed_at": "2026-09-27T14:00:00+07:00", "warning_group": "areas"}, "geometry": null}, {"type": "Feature", "id": "areas-710401", "properties": {"geocode": "710401", "tambon": "ต.นาสวน", "amphoe": "อ.ศรีสวัสดิ์", "province": "จ.กาญจนบุรี", "region_id": "5", "region_name": "ภาคตะวันตก", "station": "วัดวังผาแดง", "latitude": 14.72684, "longitude": 99.06556, "sum_rainfall_mm": 129.0, "observed_at": "2026-09-27T13:00:00+07:00", "warning_group": "areas"}, "geometry": null}, {"type": "Feature", "id": "areas-711201", "properties": {"geocode": "711201", "tambon": "ต.หนองปรือ", "amphoe": "อ.หนองปรือ", "province": "จ.กาญจนบุรี", "region_id": "5", "region_name": "ภาคตะวันตก", "station": "วัดหนองไม้เอื้อย", "latitude": 14.547573, "longitude": 99.462599, "sum_rainfall_mm": 119.0, "observed_at": "2026-09-27T14:00:00+07:00", "warning_group": "areas"}, "geometry": null}, {"type": "Feature", "id": "areas-630111", "properties": {"geocode": "630111", "tambon": "ต.แม่ท้อ", "amphoe": "อ.เมืองตาก", "province": "จ.ตาก", "region_id": "5", "region_name": "ภาคตะวันตก", "station": "ที่ทำการอุทยานแห่งชาติตากสินมหาราช", "latitude": 16.775963, "longitude": 98.92825, "sum_rainfall_mm": 112.39999999999999, "observed_at": "2026-09-27T14:00:00+07:00", "warning_group": "areas"}, "geometry": null}, {"type": "Feature", "id": "areas-630609", "properties": {"geocode": "630609", "tambon": "ต.ด่านแม่ละเมา", "amphoe": "อ.แม่สอด", "province": "จ.ตาก", "region_id": "5", "region_name": "ภาคตะวันตก", "station": "พิพิธภัณฑ์ธรรมชาติบ้านห้วยปลาหลด", "latitude": 16.783789, "longitude": 98.89485, "sum_rainfall_mm": 101.0, "observed_at": "2026-09-27T14:00:00+07:00", "warning_group": "areas"}, "geometry": null}, {"type": "Feature", "id": "areas-770406", "properties": {"geocode": "770406", "tambon": "ต.ทองมงคล", "amphoe": "อ.บางสะพาน", "province": "จ.ประจวบคีรีขันธ์", "region_id": "5", "region_name": "ภาคตะวันตก", "station": "ศาลากลางหมู่บ้านในล๊อค", "latitude": 11.18113, "longitude": 99.35563, "sum_rainfall_mm": 115.60000000000001, "observed_at": "2026-09-27T14:00:00+07:00", "warning_group": "areas"}, "geometry": null}, {"type": "Feature", "id": "areas-770102", "properties": {"geocode": "770102", "tambon": "ต.เกาะหลัก", "amphoe": "อ.เมืองประจวบคีรีขันธ์", "province": "จ.ประจวบคีรีขันธ์", "region_id": "5", "region_name": "ภาคตะวันตก", "station": "อบต.เกาะหลัก", "latitude": 11.80297, "longitude": 99.75459, "sum_rainfall_mm": 110.0, "observed_at": "2026-09-27T14:00:00+07:00", "warning_group": "areas"}, "geometry": null}, {"type": "Feature", "id": "areas-850406", "properties": {"geocode": "850406", "tambon": "ต.จ.ป.ร.", "amphoe": "อ.กระบุรี", "province": "จ.ระนอง", "region_id": "6", "region_name": "ภาคใต้", "station": "เขตรักษาพันธุ์สัตว์ป่า อุทยาน เสด็จในกรม กรมหลวงชุมพร ด้านทิศใต้", "latitude": 10.513319, "longitude": 98.911064, "sum_rainfall_mm": 167.8, "observed_at": "2026-09-27T14:00:00+07:00", "warning_group": "areas"}, "geometry": null}, {"type": "Feature", "id": "areas-850302", "properties": {"geocode": "850302", "tambon": "ต.กะเปอร์", "amphoe": "อ.กะเปอร์", "province": "จ.ระนอง", "region_id": "6", "region_name": "ภาคใต้", "station": "สะพานข้ามคลองกะเปอร์", "latitude": 9.590022, "longitude": 98.63291, "sum_rainfall_mm": 169.2, "observed_at": "2026-09-27T14:00:00+07:00", "warning_group": "areas"}, "geometry": null}, {"type": "Feature", "id": "areas-103001", "properties": {"geocode": "103001", "tambon": "ต.ลาดยาว", "amphoe": "อ.จตุจักร", "province": "จ.กรุงเทพมหานคร", "region_id": "7", "region_name": "กรุงเทพมหานครและปริมณฑล", "station": "อาคารเลขที่ ๙๐๑", "latitude": 13.85604, "longitude": 100.57558, "sum_rainfall_mm": 170.0, "observed_at": "2026-09-27T14:00:00+07:00", "warning_group": "areas"}, "geometry": null}, {"type": "Feature", "id": "areas-100203", "properties": {"geocode": "100203", "tambon": "ต.สวนจิตรลดา", "amphoe": "อ.ดุสิต", "province": "จ.กรุงเทพมหานคร", "region_id": "7", "region_name": "กรุงเทพมหานครและปริมณฑล", "station": "อุทยานเฉลิมพระเกียรติพระบาทสมเด็จพระบรมชนกาธิเบศร มหาภูมิพลอดุลยเดชมหาราช บรมนาถบพิตร", "latitude": 13.76138, "longitude": 100.52066, "sum_rainfall_mm": 154.2, "observed_at": "2026-09-27T14:00:00+07:00", "warning_group": "areas"}, "geometry": null}, {"type": "Feature", "id": "areas-101902", "properties": {"geocode": "101902", "tambon": "ต.ตลิ่งชัน", "amphoe": "อ.ตลิ่งชัน", "province": "จ.กรุงเทพมหานคร", "region_id": "7", "region_name": "กรุงเทพมหานครและปริมณฑล", "station": "คลองมหาสวัสดิ บางกรวย-สวนผัก", "latitude": 13.79965, "longitude": 100.43863, "sum_rainfall_mm": 106.4, "observed_at": "2026-09-27T14:00:00+07:00", "warning_group": "areas"}, "geometry": null}, {"type": "Feature", "id": "areas-100608", "properties": {"geocode": "100608", "tambon": "ต.หัวหมาก", "amphoe": "อ.บางกะปิ", "province": "จ.กรุงเทพมหานคร", "region_id": "7", "region_name": "กรุงเทพมหานครและปริมณฑล", "station": "คลองแสนแสบ บางกะปิ", "latitude": 13.76131, "longitude": 100.61601, "sum_rainfall_mm": 192.0, "observed_at": "2026-09-27T14:00:00+07:00", "warning_group": "areas"}, "geometry": null}, {"type": "Feature", "id": "areas-100502", "properties": {"geocode": "100502", "tambon": "ต.อนุสาวรีย์", "amphoe": "อ.บางเขน", "province": "จ.กรุงเทพมหานคร", "region_id": "7", "region_name": "กรุงเทพมหานครและปริมณฑล", "station": "คลองลาดพร้าว วัดบางบัว", "latitude": 13.85402, "longitude": 100.58746, "sum_rainfall_mm": 182.00000000000003, "observed_at": "2026-09-27T14:00:00+07:00", "warning_group": "areas"}, "geometry": null}, {"type": "Feature", "id": "areas-104004", "properties": {"geocode": "104004", "tambon": "ต.หลักสอง", "amphoe": "อ.บางแค", "province": "จ.กรุงเทพมหานคร", "region_id": "7", "region_name": "กรุงเทพมหานครและปริมณฑล", "station": "คลองภาษีเจริญ เพชรเกษม69", "latitude": 13.69158, "longitude": 100.38127, "sum_rainfall_mm": 121.19999999999999, "observed_at": "2026-09-27T14:00:00+07:00", "warning_group": "areas"}, "geometry": null}, {"type": "Feature", "id": "areas-101101", "properties": {"geocode": "101101", "tambon": "ต.ลาดกระบัง", "amphoe": "อ.ลาดกระบัง", "province": "จ.กรุงเทพมหานคร", "region_id": "7", "region_name": "กรุงเทพมหานครและปริมณฑล", "station": "คลองลำปลาทิว ลาดกระบัง", "latitude": 13.7407, "longitude": 100.79468, "sum_rainfall_mm": 189.8, "observed_at": "2026-09-27T14:00:00+07:00", "warning_group": "areas"}, "geometry": null}, {"type": "Feature", "id": "areas-103801", "properties": {"geocode": "103801", "tambon": "ต.ลาดพร้าว", "amphoe": "อ.ลาดพร้าว", "province": "จ.กรุงเทพมหานคร", "region_id": "7", "region_name": "กรุงเทพมหานครและปริมณฑล", "station": "คลองลาดพร้าว ปากคลอง2สายใต้", "latitude": 13.93183, "longitude": 100.63952, "sum_rainfall_mm": 183.60000000000002, "observed_at": "2026-09-27T14:00:00+07:00", "warning_group": "areas"}, "geometry": null}, {"type": "Feature", "id": "areas-730212", "properties": {"geocode": "730212", "tambon": "ต.กำแพงแสน", "amphoe": "อ.กำแพงแสน", "province": "จ.นครปฐม", "region_id": "7", "region_name": "กรุงเทพมหานครและปริมณฑล", "station": "อบต.กำแพงแสน", "latitude": 14.00326, "longitude": 99.98091, "sum_rainfall_mm": 113.0, "observed_at": "2026-09-27T14:00:00+07:00", "warning_group": "areas"}, "geometry": null}, {"type": "Feature", "id": "areas-730324", "properties": {"geocode": "730324", "tambon": "ต.ไทยาวาส", "amphoe": "อ.นครชัยศรี", "province": "จ.นครปฐม", "region_id": "7", "region_name": "กรุงเทพมหานครและปริมณฑล", "station": "สะพานนครชัยศรี", "latitude": 13.79217, "longitude": 100.19817, "sum_rainfall_mm": 178.0, "observed_at": "2026-09-27T14:00:00+07:00", "warning_group": "areas"}, "geometry": null}, {"type": "Feature", "id": "areas-730301", "properties": {"geocode": "730301", "tambon": "ต.นครชัยศรี", "amphoe": "อ.นครชัยศรี", "province": "จ.นครปฐม", "region_id": "7", "region_name": "กรุงเทพมหานครและปริมณฑล", "station": "อบต.นครชัยศรี", "latitude": 13.79036, "longitude": 100.19051, "sum_rainfall_mm": 179.8, "observed_at": "2026-09-27T14:00:00+07:00", "warning_group": "areas"}, "geometry": null}, {"type": "Feature", "id": "areas-730501", "properties": {"geocode": "730501", "tambon": "ต.บางเลน", "amphoe": "อ.บางเลน", "province": "จ.นครปฐม", "region_id": "7", "region_name": "กรุงเทพมหานครและปริมณฑล", "station": "บางเลน", "latitude": 14.01636, "longitude": 100.17979, "sum_rainfall_mm": 101.2, "observed_at": "2026-09-27T14:00:00+07:00", "warning_group": "areas"}, "geometry": null}, {"type": "Feature", "id": "areas-730703", "properties": {"geocode": "730703", "tambon": "ต.มหาสวัสดิ์", "amphoe": "อ.พุทธมณฑล", "province": "จ.นครปฐม", "region_id": "7", "region_name": "กรุงเทพมหานครและปริมณฑล", "station": "ศาลาดิน", "latitude": 13.80777, "longitude": 100.27417, "sum_rainfall_mm": 101.4, "observed_at": "2026-09-27T14:00:00+07:00", "warning_group": "areas"}, "geometry": null}, {"type": "Feature", "id": "areas-120501", "properties": {"geocode": "120501", "tambon": "ต.ไทรน้อย", "amphoe": "อ.ไทรน้อย", "province": "จ.นนทบุรี", "region_id": "7", "region_name": "กรุงเทพมหานครและปริมณฑล", "station": "คลองพระพิมล (ไทรน้อย)", "latitude": 13.97396, "longitude": 100.31901, "sum_rainfall_mm": 111.39999999999999, "observed_at": "2026-09-27T14:00:00+07:00", "warning_group": "areas"}, "geometry": null}, {"type": "Feature", "id": "areas-120603", "properties": {"geocode": "120603", "tambon": "ต.บ้านใหม่", "amphoe": "อ.ปากเกร็ด", "province": "จ.นนทบุรี", "region_id": "7", "region_name": "กรุงเทพมหานครและปริมณฑล", "station": "สะพานนวลฉวี", "latitude": 13.94749, "longitude": 100.53507, "sum_rainfall_mm": 144.20000000000002, "observed_at": "2026-09-27T14:00:00+07:00", "warning_group": "areas"}, "geometry": null}, {"type": "Feature", "id": "areas-130207", "properties": {"geocode": "130207", "tambon": "ต.คลองเจ็ด", "amphoe": "อ.คลองหลวง", "province": "จ.ปทุมธานี", "region_id": "7", "region_name": "กรุงเทพมหานครและปริมณฑล", "station": "รร.วัดอู่ข้าว", "latitude": 14.19111, "longitude": 100.75421, "sum_rainfall_mm": 166.40000000000003, "observed_at": "2026-09-27T14:00:00+07:00", "warning_group": "areas"}, "geometry": null}, {"type": "Feature", "id": "areas-130306", "properties": {"geocode": "130306", "tambon": "ต.บึงน้ำรักษ์", "amphoe": "อ.ธัญบุรี", "province": "จ.ปทุมธานี", "region_id": "7", "region_name": "กรุงเทพมหานครและปริมณฑล", "station": "เหนือปตร.พระธรรมราชา", "latitude": 14.07771, "longitude": 100.89208, "sum_rainfall_mm": 197.79999999999998, "observed_at": "2026-09-27T14:00:00+07:00", "warning_group": "areas"}, "geometry": null}, {"type": "Feature", "id": "areas-130301", "properties": {"geocode": "130301", "tambon": "ต.ประชาธิปัตย์", "amphoe": "อ.ธัญบุรี", "province": "จ.ปทุมธานี", "region_id": "7", "region_name": "กรุงเทพมหานครและปริมณฑล", "station": "ปตร.จุฬาลงกรณ์", "latitude": 13.98135, "longitude": 100.6057, "sum_rainfall_mm": 142.60000000000002, "observed_at": "2026-09-27T14:00:00+07:00", "warning_group": "areas"}, "geometry": null}, {"type": "Feature", "id": "areas-130114", "properties": {"geocode": "130114", "tambon": "ต.หลักหก", "amphoe": "อ.เมืองปทุมธานี", "province": "จ.ปทุมธานี", "region_id": "7", "region_name": "กรุงเทพมหานครและปริมณฑล", "station": "คลองเปรมประชากร หลักหก", "latitude": 13.96562, "longitude": 100.60262, "sum_rainfall_mm": 132.0, "observed_at": "2026-09-27T14:00:00+07:00", "warning_group": "areas"}, "geometry": null}, {"type": "Feature", "id": "areas-130604", "properties": {"geocode": "130604", "tambon": "ต.ลำลูกกา", "amphoe": "อ.ลำลูกกา", "province": "จ.ปทุมธานี", "region_id": "7", "region_name": "กรุงเทพมหานครและปริมณฑล", "station": "คลองหกวา ลำลูกกา คลอง8", "latitude": 13.9416, "longitude": 100.77499, "sum_rainfall_mm": 161.8, "observed_at": "2026-09-27T14:00:00+07:00", "warning_group": "areas"}, "geometry": null}, {"type": "Feature", "id": "areas-130407", "properties": {"geocode": "130407", "tambon": "ต.นพรัตน์", "amphoe": "อ.หนองเสือ", "province": "จ.ปทุมธานี", "region_id": "7", "region_name": "กรุงเทพมหานครและปริมณฑล", "station": "คลองระพีพัฒน์แยกใต้ หนองเสือ", "latitude": 14.2206, "longitude": 100.89168, "sum_rainfall_mm": 143.79999999999998, "observed_at": "2026-09-27T14:00:00+07:00", "warning_group": "areas"}, "geometry": null}, {"type": "Feature", "id": "areas-130404", "properties": {"geocode": "130404", "tambon": "ต.บึงชำอ้อ", "amphoe": "อ.หนองเสือ", "province": "จ.ปทุมธานี", "region_id": "7", "region_name": "กรุงเทพมหานครและปริมณฑล", "station": "บ้านน้อยสว่าง", "latitude": 14.1652, "longitude": 100.77855, "sum_rainfall_mm": 142.2, "observed_at": "2026-09-27T14:00:00+07:00", "warning_group": "areas"}, "geometry": null}, {"type": "Feature", "id": "areas-110602", "properties": {"geocode": "110602", "tambon": "ต.ศีรษะจรเข้น้อย", "amphoe": "อ.บางเสาธง", "province": "จ.สมุทรปราการ", "region_id": "7", "region_name": "กรุงเทพมหานครและปริมณฑล", "station": "อบต.ศีรษะจรเข้น้อย", "latitude": 13.67777, "longitude": 100.7945, "sum_rainfall_mm": 196.20000000000002, "observed_at": "2026-09-27T14:00:00+07:00", "warning_group": "areas"}, "geometry": null}, {"type": "Feature", "id": "areas-110603", "properties": {"geocode": "110603", "tambon": "ต.ศีรษะจรเข้ใหญ่", "amphoe": "อ.บางเสาธง", "province": "จ.สมุทรปราการ", "region_id": "7", "region_name": "กรุงเทพมหานครและปริมณฑล", "station": "คลองจระเข้ใหญ่ บางเสาธง (วัดศรีวารีน้อย)", "latitude": 13.66949, "longitude": 100.80058, "sum_rainfall_mm": 174.6, "observed_at": "2026-09-27T14:00:00+07:00", "warning_group": "areas"}, "geometry": null}, {"type": "Feature", "id": "areas-110409", "properties": {"geocode": "110409", "tambon": "ต.บางกระเจ้า", "amphoe": "อ.พระประแดง", "province": "จ.สมุทรปราการ", "region_id": "7", "region_name": "กรุงเทพมหานครและปริมณฑล", "station": "ปตร.วัดบางกระเจ้านอก", "latitude": 13.689612, "longitude": 100.554886, "sum_rainfall_mm": 106.6, "observed_at": "2026-09-27T14:00:00+07:00", "warning_group": "areas"}, "geometry": null}, {"type": "Feature", "id": "areas-110408", "properties": {"geocode": "110408", "tambon": "ต.บางยอ", "amphoe": "อ.พระประแดง", "province": "จ.สมุทรปราการ", "region_id": "7", "region_name": "กรุงเทพมหานครและปริมณฑล", "station": "ปตร. คลองลัดบางยอ 1", "latitude": 13.676162, "longitude": 100.553085, "sum_rainfall_mm": 105.60000000000002, "observed_at": "2026-09-27T14:00:00+07:00", "warning_group": "areas"}, "geometry": null}, {"type": "Feature", "id": "areas-110503", "properties": {"geocode": "110503", "tambon": "ต.แหลมฟ้าผ่า", "amphoe": "อ.พระสมุทรเจดีย์", "province": "จ.สมุทรปราการ", "region_id": "7", "region_name": "กรุงเทพมหานครและปริมณฑล", "station": "อบต.แหลมฟ้าผ่า", "latitude": 13.54701, "longitude": 100.53756, "sum_rainfall_mm": 114.80000000000001, "observed_at": "2026-09-27T14:00:00+07:00", "warning_group": "areas"}, "geometry": null}, {"type": "Feature", "id": "areas-740108", "properties": {"geocode": "740108", "tambon": "ต.ท่าจีน", "amphoe": "อ.เมืองสมุทรสาคร", "province": "จ.สมุทรสาคร", "region_id": "7", "region_name": "กรุงเทพมหานครและปริมณฑล", "station": "เมืองสมุทรสาคร", "latitude": 13.58598, "longitude": 100.23048, "sum_rainfall_mm": 123.40000000000002, "observed_at": "2026-09-27T14:00:00+07:00", "warning_group": "areas"}, "geometry": null}, {"type": "Feature", "id": "area_nearby-621101", "properties": {"geocode": "621101", "tambon": "ต.โกสัมพี", "amphoe": "อ.โกสัมพีนคร", "province": "จ.กำแพงเพชร", "region_id": "1", "region_name": "ภาคกลาง", "station": "อุทยานแห่งชาติคลองวังเจ้า", "latitude": 16.505556, "longitude": 99.169833, "sum_rainfall_mm": 107.5, "observed_at": "2026-09-27T14:00:00+07:00", "warning_group": "area_nearby"}, "geometry": null}, {"type": "Feature", "id": "area_nearby-621101", "properties": {"geocode": "621101", "tambon": "ต.โกสัมพี", "amphoe": "อ.โกสัมพีนคร", "province": "จ.กำแพงเพชร", "region_id": "1", "region_name": "ภาคกลาง", "station": "บ้านหนองบัวสามัคคี", "latitude": 16.559187, "longitude": 99.259333, "sum_rainfall_mm": 25.5, "observed_at": "2026-09-27T13:00:00+07:00", "warning_group": "area_nearby"}, "geometry": null}, {"type": "Feature", "id": "area_nearby-621101", "properties": {"geocode": "621101", "tambon": "ต.โกสัมพี", "amphoe": "อ.โกสัมพีนคร", "province": "จ.กำแพงเพชร", "region_id": "1", "region_name": "ภาคกลาง", "station": "บ้านไร่พิจิตร", "latitude": 16.510575, "longitude": 99.2561, "sum_rainfall_mm": 40.0, "observed_at": "2026-09-27T13:00:00+07:00", "warning_group": "area_nearby"}, "geometry": null}, {"type": "Feature", "id": "area_nearby-621101", "properties": {"geocode": "621101", "tambon": "ต.โกสัมพี", "amphoe": "อ.โกสัมพีนคร", "province": "จ.กำแพงเพชร", "region_id": "1", "region_name": "ภาคกลาง", "station": "หน่วยจัดการต้นน้ำและพัฒนาชุมชนในพื้นที่ป่าอนุรักษ์ขุนวังเจ้า", "latitude": 16.502794, "longitude": 99.16898, "sum_rainfall_mm": 103.79999999999998, "observed_at": "2026-09-27T14:00:00+07:00", "warning_group": "area_nearby"}, "geometry": null}, {"type": "Feature", "id": "area_nearby-621101", "properties": {"geocode": "621101", "tambon": "ต.โกสัมพี", "amphoe": "อ.โกสัมพีนคร", "province": "จ.กำแพงเพชร", "region_id": "1", "region_name": "ภาคกลาง", "station": "หน่วยพิทักษ์อุทยานแห่งชาติที่ วจ.5 (โละโคะ)", "latitude": 16.4495, "longitude": 99.1115, "sum_rainfall_mm": 150.40000000000003, "observed_at": "2026-09-27T13:00:00+07:00", "warning_group": "area_nearby"}, "geometry": null}, {"type": "Feature", "id": "area_nearby-621102", "properties": {"geocode": "621102", "tambon": "ต.เพชรชมภู", "amphoe": "อ.โกสัมพีนคร", "province": "จ.กำแพงเพชร", "region_id": "1", "region_name": "ภาคกลาง", "station": "บ้านมอเสือดุ", "latitude": 16.557149, "longitude": 99.364643, "sum_rainfall_mm": 36.0, "observed_at": "2026-09-27T13:00:00+07:00", "warning_group": "area_nearby"}, "geometry": null}, {"type": "Feature", "id": "area_nearby-620413", "properties": {"geocode": "620413", "tambon": "ต.เกาะตาล", "amphoe": "อ.ขาณุวรลักษบุรี", "province": "จ.กำแพงเพชร", "region_id": "1", "region_name": "ภาคกลาง", "station": "บ้านเกาะตาล", "latitude": 16.135833, "longitude": 99.784167, "sum_rainfall_mm": 77.0, "observed_at": "2026-09-27T14:00:00+07:00", "warning_group": "area_nearby"}, "geometry": null}, {"type": "Feature", "id": "area_nearby-620411", "properties": {"geocode": "620411", "tambon": "ต.ปางมะค่า", "amphoe": "อ.ขาณุวรลักษบุรี", "province": "จ.กำแพงเพชร", "region_id": "1", "region_name": "ภาคกลาง", "station": "สะพานแม่วงก์", "latitude": 15.90176, "longitude": 99.4704, "sum_rainfall_mm": 0.0, "observed_at": "2026-09-27T14:00:00+07:00", "warning_group": "area_nearby"}, "geometry": null}, {"type": "Feature", "id": "area_nearby-620411", "properties": {"geocode": "620411", "tambon": "ต.ปางมะค่า", "amphoe": "อ.ขาณุวรลักษบุรี", "province": "จ.กำแพงเพชร", "region_id": "1", "region_name": "ภาคกลาง", "station": "สะพานต้นน้ำ (เกาะแก้ว-ตลิ่งสูง)", "latitude": 15.91465, "longitude": 99.4194, "sum_rainfall_mm": 116.39999999999999, "observed_at": "2026-09-27T14:00:00+07:00", "warning_group": "area_nearby"}, "geometry": null}, {"type": "Feature", "id": "area_nearby-620404", "properties": {"geocode": "620404", "tambon": "ต.ป่าพุทรา", "amphoe": "อ.ขาณุวรลักษบุรี", "province": "จ.กำแพงเพชร", "region_id": "1", "region_name": "ภาคกลาง", "station": "ขาณุวรลักษบุรี", "latitude": 16.06475, "longitude": 99.8603, "sum_rainfall_mm": 70.2, "observed_at": "2026-09-27T14:00:00+07:00", "warning_group": "area_nearby"}, "geometry": null}, {"type": "Feature", "id": "area_nearby-620406", "properties": {"geocode": "620406", "tambon": "ต.สลกบาตร", "amphoe": "อ.ขาณุวรลักษบุรี", "province": "จ.กำแพงเพชร", "region_id": "1", "region_name": "ภาคกลาง", "station": "อบต.สลกบาตร", "latitude": 15.97907, "longitude": 99.82462, "sum_rainfall_mm": 96.0, "observed_at": "2026-09-27T14:00:00+07:00", "warning_group": "area_nearby"}, "geometry": null}, {"type": "Feature", "id": "area_nearby-620501", "properties": {"geocode": "620501", "tambon": "ต.คลองขลุง", "amphoe": "อ.คลองขลุง", "province": "จ.กำแพงเพชร", "region_id": "1", "region_name": "ภาคกลาง", "station": "อบต.คลองขลุง", "latitude": 16.20864, "longitude": 99.70895, "sum_rainfall_mm": 137.8, "observed_at": "2026-09-27T14:00:00+07:00", "warning_group": "area_nearby"}, "geometry": null}, {"type": "Feature", "id": "area_nearby-620504", "properties": {"geocode": "620504", "tambon": "ต.ท่าพุทรา", "amphoe": "อ.คลองขลุง", "province": "จ.กำแพงเพชร", "region_id": "1", "region_name": "ภาคกลาง", "station": "คลองวังหิน", "latitude": 16.229583, "longitude": 99.696722, "sum_rainfall_mm": 143.0, "observed_at": "2026-09-27T14:00:00+07:00", "warning_group": "area_nearby"}, "geometry": null}, {"type": "Feature", "id": "area_nearby-620509", "properties": {"geocode": "620509", "tambon": "ต.วังไทร", "amphoe": "อ.คลองขลุง", "province": "จ.กำแพงเพชร", "region_id": "1", "region_name": "ภาคกลาง", "station": "สำนักสงฆ์มอหินเพลิง", "latitude": 16.151548, "longitude": 99.527517, "sum_rainfall_mm": 116.0, "observed_at": "2026-09-27T14:00:00+07:00", "warning_group": "area_nearby"}, "geometry": null}, {"type": "Feature", "id": "area_nearby-620301", "properties": {"geocode": "620301", "tambon": "ต.คลองน้ำไหล", "amphoe": "อ.คลองลาน", "province": "จ.กำแพงเพชร", "region_id": "1", "region_name": "ภาคกลาง", "station": "บ้านรวงผึ้งพัฒนา", "latitude": 16.197635, "longitude": 99.291834, "sum_rainfall_mm": 42.5, "observed_at": "2026-09-27T13:00:00+07:00", "warning_group": "area_nearby"}, "geometry": null}, {"type": "Feature", "id": "area_nearby-620301", "properties": {"geocode": "620301", "tambon": "ต.คลองน้ำไหล", "amphoe": "อ.คลองลาน", "province": "จ.กำแพงเพชร", "region_id": "1", "region_name": "ภาคกลาง", "station": "หน่วยจัดการต้นน้ำและพัฒนาชุมชนในพื้นที่ป่าอนุรักษ์ขุนหมาก", "latitude": 16.097857, "longitude": 99.11591, "sum_rainfall_mm": 0.6000000000000001, "observed_at": "2026-09-27T14:00:00+07:00", "warning_group": "area_nearby"}, "geometry": null}, {"type": "Feature", "id": "area_nearby-620303", "properties": {"geocode": "620303", "tambon": "ต.คลองลานพัฒนา", "amphoe": "อ.คลองลาน", "province": "จ.กำแพงเพชร", "region_id": "1", "region_name": "ภาคกลาง", "station": "บ้านกะเหรี่ยงน้ำตก", "latitude": 16.126938, "longitude": 99.306881, "sum_rainfall_mm": 41.0, "observed_at": "2026-09-27T13:00:00+07:00", "warning_group": "area_nearby"}, "geometry": null}, {"type": "Feature", "id": "area_nearby-620303", "properties": {"geocode": "620303", "tambon": "ต.คลองลานพัฒนา", "amphoe": "อ.คลองลาน", "province": "จ.กำแพงเพชร", "region_id": "1", "region_name": "ภาคกลาง", "station": "ทต.คลองลานพัฒนา", "latitude": 16.12253, "longitude": 99.32932, "sum_rainfall_mm": 153.60000000000002, "observed_at": "2026-09-27T14:00:00+07:00", "warning_group": "area_nearby"}, "geometry": null}, {"type": "Feature", "id": "area_nearby-620302", "properties": {"geocode": "620302", "tambon": "ต.โป่งน้ำร้อน", "amphoe": "อ.คลองลาน", "province": "จ.กำแพงเพชร", "region_id": "1", "region_name": "ภาคกลาง", "station": "ฝายคลองสวนหมาก", "latitude": 16.330917, "longitude": 99.26475, "sum_rainfall_mm": 89.0, "observed_at": "2026-09-27T14:00:00+07:00", "warning_group": "area_nearby"}, "geometry": null}, {"type": "Feature", "id": "area_nearby-620302", "properties": {"geocode": "620302", "tambon": "ต.โป่งน้ำร้อน", "amphoe": "อ.คลองลาน", "province": "จ.กำแพงเพชร", "region_id": "1", "region_name": "ภาคกลาง", "station": "บ้านโป่งน้ำร้อน", "latitude": 16.328463, "longitude": 99.298103, "sum_rainfall_mm": 23.5, "observed_at": "2026-09-27T13:00:00+07:00", "warning_group": "area_nearby"}, "geometry": null}, {"type": "Feature", "id": "area_nearby-620302", "properties": {"geocode": "620302", "tambon": "ต.โป่งน้ำร้อน", "amphoe": "อ.คลองลาน", "province": "จ.กำแพงเพชร", "region_id": "1", "region_name": "ภาคกลาง", "station": "บ้านคลองมดแดง", "latitude": 16.406402, "longitude": 99.237542, "sum_rainfall_mm": 35.5, "observed_at": "2026-09-27T13:00:00+07:00", "warning_group": "area_nearby"}, "geometry": null}, {"type": "Feature", "id": "area_nearby-620302", "properties": {"geocode": "620302", "tambon": "ต.โป่งน้ำร้อน", "amphoe": "อ.คลองลาน", "province": "จ.กำแพงเพชร", "region_id": "1", "region_name": "ภาคกลาง", "station": "หน่วยพิทักษ์อุทยานแห่งชาติที่ คล.4 (คลองสวนหมาก)", "latitude": 16.3287, "longitude": 99.2576, "sum_rainfall_mm": 78.6, "observed_at": "2026-09-27T14:00:00+07:00", "warning_group": "area_nearby"}, "geometry": null}, {"type": "Feature", "id": "area_nearby-620304", "properties": {"geocode": "620304", "tambon": "ต.สักงาม", "amphoe": "อ.คลองลาน", "province": "จ.กำแพงเพชร", "region_id": "1", "region_name": "ภาคกลาง", "station": "บ้านเพชรนิยม", "latitude": 16.289125, "longitude": 99.274877, "sum_rainfall_mm": 45.0, "observed_at": "2026-09-27T13:00:00+07:00", "warning_group": "area_nearby"}, "geometry": null}, {"type": "Feature", "id": "area_nearby-180201", "properties": {"geocode": "180201", "tambon": "ต.คุ้งสำเภา", "amphoe": "อ.มโนรมย์", "province": "จ.ชัยนาท", "region_id": "1", "region_name": "ภาคกลาง", "station": "ทต.คุ้งสำเภา", "latitude": 15.31006, "longitude": 100.08173, "sum_rainfall_mm": 114.39999999999999, "observed_at": "2026-09-27T14:00:00+07:00", "warning_group": "area_nearby"}, "geometry": null}, {"type": "Feature", "id": "area_nearby-180202", "properties": {"geocode": "180202", "tambon": "ต.วัดโคก", "amphoe": "อ.มโนรมย์", "province": "จ.ชัยนาท", "region_id": "1", "region_name": "ภาคกลาง", "station": "เหนือ ปตร.มโนรมย์", "latitude": 15.33046, "longitude": 100.10331, "sum_rainfall_mm": 105.6, "observed_at": "2026-09-27T14:00:00+07:00", "warning_group": "area_nearby"}, "geometry": null}, {"type": "Feature", "id": "area_nearby-180202", "properties": {"geocode": "180202", "tambon": "ต.วัดโคก", "amphoe": "อ.มโนรมย์", "province": "จ.ชัยนาท", "region_id": "1", "region_name": "ภาคกลาง", "station": "ปตร.มโนรมย์", "latitude": 15.3277, "longitude": 100.10913, "sum_rainfall_mm": 104.6, "observed_at": "2026-09-27T14:00:00+07:00", "warning_group": "area_nearby"}, "geometry": null}, {"type": "Feature", "id": "area_nearby-180104", "properties": {"geocode": "180104", "tambon": "ต.ชัยนาท", "amphoe": "อ.เมืองชัยนาท", "province": "จ.ชัยนาท", "region_id": "1", "region_name": "ภาคกลาง", "station": "T.ปตร.บรมธาตุ", "latitude": 15.15713, "longitude": 100.152981, "sum_rainfall_mm": 93.0, "observed_at": "2026-09-27T14:00:00+07:00", "warning_group": "area_nearby"}, "geometry": null}, {"type": "Feature", "id": "area_nearby-180104", "properties": {"geocode": "180104", "tambon": "ต.ชัยนาท", "amphoe": "อ.เมืองชัยนาท", "province": "จ.ชัยนาท", "region_id": "1", "region_name": "ภาคกลาง", "station": "ท้ายปตร.บรมธาตุ", "latitude": 15.15785, "longitude": 100.15282, "sum_rainfall_mm": 113.19999999999999, "observed_at": "2026-09-27T14:00:00+07:00", "warning_group": "area_nearby"}, "geometry": null}, {"type": "Feature", "id": "area_nearby-180104", "properties": {"geocode": "180104", "tambon": "ต.ชัยนาท", "amphoe": "อ.เมืองชัยนาท", "province": "จ.ชัยนาท", "region_id": "1", "region_name": "ภาคกลาง", "station": "เหนือปตร.บรมธาตุ", "latitude": 15.15816, "longitude": 100.15352, "sum_rainfall_mm": 111.2, "observed_at": "2026-09-27T14:00:00+07:00", "warning_group": "area_nearby"}, "geometry": null}, {"type": "Feature", "id": "area_nearby-180107", "properties": {"geocode": "180107", "tambon": "ต.ธรรมามูล", "amphoe": "อ.เมืองชัยนาท", "province": "จ.ชัยนาท", "region_id": "1", "region_name": "ภาคกลาง", "station": "สะพานธรรมจักร(วัดธรรมามูล)", "latitude": 15.25029, "longitude": 100.08347, "sum_rainfall_mm": 123.2, "observed_at": "2026-09-27T14:00:00+07:00", "warning_group": "area_nearby"}, "geometry": null}, {"type": "Feature", "id": "area_nearby-180102", "properties": {"geocode": "180102", "tambon": "ต.บ้านกล้วย", "amphoe": "อ.เมืองชัยนาท", "province": "จ.ชัยนาท", "region_id": "1", "region_name": "ภาคกลาง", "station": "ท้ายปตร.มหาราช", "latitude": 15.16144, "longitude": 100.17268, "sum_rainfall_mm": 100.6, "observed_at": "2026-09-27T14:00:00+07:00", "warning_group": "area_nearby"}, "geometry": null}, {"type": "Feature", "id": "area_nearby-180102", "properties": {"geocode": "180102", "tambon": "ต.บ้านกล้วย", "amphoe": "อ.เมืองชัยนาท", "province": "จ.ชัยนาท", "region_id": "1", "region_name": "ภาคกลาง", "station": "เหนือปตร.มหาราช", "latitude": 15.15892, "longitude": 100.17329, "sum_rainfall_mm": 100.60000000000001, "observed_at": "2026-09-27T14:00:00+07:00", "warning_group": "area_nearby"}, "geometry": null}, {"type": "Feature", "id": "area_nearby-180106", "properties": {"geocode": "180106", "tambon": "ต.หาดท่าเสา", "amphoe": "อ.เมืองชัยนาท", "province": "จ.ชัยนาท", "region_id": "1", "region_name": "ภาคกลาง", "station": "T.ปตร.พลเทพ", "latitude": 15.214294, "longitude": 100.073325, "sum_rainfall_mm": 132.0, "observed_at": "2026-09-27T14:00:00+07:00", "warning_group": "area_nearby"}, "geometry": null}, {"type": "Feature", "id": "area_nearby-180106", "properties": {"geocode": "180106", "tambon": "ต.หาดท่าเสา", "amphoe": "อ.เมืองชัยนาท", "province": "จ.ชัยนาท", "region_id": "1", "region_name": "ภาคกลาง", "station": "สะพานคง-ศุข ศรีสวัสดิ์", "latitude": 15.225, "longitude": 100.07824, "sum_rainfall_mm": 129.8, "observed_at": "2026-09-27T14:00:00+07:00", "warning_group": "area_nearby"}, "geometry": null}, {"type": "Feature", "id": "area_nearby-180302", "properties": {"geocode": "180302", "tambon": "ต.มะขามเฒ่า", "amphoe": "อ.วัดสิงห์", "province": "จ.ชัยนาท", "region_id": "1", "region_name": "ภาคกลาง", "station": "T.ปตร.มะขามเฒ่า", "latitude": 15.222455, "longitude": 100.062221, "sum_rainfall_mm": 130.0, "observed_at": "2026-09-27T14:00:00+07:00", "warning_group": "area_nearby"}, "geometry": null}, {"type": "Feature", "id": "area_nearby-180302", "properties": {"geocode": "180302", "tambon": "ต.มะขามเฒ่า", "amphoe": "อ.วัดสิงห์", "province": "จ.ชัยนาท", "region_id": "1", "region_name": "ภาคกลาง", "station": "ท้ายปตร.มะขามเฒ่า-อู่ทอง", "latitude": 15.22229, "longitude": 100.06236, "sum_rainfall_mm": 145.20000000000002, "observed_at": "2026-09-27T14:00:00+07:00", "warning_group": "area_nearby"}, "geometry": null}, {"type": "Feature", "id": "area_nearby-180301", "properties": {"geocode": "180301", "tambon": "ต.วัดสิงห์", "amphoe": "อ.วัดสิงห์", "province": "จ.ชัยนาท", "region_id": "1", "region_name": "ภาคกลาง", "station": "ทต.วัดสิงห์", "latitude": 15.2584, "longitude": 100.04493, "sum_rainfall_mm": 113.19999999999999, "observed_at": "2026-09-27T14:00:00+07:00", "warning_group": "area_nearby"}, "geometry": null}, {"type": "Feature", "id": "area_nearby-180405", "properties": {"geocode": "180405", "tambon": "ต.โพนางดำออก", "amphoe": "อ.สรรพยา", "province": "จ.ชัยนาท", "region_id": "1", "region_name": "ภาคกลาง", "station": "สรรพยา", "latitude": 15.10907, "longitude": 100.26785, "sum_rainfall_mm": 79.80000000000001, "observed_at": "2026-09-27T14:00:00+07:00", "warning_group": "area_nearby"}, "geometry": null}, {"type": "Feature", "id": "area_nearby-180401", "properties": {"geocode": "180401", "tambon": "ต.สรรพยา", "amphoe": "อ.สรรพยา", "province": "จ.ชัยนาท", "region_id": "1", "region_name": "ภาคกลาง", "station": "ทต.สรรพยา", "latitude": 15.13217, "longitude": 100.25129, "sum_rainfall_mm": 102.2, "observed_at": "2026-09-27T14:00:00+07:00", "warning_group": "area_nearby"}, "geometry": null}, {"type": "Feature", "id": "area_nearby-180611", "properties": {"geocode": "180611", "tambon": "ต.สามง่ามท่าโบสถ์", "amphoe": "อ.หันคา", "province": "จ.ชัยนาท", "region_id": "1", "region_name": "ภาคกลาง", "station": "ปตร.ท่าโบสถ์", "latitude": 15.05395, "longitude": 100.01206, "sum_rainfall_mm": 97.0, "observed_at": "2026-09-27T14:00:00+07:00", "warning_group": "area_nearby"}, "geometry": null}, {"type": "Feature", "id": "area_nearby-180611", "properties": {"geocode": "180611", "tambon": "ต.สามง่ามท่าโบสถ์", "amphoe": "อ.หันคา", "province": "จ.ชัยนาท", "region_id": "1", "region_name": "ภาคกลาง", "station": "ท้ายปตร.ท่าโบสถ์", "latitude": 15.05349, "longitude": 100.01175, "sum_rainfall_mm": 115.60000000000002, "observed_at": "2026-09-27T14:00:00+07:00", "warning_group": "area_nearby"}, "geometry": null}, {"type": "Feature", "id": "area_nearby-180601", "properties": {"geocode": "180601", "tambon": "ต.หันคา", "amphoe": "อ.หันคา", "province": "จ.ชัยนาท", "region_id": "1", "region_name": "ภาคกลาง", "station": "ทต.หันคา", "latitude": 14.96964, "longitude": 100.01039, "sum_rainfall_mm": 103.4, "observed_at": "2026-09-27T14:00:00+07:00", "warning_group": "area_nearby"}, "geometry": null}, {"type": "Feature", "id": "area_nearby-260309", "properties": {"geocode": "260309", "tambon": "ต.เขาเพิ่ม", "amphoe": "อ.บ้านนา", "province": "จ.นครนายก", "region_id": "1", "region_name": "ภาคกลาง", "station": "สะพานวังแก่ง", "latitude": 14.364806, "longitude": 101.09028, "sum_rainfall_mm": 0.0, "observed_at": "2026-09-27T14:00:00+07:00", "warning_group": "area_nearby"}, "geometry": null}, {"type": "Feature", "id": "area_nearby-260310", "properties": {"geocode": "260310", "tambon": "ต.ศรีกะอาง", "amphoe": "อ.บ้านนา", "province": "จ.นครนายก", "region_id": "1", "region_name": "ภาคกลาง", "station": "อบต.ศรีกะอาง", "latitude": 14.27798, "longitude": 101.12879, "sum_rainfall_mm": 214.0, "observed_at": "2026-09-27T14:00:00+07:00", "warning_group": "area_nearby"}, "geometry": null}, {"type": "Feature", "id": "area_nearby-260207", "properties": {"geocode": "260207", "tambon": "ต.นาหินลาด", "amphoe": "อ.ปากพลี", "province": "จ.นครนายก", "region_id": "1", "region_name": "ภาคกลาง", "station": "บ้านท่ามะปราง", "latitude": 14.222935, "longitude": 101.356088, "sum_rainfall_mm": 92.0, "observed_at": "2026-09-27T13:00:00+07:00", "warning_group": "area_nearby"}, "geometry": null}, {"type": "Feature", "id": "area_nearby-260207", "properties": {"geocode": "260207", "tambon": "ต.นาหินลาด", "amphoe": "อ.ปากพลี", "province": "จ.นครนายก", "region_id": "1", "region_name": "ภาคกลาง", "station": "อบต.นาหินลาด", "latitude": 14.20724, "longitude": 101.35025, "sum_rainfall_mm": 247.0, "observed_at": "2026-09-27T14:00:00+07:00", "warning_group": "area_nearby"}, "geometry": null}, {"type": "Feature", "id": "area_nearby-260112", "properties": {"geocode": "260112", "tambon": "ต.เขาพระ", "amphoe": "อ.เมืองนครนายก", "province": "จ.นครนายก", "region_id": "1", "region_name": "ภาคกลาง", "station": "บ้านวังรี", "latitude": 14.333768, "longitude": 101.195938, "sum_rainfall_mm": 0.5, "observed_at": "2026-09-27T13:00:00+07:00", "warning_group": "area_nearby"}, "geometry": null}, {"type": "Feature", "id": "area_nearby-260102", "properties": {"geocode": "260102", "tambon": "ต.ท่าช้าง", "amphoe": "อ.เมืองนครนายก", "province": "จ.นครนายก", "region_id": "1", "region_name": "ภาคกลาง", "station": "เขื่อนนายก", "latitude": 14.18205, "longitude": 101.162164, "sum_rainfall_mm": 181.0, "observed_at": "2026-09-27T14:00:00+07:00", "warning_group": "area_nearby"}, "geometry": null}, {"type": "Feature", "id": "area_nearby-260107", "properties": {"geocode": "260107", "tambon": "ต.ศรีจุฬา", "amphoe": "อ.เมืองนครนายก", "province": "จ.นครนายก", "region_id": "1", "region_name": "ภาคกลาง", "station": "อบต.ศรีจุฬา", "latitude": 14.07064, "longitude": 101.13746, "sum_rainfall_mm": 300.79999999999995, "observed_at": "2026-09-27T14:00:00+07:00", "warning_group": "area_nearby"}, "geometry": null}, {"type": "Feature", "id": "area_nearby-260109", "properties": {"geocode": "260109", "tambon": "ต.ศรีนาวา", "amphoe": "อ.เมืองนครนายก", "province": "จ.นครนายก", "region_id": "1", "region_name": "ภาคกลาง", "station": "สะพานเขานางบวช", "latitude": 14.245718, "longitude": 101.27481, "sum_rainfall_mm": 64.39999999999999, "observed_at": "2026-09-27T14:00:00+07:00", "warning_group": "area_nearby"}, "geometry": null}, {"type": "Feature", "id": "area_nearby-260110", "properties": {"geocode": "260110", "tambon": "ต.สาริกา", "amphoe": "อ.เมืองนครนายก", "province": "จ.นครนายก", "region_id": "1", "region_name": "ภาคกลาง", "station": "บ้านดง", "latitude": 14.321565, "longitude": 101.306075, "sum_rainfall_mm": 93.0, "observed_at": "2026-09-27T13:00:00+07:00", "warning_group": "area_nearby"}, "geometry": null}, {"type": "Feature", "id": "area_nearby-260110", "properties": {"geocode": "260110", "tambon": "ต.สาริกา", "amphoe": "อ.เมืองนครนายก", "province": "จ.นครนายก", "region_id": "1", "region_name": "ภาคกลาง", "station": "สะพานคลองวังตะไคร้", "latitude": 14.321305, "longitude": 101.30604, "sum_rainfall_mm": 156.4, "observed_at": "2026-09-27T14:00:00+07:00", "warning_group": "area_nearby"}, "geometry": null}, {"type": "Feature", "id": "area_nearby-260110", "properties": {"geocode": "260110", "tambon": "ต.สาริกา", "amphoe": "อ.เมืองนครนายก", "province": "จ.นครนายก", "region_id": "1", "region_name": "ภาคกลาง", "station": "ป่าต้นน้ำคลองมะเดื่อ อช.เขาใหญ่ (นางรอง)", "latitude": 14.3693, "longitude": 101.2712, "sum_rainfall_mm": 3.0, "observed_at": "2026-09-27T14:00:00+07:00", "warning_group": "area_nearby"}, "geometry": null}, {"type": "Feature", "id": "area_nearby-260111", "properties": {"geocode": "260111", "tambon": "ต.หินตั้ง", "amphoe": "อ.เมืองนครนายก", "province": "จ.นครนายก", "region_id": "1", "region_name": "ภาคกลาง", "station": "ที่ทำการน้ำตกนางรอง", "latitude": 14.333356, "longitude": 101.320856, "sum_rainfall_mm": 99.0, "observed_at": "2026-09-27T13:00:00+07:00", "warning_group": "area_nearby"}, "geometry": null}, {"type": "Feature", "id": "area_nearby-260111", "properties": {"geocode": "260111", "tambon": "ต.หินตั้ง", "amphoe": "อ.เมืองนครนายก", "province": "จ.นครนายก", "region_id": "1", "region_name": "ภาคกลาง", "station": "สะพานคลองนางรอง", "latitude": 14.315195, "longitude": 101.312836, "sum_rainfall_mm": 149.6, "observed_at": "2026-09-27T14:00:00+07:00", "warning_group": "area_nearby"}, "geometry": null}, {"type": "Feature", "id": "area_nearby-260111", "properties": {"geocode": "260111", "tambon": "ต.หินตั้ง", "amphoe": "อ.เมืองนครนายก", "province": "จ.นครนายก", "region_id": "1", "region_name": "ภาคกลาง", "station": "อุทยานแห่งชาติเขาใหญ่", "latitude": 14.434425, "longitude": 101.372604, "sum_rainfall_mm": 2.0, "observed_at": "2026-09-27T14:00:00+07:00", "warning_group": "area_nearby"}, "geometry": null}, {"type": "Feature", "id": "area_nearby-260405", "properties": {"geocode": "260405", "tambon": "ต.บางสมบูรณ์", "amphoe": "อ.องครักษ์", "province": "จ.นครนายก", "region_id": "1", "region_name": "ภาคกลาง", "station": "สมบูรณ์", "latitude": 13.970389, "longitude": 101.138699, "sum_rainfall_mm": 150.0, "observed_at": "2026-09-27T14:00:00+07:00", "warning_group": "area_nearby"}, "geometry": null}, {"type": "Feature", "id": "area_nearby-260404", "properties": {"geocode": "260404", "tambon": "ต.โพธิ์แทน", "amphoe": "อ.องครักษ์", "province": "จ.นครนายก", "region_id": "1", "region_name": "ภาคกลาง", "station": "คลองแม่น้ำใน(โพธิ์แทน)", "latitude": 14.212921, "longitude": 100.942453, "sum_rainfall_mm": 329.0, "observed_at": "2026-09-27T14:00:00+07:00", "warning_group": "area_nearby"}, "geometry": null}, {"type": "Feature", "id": "area_nearby-260409", "properties": {"geocode": "260409", "tambon": "ต.องครักษ์", "amphoe": "อ.องครักษ์", "province": "จ.นครนายก", "region_id": "1", "region_name": "ภาคกลาง", "station": "องครักษ์", "latitude": 14.113633, "longitude": 101.01952, "sum_rainfall_mm": 195.20000000000002, "observed_at": "2026-09-27T14:00:00+07:00", "warning_group": "area_nearby"}, "geometry": null}, {"type": "Feature", "id": "area_nearby-600201", "properties": {"geocode": "600201", "tambon": "ต.โกรกพระ", "amphoe": "อ.โกรกพระ", "province": "จ.นครสวรรค์", "region_id": "1", "region_name": "ภาคกลาง", "station": "ทต.โกรกพระ", "latitude": 15.55312, "longitude": 100.0709, "sum_rainfall_mm": 115.2, "observed_at": "2026-09-27T14:00:00+07:00", "warning_group": "area_nearby"}, "geometry": null}, {"type": "Feature", "id": "area_nearby-601303", "properties": {"geocode": "601303", "tambon": "ต.แม่เล่ย์", "amphoe": "อ.แม่วงก์", "province": "จ.นครสวรรค์", "region_id": "1", "region_name": "ภาคกลาง", "station": "บ้านใหม่ศรีนคร", "latitude": 15.788101, "longitude": 99.458804, "sum_rainfall_mm": 38.0, "observed_at": "2026-09-27T13:00:00+07:00", "warning_group": "area_nearby"}, "geometry": null}, {"type": "Feature", "id": "area_nearby-601303", "properties": {"geocode": "601303", "tambon": "ต.แม่เล่ย์", "amphoe": "อ.แม่วงก์", "province": "จ.นครสวรรค์", "region_id": "1", "region_name": "ภาคกลาง", "station": "บ้านปางข้าวสาร", "latitude": 15.840499, "longitude": 99.323096, "sum_rainfall_mm": 3.0, "observed_at": "2026-09-26T11:00:00+07:00", "warning_group": "area_nearby"}, "geometry": null}, {"type": "Feature", "id": "area_nearby-601303", "properties": {"geocode": "601303", "tambon": "ต.แม่เล่ย์", "amphoe": "อ.แม่วงก์", "province": "จ.นครสวรรค์", "region_id": "1", "region_name": "ภาคกลาง", "station": "บ้านตลิ่งสูง", "latitude": 15.912504, "longitude": 99.418904, "sum_rainfall_mm": 38.0, "observed_at": "2026-09-27T13:00:00+07:00", "warning_group": "area_nearby"}, "geometry": null}, {"type": "Feature", "id": "area_nearby-601303", "properties": {"geocode": "601303", "tambon": "ต.แม่เล่ย์", "amphoe": "อ.แม่วงก์", "province": "จ.นครสวรรค์", "region_id": "1", "region_name": "ภาคกลาง", "station": "บ้านปางสุด", "latitude": 15.850186, "longitude": 99.429506, "sum_rainfall_mm": 0.0, "observed_at": "2026-09-27T13:00:00+07:00", "warning_group": "area_nearby"}, "geometry": null}, {"type": "Feature", "id": "area_nearby-601303", "properties": {"geocode": "601303", "tambon": "ต.แม่เล่ย์", "amphoe": "อ.แม่วงก์", "province": "จ.นครสวรรค์", "region_id": "1", "region_name": "ภาคกลาง", "station": "หน่วยจัดการต้นน้ำและพัฒนาชุมชนในพื้นที่ป่าอนุรักษ์ขุนน้ำเย็น", "latitude": 15.8948, "longitude": 99.3084, "sum_rainfall_mm": 0.0, "observed_at": "2026-09-27T14:00:00+07:00", "warning_group": "area_nearby"}, "geometry": null}, {"type": "Feature", "id": "area_nearby-601303", "properties": {"geocode": "601303", "tambon": "ต.แม่เล่ย์", "amphoe": "อ.แม่วงก์", "province": "จ.นครสวรรค์", "region_id": "1", "region_name": "ภาคกลาง", "station": "หน่วยพิทักษ์ อช.แม่วงก์ที่ 4 (แม่เรวา)", "latitude": 15.9125, "longitude": 99.32747, "sum_rainfall_mm": 0.0, "observed_at": "2026-09-27T14:00:00+07:00", "warning_group": "area_nearby"}, "geometry": null}, {"type": "Feature", "id": "area_nearby-601303", "properties": {"geocode": "601303", "tambon": "ต.แม่เล่ย์", "amphoe": "อ.แม่วงก์", "province": "จ.นครสวรรค์", "region_id": "1", "region_name": "ภาคกลาง", "station": "สะพานแม่เล่ย์", "latitude": 15.84175, "longitude": 99.41808, "sum_rainfall_mm": 101.0, "observed_at": "2026-09-27T14:00:00+07:00", "warning_group": "area_nearby"}, "geometry": null}, {"type": "Feature", "id": "area_nearby-601301", "properties": {"geocode": "601301", "tambon": "ต.แม่วงก์", "amphoe": "อ.แม่วงก์", "province": "จ.นครสวรรค์", "region_id": "1", "region_name": "ภาคกลาง", "station": "อบต.แม่วงก์", "latitude": 15.78101, "longitude": 99.54588, "sum_rainfall_mm": 0.0, "observed_at": "2026-09-27T14:00:00+07:00", "warning_group": "area_nearby"}, "geometry": null}, {"type": "Feature", "id": "area_nearby-140503", "properties": {"geocode": "140503", "tambon": "ต.ไทรน้อย", "amphoe": "อ.บางบาล", "province": "จ.พระนครศรีอยุธยา", "region_id": "1", "region_name": "ภาคกลาง", "station": "คลองบางบาล", "latitude": 14.42303, "longitude": 100.48186, "sum_rainfall_mm": 98.6, "observed_at": "2026-09-27T14:00:00+07:00", "warning_group": "area_nearby"}, "geometry": null}, {"type": "Feature", "id": "area_nearby-140513", "properties": {"geocode": "140513", "tambon": "ต.บางหลวงโดด", "amphoe": "อ.บางบาล", "province": "จ.พระนครศรีอยุธยา", "region_id": "1", "region_name": "ภาคกลาง", "station": "คลองบางหลวง", "latitude": 14.4158, "longitude": 100.44071, "sum_rainfall_mm": 101.2, "observed_at": "2026-09-27T14:00:00+07:00", "warning_group": "area_nearby"}, "geometry": null}, {"type": "Feature", "id": "area_nearby-140812", "properties": {"geocode": "140812", "tambon": "ต.จักราช", "amphoe": "อ.ผักไห่", "province": "จ.พระนครศรีอยุธยา", "region_id": "1", "region_name": "ภาคกลาง", "station": "ปตร.ลาดชิด (ทุ่งผักไห่)", "latitude": 14.44056, "longitude": 100.35738, "sum_rainfall_mm": 92.4, "observed_at": "2026-09-27T14:00:00+07:00", "warning_group": "area_nearby"}, "geometry": null}, {"type": "Feature", "id": "area_nearby-140805", "properties": {"geocode": "140805", "tambon": "ต.ตาลาน", "amphoe": "อ.ผักไห่", "province": "จ.พระนครศรีอยุธยา", "region_id": "1", "region_name": "ภาคกลาง", "station": "ปตร.บางแก้ว (ทุ่งผักไห่)", "latitude": 14.436604, "longitude": 100.37149, "sum_rainfall_mm": 87.6, "observed_at": "2026-09-27T14:00:00+07:00", "warning_group": "area_nearby"}, "geometry": null}, {"type": "Feature", "id": "area_nearby-140806", "properties": {"geocode": "140806", "tambon": "ต.ท่าดินแดง", "amphoe": "อ.ผักไห่", "province": "จ.พระนครศรีอยุธยา", "region_id": "1", "region_name": "ภาคกลาง", "station": "ปตร กุฎิ (ทุ่งป่าโมก)", "latitude": 14.412405, "longitude": 100.40116, "sum_rainfall_mm": 114.6, "observed_at": "2026-09-27T14:00:00+07:00", "warning_group": "area_nearby"}, "geometry": null}, {"type": "Feature", "id": "area_nearby-140816", "properties": {"geocode": "140816", "tambon": "ต.บ้านใหญ่", "amphoe": "อ.ผักไห่", "province": "จ.พระนครศรีอยุธยา", "region_id": "1", "region_name": "ภาคกลาง", "station": "T.ปตร.ผักไห่", "latitude": 14.43626, "longitude": 100.375495, "sum_rainfall_mm": 96.0, "observed_at": "2026-09-27T14:00:00+07:00", "warning_group": "area_nearby"}, "geometry": null}, {"type": "Feature", "id": "area_nearby-140816", "properties": {"geocode": "140816", "tambon": "ต.บ้านใหญ่", "amphoe": "อ.ผักไห่", "province": "จ.พระนครศรีอยุธยา", "region_id": "1", "region_name": "ภาคกลาง", "station": "เหนือปตร.ผักไห่-เจ้าเจ็ด", "latitude": 14.43643, "longitude": 100.37562, "sum_rainfall_mm": 113.8, "observed_at": "2026-09-27T14:00:00+07:00", "warning_group": "area_nearby"}, "geometry": null}, {"type": "Feature", "id": "area_nearby-140814", "properties": {"geocode": "140814", "tambon": "ต.ลาดชิด", "amphoe": "อ.ผักไห่", "province": "จ.พระนครศรีอยุธยา", "region_id": "1", "region_name": "ภาคกลาง", "station": "ที่ทำการกำนันตำบลลาดชิด", "latitude": 14.44142, "longitude": 100.35564, "sum_rainfall_mm": 107.39999999999999, "observed_at": "2026-09-27T14:00:00+07:00", "warning_group": "area_nearby"}, "geometry": null}, {"type": "Feature", "id": "area_nearby-140815", "properties": {"geocode": "140815", "tambon": "ต.หน้าโคก", "amphoe": "อ.ผักไห่", "province": "จ.พระนครศรีอยุธยา", "region_id": "1", "region_name": "ภาคกลาง", "station": "สะพานข้ามแม่น้ำน้อย (ทุ่งผักไห่)", "latitude": 14.498449, "longitude": 100.36825, "sum_rainfall_mm": 100.80000000000001, "observed_at": "2026-09-27T14:00:00+07:00", "warning_group": "area_nearby"}, "geometry": null}, {"type": "Feature", "id": "area_nearby-140802", "properties": {"geocode": "140802", "tambon": "ต.อมฤต", "amphoe": "อ.ผักไห่", "province": "จ.พระนครศรีอยุธยา", "region_id": "1", "region_name": "ภาคกลาง", "station": "ปตร.ลาดชะโด (ทุ่งผักไห่)", "latitude": 14.464386, "longitude": 100.366005, "sum_rainfall_mm": 97.8, "observed_at": "2026-09-27T14:00:00+07:00", "warning_group": "area_nearby"}, "geometry": null}, {"type": "Feature", "id": "area_nearby-141003", "properties": {"geocode": "141003", "tambon": "ต.สามเมือง", "amphoe": "อ.ลาดบัวหลวง", "province": "จ.พระนครศรีอยุธยา", "region_id": "1", "region_name": "ภาคกลาง", "station": "คลองพระยาบรรลือ", "latitude": 14.16476, "longitude": 100.30725, "sum_rainfall_mm": 140.20000000000002, "observed_at": "2026-09-27T14:00:00+07:00", "warning_group": "area_nearby"}, "geometry": null}, {"type": "Feature", "id": "area_nearby-141106", "properties": {"geocode": "141106", "tambon": "ต.พยอม", "amphoe": "อ.วังน้อย", "province": "จ.พระนครศรีอยุธยา", "region_id": "1", "region_name": "ภาคกลาง", "station": "ท้ายปตร.พระอินทราชา", "latitude": 14.14378, "longitude": 100.62075, "sum_rainfall_mm": 144.0, "observed_at": "2026-09-27T14:00:00+07:00", "warning_group": "area_nearby"}, "geometry": null}, {"type": "Feature", "id": "area_nearby-141103", "properties": {"geocode": "141103", "tambon": "ต.วังน้อย", "amphoe": "อ.วังน้อย", "province": "จ.พระนครศรีอยุธยา", "region_id": "1", "region_name": "ภาคกลาง", "station": "เหนือปตร.พระอินทราชา", "latitude": 14.14407, "longitude": 100.62136, "sum_rainfall_mm": 147.4, "observed_at": "2026-09-27T14:00:00+07:00", "warning_group": "area_nearby"}, "geometry": null}, {"type": "Feature", "id": "area_nearby-141217", "properties": {"geocode": "141217", "tambon": "ต.เจ้าเสด็จ", "amphoe": "อ.เสนา", "province": "จ.พระนครศรีอยุธยา", "region_id": "1", "region_name": "ภาคกลาง", "station": "เสนา", "latitude": 14.31976, "longitude": 100.37952, "sum_rainfall_mm": 181.2, "observed_at": "2026-09-27T14:00:00+07:00", "warning_group": "area_nearby"}, "geometry": null}, {"type": "Feature", "id": "area_nearby-141201", "properties": {"geocode": "141201", "tambon": "ต.เสนา", "amphoe": "อ.เสนา", "province": "จ.พระนครศรีอยุธยา", "region_id": "1", "region_name": "ภาคกลาง", "station": "เสนา (ทุ่งบางบาล-บ้านแพน)", "latitude": 14.327773, "longitude": 100.405464, "sum_rainfall_mm": 157.79999999999998, "observed_at": "2026-09-27T14:00:00+07:00", "warning_group": "area_nearby"}, "geometry": null}, {"type": "Feature", "id": "area_nearby-190210", "properties": {"geocode": "190210", "tambon": "ต.ชะอม", "amphoe": "อ.แก่งคอย", "province": "จ.สระบุรี", "region_id": "1", "region_name": "ภาคกลาง", "station": "บ้านบึงไม้", "latitude": 14.417774, "longitude": 101.146889, "sum_rainfall_mm": 70.5, "observed_at": "2026-09-27T13:00:00+07:00", "warning_group": "area_nearby"}, "geometry": null}, {"type": "Feature", "id": "area_nearby-190210", "properties": {"geocode": "190210", "tambon": "ต.ชะอม", "amphoe": "อ.แก่งคอย", "province": "จ.สระบุรี", "region_id": "1", "region_name": "ภาคกลาง", "station": "บ้านโกรกอีดก", "latitude": 14.4417, "longitude": 101.17281, "sum_rainfall_mm": 0.8, "observed_at": "2026-09-27T14:00:00+07:00", "warning_group": "area_nearby"}, "geometry": null}, {"type": "Feature", "id": "area_nearby-190213", "properties": {"geocode": "190213", "tambon": "ต.ชำผักแพว", "amphoe": "อ.แก่งคอย", "province": "จ.สระบุรี", "region_id": "1", "region_name": "ภาคกลาง", "station": "บ้านหนองคล้า", "latitude": 14.490439, "longitude": 101.040808, "sum_rainfall_mm": 47.0, "observed_at": "2026-09-27T13:00:00+07:00", "warning_group": "area_nearby"}, "geometry": null}, {"type": "Feature", "id": "area_nearby-190213", "properties": {"geocode": "190213", "tambon": "ต.ชำผักแพว", "amphoe": "อ.แก่งคอย", "province": "จ.สระบุรี", "region_id": "1", "region_name": "ภาคกลาง", "station": "ที่ทำการเขตห้ามล่าสัตว์ป่าแก่งคอย", "latitude": 14.5439, "longitude": 101.0983, "sum_rainfall_mm": 101.4, "observed_at": "2026-09-27T14:00:00+07:00", "warning_group": "area_nearby"}, "geometry": null}, {"type": "Feature", "id": "area_nearby-190202", "properties": {"geocode": "190202", "tambon": "ต.ทับกวาง", "amphoe": "อ.แก่งคอย", "province": "จ.สระบุรี", "region_id": "1", "region_name": "ภาคกลาง", "station": "ทม.ทับกวาง", "latitude": 14.60885, "longitude": 101.07645, "sum_rainfall_mm": 92.6, "observed_at": "2026-09-27T14:00:00+07:00", "warning_group": "area_nearby"}, "geometry": null}, {"type": "Feature", "id": "area_nearby-190215", "properties": {"geocode": "190215", "tambon": "ต.ท่ามะปราง", "amphoe": "อ.แก่งคอย", "province": "จ.สระบุรี", "region_id": "1", "region_name": "ภาคกลาง", "station": "บ้านโป่งก้อนเส้า", "latitude": 14.491639, "longitude": 101.135569, "sum_rainfall_mm": 50.0, "observed_at": "2026-09-27T13:00:00+07:00", "warning_group": "area_nearby"}, "geometry": null}, {"type": "Feature", "id": "area_nearby-190204", "properties": {"geocode": "190204", "tambon": "ต.ห้วยแห้ง", "amphoe": "อ.แก่งคอย", "province": "จ.สระบุรี", "region_id": "1", "region_name": "ภาคกลาง", "station": "บ้านหนองสองห้อง", "latitude": 14.45968, "longitude": 101.037522, "sum_rainfall_mm": 30.0, "observed_at": "2026-09-27T13:00:00+07:00", "warning_group": "area_nearby"}, "geometry": null}, {"type": "Feature", "id": "area_nearby-190206", "properties": {"geocode": "190206", "tambon": "ต.หินซ้อน", "amphoe": "อ.แก่งคอย", "province": "จ.สระบุรี", "region_id": "1", "region_name": "ภาคกลาง", "station": "บ้านถนนโค้ง", "latitude": 14.743917, "longitude": 101.039334, "sum_rainfall_mm": 24.5, "observed_at": "2026-09-27T13:00:00+07:00", "warning_group": "area_nearby"}, "geometry": null}, {"type": "Feature", "id": "area_nearby-190402", "properties": {"geocode": "190402", "tambon": "ต.บ้านลำ", "amphoe": "อ.วิหารแดง", "province": "จ.สระบุรี", "region_id": "1", "region_name": "ภาคกลาง", "station": "หน่วยพิทักษ์อุทยานแห่งชาติที่ นสล. 1 (ซับปลากั้ง)", "latitude": 14.412701, "longitude": 100.97773, "sum_rainfall_mm": 166.2, "observed_at": "2026-09-27T14:00:00+07:00", "warning_group": "area_nearby"}, "geometry": null}, {"type": "Feature", "id": "area_nearby-190401", "properties": {"geocode": "190401", "tambon": "ต.หนองหมู", "amphoe": "อ.วิหารแดง", "province": "จ.สระบุรี", "region_id": "1", "region_name": "ภาคกลาง", "station": "คลองแม่น้ำใน", "latitude": 14.30168, "longitude": 100.94521, "sum_rainfall_mm": 136.2, "observed_at": "2026-09-26T22:00:00+07:00", "warning_group": "area_nearby"}, "geometry": null}, {"type": "Feature", "id": "area_nearby-190301", "properties": {"geocode": "190301", "tambon": "ต.หนองแค", "amphoe": "อ.หนองแค", "province": "จ.สระบุรี", "region_id": "1", "region_name": "ภาคกลาง", "station": "ท้ายปตร.พระศรีศิลป์", "latitude": 14.32729, "longitude": 100.87117, "sum_rainfall_mm": 154.2, "observed_at": "2026-09-27T14:00:00+07:00", "warning_group": "area_nearby"}, "geometry": null}, {"type": "Feature", "id": "area_nearby-720302", "properties": {"geocode": "720302", "tambon": "ต.ด่านช้าง", "amphoe": "อ.ด่านช้าง", "province": "จ.สุพรรณบุรี", "region_id": "1", "region_name": "ภาคกลาง", "station": "บ้านโป่งคอม", "latitude": 14.764333, "longitude": 99.565738, "sum_rainfall_mm": 65.0, "observed_at": "2026-09-27T13:00:00+07:00", "warning_group": "area_nearby"}, "geometry": null}, {"type": "Feature", "id": "area_nearby-720302", "properties": {"geocode": "720302", "tambon": "ต.ด่านช้าง", "amphoe": "อ.ด่านช้าง", "province": "จ.สุพรรณบุรี", "region_id": "1", "region_name": "ภาคกลาง", "station": "บ้านหนองผือ", "latitude": 14.728561, "longitude": 99.488429, "sum_rainfall_mm": 30.5, "observed_at": "2026-09-27T13:00:00+07:00", "warning_group": "area_nearby"}, "geometry": null}, {"type": "Feature", "id": "area_nearby-720302", "properties": {"geocode": "720302", "tambon": "ต.ด่านช้าง", "amphoe": "อ.ด่านช้าง", "province": "จ.สุพรรณบุรี", "region_id": "1", "region_name": "ภาคกลาง", "station": "ด่านช้าง", "latitude": 14.83506, "longitude": 99.66543, "sum_rainfall_mm": 22.2, "observed_at": "2026-09-27T14:00:00+07:00", "warning_group": "area_nearby"}, "geometry": null}, {"type": "Feature", "id": "area_nearby-720306", "properties": {"geocode": "720306", "tambon": "ต.นิคมกระเสียว", "amphoe": "อ.ด่านช้าง", "province": "จ.สุพรรณบุรี", "region_id": "1", "region_name": "ภาคกลาง", "station": "บ้านท่าเดื่อ", "latitude": 14.872319, "longitude": 99.568946, "sum_rainfall_mm": 62.5, "observed_at": "2026-09-27T13:00:00+07:00", "warning_group": "area_nearby"}, "geometry": null}, {"type": "Feature", "id": "area_nearby-720306", "properties": {"geocode": "720306", "tambon": "ต.นิคมกระเสียว", "amphoe": "อ.ด่านช้าง", "province": "จ.สุพรรณบุรี", "region_id": "1", "region_name": "ภาคกลาง", "station": "อบต.นิคมกระเสียว", "latitude": 14.85733, "longitude": 99.57508, "sum_rainfall_mm": 160.0, "observed_at": "2026-09-27T14:00:00+07:00", "warning_group": "area_nearby"}, "geometry": null}, {"type": "Feature", "id": "area_nearby-720307", "properties": {"geocode": "720307", "tambon": "ต.วังยาว", "amphoe": "อ.ด่านช้าง", "province": "จ.สุพรรณบุรี", "region_id": "1", "region_name": "ภาคกลาง", "station": "หน่วยจัดการต้นน้ำและพัฒนาชุมชนในพื้นที่ป่าอนุรักษ์พุเตย", "latitude": 15.0219, "longitude": 99.3923, "sum_rainfall_mm": 145.4, "observed_at": "2026-09-27T14:00:00+07:00", "warning_group": "area_nearby"}, "geometry": null}, {"type": "Feature", "id": "area_nearby-720307", "properties": {"geocode": "720307", "tambon": "ต.วังยาว", "amphoe": "อ.ด่านช้าง", "province": "จ.สุพรรณบุรี", "region_id": "1", "region_name": "ภาคกลาง", "station": "อบต.วังยาว", "latitude": 14.89012, "longitude": 99.37758, "sum_rainfall_mm": 147.4, "observed_at": "2026-09-27T14:00:00+07:00", "warning_group": "area_nearby"}, "geometry": null}, {"type": "Feature", "id": "area_nearby-720303", "properties": {"geocode": "720303", "tambon": "ต.ห้วยขมิ้น", "amphoe": "อ.ด่านช้าง", "province": "จ.สุพรรณบุรี", "region_id": "1", "region_name": "ภาคกลาง", "station": "บ้านกกเต็น", "latitude": 14.944708, "longitude": 99.594671, "sum_rainfall_mm": 59.0, "observed_at": "2026-09-27T13:00:00+07:00", "warning_group": "area_nearby"}, "geometry": null}, {"type": "Feature", "id": "area_nearby-720303", "properties": {"geocode": "720303", "tambon": "ต.ห้วยขมิ้น", "amphoe": "อ.ด่านช้าง", "province": "จ.สุพรรณบุรี", "region_id": "1", "region_name": "ภาคกลาง", "station": "บ้านป่าขี", "latitude": 14.962566, "longitude": 99.515459, "sum_rainfall_mm": 55.5, "observed_at": "2026-09-27T13:00:00+07:00", "warning_group": "area_nearby"}, "geometry": null}, {"type": "Feature", "id": "area_nearby-720303", "properties": {"geocode": "720303", "tambon": "ต.ห้วยขมิ้น", "amphoe": "อ.ด่านช้าง", "province": "จ.สุพรรณบุรี", "region_id": "1", "region_name": "ภาคกลาง", "station": "บ้านกกเชียง", "latitude": 14.927231, "longitude": 99.50882, "sum_rainfall_mm": 71.0, "observed_at": "2026-09-27T13:00:00+07:00", "warning_group": "area_nearby"}, "geometry": null}, {"type": "Feature", "id": "area_nearby-720304", "properties": {"geocode": "720304", "tambon": "ต.องค์พระ", "amphoe": "อ.ด่านช้าง", "province": "จ.สุพรรณบุรี", "region_id": "1", "region_name": "ภาคกลาง", "station": "บ้านวังโหรา", "latitude": 14.804954, "longitude": 99.441428, "sum_rainfall_mm": 58.5, "observed_at": "2026-09-27T13:00:00+07:00", "warning_group": "area_nearby"}, "geometry": null}, {"type": "Feature", "id": "area_nearby-720304", "properties": {"geocode": "720304", "tambon": "ต.องค์พระ", "amphoe": "อ.ด่านช้าง", "province": "จ.สุพรรณบุรี", "region_id": "1", "region_name": "ภาคกลาง", "station": "บ้านเขาธง", "latitude": 14.827652, "longitude": 99.330791, "sum_rainfall_mm": 52.0, "observed_at": "2026-09-27T13:00:00+07:00", "warning_group": "area_nearby"}, "geometry": null}, {"type": "Feature", "id": "area_nearby-720101", "properties": {"geocode": "720101", "tambon": "ต.ท่าพี่เลี้ยง", "amphoe": "อ.เมืองสุพรรณบุรี", "province": "จ.สุพรรณบุรี", "region_id": "1", "region_name": "ภาคกลาง", "station": "เมืองสุพรรณบุรี", "latitude": 14.4705, "longitude": 100.11475, "sum_rainfall_mm": 84.6, "observed_at": "2026-09-27T14:00:00+07:00", "warning_group": "area_nearby"}, "geometry": null}, {"type": "Feature", "id": "area_nearby-720119", "properties": {"geocode": "720119", "tambon": "ต.โพธิ์พระยา", "amphoe": "อ.เมืองสุพรรณบุรี", "province": "จ.สุพรรณบุรี", "region_id": "1", "region_name": "ภาคกลาง", "station": "ท้ายปตร.โพธิ์พระยา", "latitude": 14.53181, "longitude": 100.12245, "sum_rainfall_mm": 117.4, "observed_at": "2026-09-27T14:00:00+07:00", "warning_group": "area_nearby"}, "geometry": null}, {"type": "Feature", "id": "area_nearby-720119", "properties": {"geocode": "720119", "tambon": "ต.โพธิ์พระยา", "amphoe": "อ.เมืองสุพรรณบุรี", "province": "จ.สุพรรณบุรี", "region_id": "1", "region_name": "ภาคกลาง", "station": "เหนือปตร.โพธิ์พระยา", "latitude": 14.53248, "longitude": 100.12224, "sum_rainfall_mm": 116.80000000000001, "observed_at": "2026-09-27T14:00:00+07:00", "warning_group": "area_nearby"}, "geometry": null}, {"type": "Feature", "id": "area_nearby-720703", "properties": {"geocode": "720703", "tambon": "ต.บางตาเถร", "amphoe": "อ.สองพี่น้อง", "province": "จ.สุพรรณบุรี", "region_id": "1", "region_name": "ภาคกลาง", "station": "วัดท่าเจดีย์ (TTC06)", "latitude": 14.15657, "longitude": 100.12744, "sum_rainfall_mm": 114.4, "observed_at": "2026-09-27T14:00:00+07:00", "warning_group": "area_nearby"}, "geometry": null}, {"type": "Feature", "id": "area_nearby-720703", "properties": {"geocode": "720703", "tambon": "ต.บางตาเถร", "amphoe": "อ.สองพี่น้อง", "province": "จ.สุพรรณบุรี", "region_id": "1", "region_name": "ภาคกลาง", "station": "ปตร.ปลายคลองบางซอ (ทุ่งเจ้าเจ็ด)", "latitude": 14.194874, "longitude": 100.13267, "sum_rainfall_mm": 115.0, "observed_at": "2026-09-27T14:00:00+07:00", "warning_group": "area_nearby"}, "geometry": null}, {"type": "Feature", "id": "area_nearby-720701", "properties": {"geocode": "720701", "tambon": "ต.สองพี่น้อง", "amphoe": "อ.สองพี่น้อง", "province": "จ.สุพรรณบุรี", "region_id": "1", "region_name": "ภาคกลาง", "station": "สองพี่น้อง", "latitude": 14.21608, "longitude": 100.05017, "sum_rainfall_mm": 102.4, "observed_at": "2026-09-27T14:00:00+07:00", "warning_group": "area_nearby"}, "geometry": null}, {"type": "Feature", "id": "area_nearby-720803", "properties": {"geocode": "720803", "tambon": "ต.สามชุก", "amphoe": "อ.สามชุก", "province": "จ.สุพรรณบุรี", "region_id": "1", "region_name": "ภาคกลาง", "station": "ปตร.สามชุก", "latitude": 14.772463, "longitude": 100.088281, "sum_rainfall_mm": 0.0, "observed_at": "2026-09-27T14:00:00+07:00", "warning_group": "area_nearby"}, "geometry": null}, {"type": "Feature", "id": "area_nearby-720803", "properties": {"geocode": "720803", "tambon": "ต.สามชุก", "amphoe": "อ.สามชุก", "province": "จ.สุพรรณบุรี", "region_id": "1", "region_name": "ภาคกลาง", "station": "สามชุก", "latitude": 14.75138, "longitude": 100.09592, "sum_rainfall_mm": 103.40000000000002, "observed_at": "2026-09-27T14:00:00+07:00", "warning_group": "area_nearby"}, "geometry": null}, {"type": "Feature", "id": "area_nearby-720803", "properties": {"geocode": "720803", "tambon": "ต.สามชุก", "amphoe": "อ.สามชุก", "province": "จ.สุพรรณบุรี", "region_id": "1", "region_name": "ภาคกลาง", "station": "ท้ายปตร.ชลมาร์คพิจารณ์", "latitude": 14.7706, "longitude": 100.08824, "sum_rainfall_mm": 115.4, "observed_at": "2026-09-27T14:00:00+07:00", "warning_group": "area_nearby"}, "geometry": null}, {"type": "Feature", "id": "area_nearby-720803", "properties": {"geocode": "720803", "tambon": "ต.สามชุก", "amphoe": "อ.สามชุก", "province": "จ.สุพรรณบุรี", "region_id": "1", "region_name": "ภาคกลาง", "station": "เหนือปตร.ชลมาร์คพิจารณ์", "latitude": 14.77118, "longitude": 100.0884, "sum_rainfall_mm": 110.6, "observed_at": "2026-09-27T14:00:00+07:00", "warning_group": "area_nearby"}, "geometry": null}, {"type": "Feature", "id": "area_nearby-150302", "properties": {"geocode": "150302", "tambon": "ต.ป่าโมก", "amphoe": "อ.ป่าโมก", "province": "จ.อ่างทอง", "region_id": "1", "region_name": "ภาคกลาง", "station": "สะพานป่าโมก", "latitude": 14.498074, "longitude": 100.44962, "sum_rainfall_mm": 103.0, "observed_at": "2026-09-27T14:00:00+07:00", "warning_group": "area_nearby"}, "geometry": null}, {"type": "Feature", "id": "area_nearby-610205", "properties": {"geocode": "610205", "tambon": "ต.โคกหม้อ", "amphoe": "อ.ทัพทัน", "province": "จ.อุทัยธานี", "region_id": "1", "region_name": "ภาคกลาง", "station": "วัดโคกหม้อ", "latitude": 15.534278, "longitude": 99.899083, "sum_rainfall_mm": 151.0, "observed_at": "2026-09-27T14:00:00+07:00", "warning_group": "area_nearby"}, "geometry": null}, {"type": "Feature", "id": "area_nearby-610201", "properties": {"geocode": "610201", "tambon": "ต.ทัพทัน", "amphoe": "อ.ทัพทัน", "province": "จ.อุทัยธานี", "region_id": "1", "region_name": "ภาคกลาง", "station": "ทต.ทัพทัน", "latitude": 15.45764, "longitude": 99.89484, "sum_rainfall_mm": 92.80000000000001, "observed_at": "2026-09-27T14:00:00+07:00", "warning_group": "area_nearby"}, "geometry": null}, {"type": "Feature", "id": "area_nearby-610607", "properties": {"geocode": "610607", "tambon": "ต.แก่นมะกรูด", "amphoe": "อ.บ้านไร่", "province": "จ.อุทัยธานี", "region_id": "1", "region_name": "ภาคกลาง", "station": "บ้านใหม่คลองอังวะ", "latitude": 15.161769, "longitude": 99.28896, "sum_rainfall_mm": 16.0, "observed_at": "2026-09-26T07:00:00+07:00", "warning_group": "area_nearby"}, "geometry": null}, {"type": "Feature", "id": "area_nearby-610607", "properties": {"geocode": "610607", "tambon": "ต.แก่นมะกรูด", "amphoe": "อ.บ้านไร่", "province": "จ.อุทัยธานี", "region_id": "1", "region_name": "ภาคกลาง", "station": "หน่วยพิทักษ์ป่าเขาบันได", "latitude": 15.27736, "longitude": 99.15219, "sum_rainfall_mm": 0.0, "observed_at": "2026-09-27T13:00:00+07:00", "warning_group": "area_nearby"}, "geometry": null}, {"type": "Feature", "id": "area_nearby-610607", "properties": {"geocode": "610607", "tambon": "ต.แก่นมะกรูด", "amphoe": "อ.บ้านไร่", "province": "จ.อุทัยธานี", "region_id": "1", "region_name": "ภาคกลาง", "station": "รพสต.แก่นมะกรูด", "latitude": 15.16183, "longitude": 99.28896, "sum_rainfall_mm": 24.4, "observed_at": "2026-09-26T07:00:00+07:00", "warning_group": "area_nearby"}, "geometry": null}, {"type": "Feature", "id": "area_nearby-610604", "properties": {"geocode": "610604", "tambon": "ต.คอกควาย", "amphoe": "อ.บ้านไร่", "province": "จ.อุทัยธานี", "region_id": "1", "region_name": "ภาคกลาง", "station": "บ้านไร่ใหม่", "latitude": 15.230766, "longitude": 99.463888, "sum_rainfall_mm": 68.0, "observed_at": "2026-09-27T13:00:00+07:00", "warning_group": "area_nearby"}, "geometry": null}, {"type": "Feature", "id": "area_nearby-610604", "properties": {"geocode": "610604", "tambon": "ต.คอกควาย", "amphoe": "อ.บ้านไร่", "province": "จ.อุทัยธานี", "region_id": "1", "region_name": "ภาคกลาง", "station": "บ้านห้วยลึก", "latitude": 15.218677, "longitude": 99.50252, "sum_rainfall_mm": 24.0, "observed_at": "2026-09-27T13:00:00+07:00", "warning_group": "area_nearby"}, "geometry": null}, {"type": "Feature", "id": "area_nearby-610604", "properties": {"geocode": "610604", "tambon": "ต.คอกควาย", "amphoe": "อ.บ้านไร่", "province": "จ.อุทัยธานี", "region_id": "1", "region_name": "ภาคกลาง", "station": "บ้านปางสวรรค์", "latitude": 15.203169, "longitude": 99.420237, "sum_rainfall_mm": 48.0, "observed_at": "2026-09-27T13:00:00+07:00", "warning_group": "area_nearby"}, "geometry": null}, {"type": "Feature", "id": "area_nearby-610604", "properties": {"geocode": "610604", "tambon": "ต.คอกควาย", "amphoe": "อ.บ้านไร่", "province": "จ.อุทัยธานี", "region_id": "1", "region_name": "ภาคกลาง", "station": "บ้านกระแหน่", "latitude": 15.294661, "longitude": 99.43493, "sum_rainfall_mm": 35.5, "observed_at": "2026-09-27T13:00:00+07:00", "warning_group": "area_nearby"}, "geometry": null}, {"type": "Feature", "id": "area_nearby-610604", "properties": {"geocode": "610604", "tambon": "ต.คอกควาย", "amphoe": "อ.บ้านไร่", "province": "จ.อุทัยธานี", "region_id": "1", "region_name": "ภาคกลาง", "station": "หน่วยพิทักษ์ป่าเขาปันโส", "latitude": 15.23958, "longitude": 99.40895, "sum_rainfall_mm": 136.79999999999998, "observed_at": "2026-09-27T14:00:00+07:00", "warning_group": "area_nearby"}, "geometry": null}, {"type": "Feature", "id": "area_nearby-610614", "properties": {"geocode": "610614", "tambon": "ต.เจ้าวัด", "amphoe": "อ.บ้านไร่", "province": "จ.อุทัยธานี", "region_id": "1", "region_name": "ภาคกลาง", "station": "บ้านอีพุ่งใหญ่", "latitude": 15.17196, "longitude": 99.48342, "sum_rainfall_mm": 0.0, "observed_at": "2026-09-27T13:00:00+07:00", "warning_group": "area_nearby"}, "geometry": null}, {"type": "Feature", "id": "area_nearby-610614", "properties": {"geocode": "610614", "tambon": "ต.เจ้าวัด", "amphoe": "อ.บ้านไร่", "province": "จ.อุทัยธานี", "region_id": "1", "region_name": "ภาคกลาง", "station": "บ้านบุ่ง", "latitude": 15.12854, "longitude": 99.464856, "sum_rainfall_mm": 61.5, "observed_at": "2026-09-27T13:00:00+07:00", "warning_group": "area_nearby"}, "geometry": null}, {"type": "Feature", "id": "area_nearby-610611", "properties": {"geocode": "610611", "tambon": "ต.บ้านบึง", "amphoe": "อ.บ้านไร่", "province": "จ.อุทัยธานี", "region_id": "1", "region_name": "ภาคกลาง", "station": "บ้านหน้าฝาย", "latitude": 15.067142, "longitude": 99.542776, "sum_rainfall_mm": 83.5, "observed_at": "2026-09-27T13:00:00+07:00", "warning_group": "area_nearby"}, "geometry": null}, {"type": "Feature", "id": "area_nearby-610611", "properties": {"geocode": "610611", "tambon": "ต.บ้านบึง", "amphoe": "อ.บ้านไร่", "province": "จ.อุทัยธานี", "region_id": "1", "region_name": "ภาคกลาง", "station": "บ้านไร่พริก", "latitude": 14.991398, "longitude": 99.564953, "sum_rainfall_mm": 45.5, "observed_at": "2026-09-27T13:00:00+07:00", "warning_group": "area_nearby"}, "geometry": null}, {"type": "Feature", "id": "area_nearby-610601", "properties": {"geocode": "610601", "tambon": "ต.บ้านไร่", "amphoe": "อ.บ้านไร่", "province": "จ.อุทัยธานี", "region_id": "1", "region_name": "ภาคกลาง", "station": "บ้านหินตุ้ม", "latitude": 15.046578, "longitude": 99.476521, "sum_rainfall_mm": 64.5, "observed_at": "2026-09-27T13:00:00+07:00", "warning_group": "area_nearby"}, "geometry": null}, {"type": "Feature", "id": "area_nearby-610601", "properties": {"geocode": "610601", "tambon": "ต.บ้านไร่", "amphoe": "อ.บ้านไร่", "province": "จ.อุทัยธานี", "region_id": "1", "region_name": "ภาคกลาง", "station": "บ้านพุบอน", "latitude": 15.07572, "longitude": 99.419734, "sum_rainfall_mm": 3.0, "observed_at": "2026-09-27T13:00:00+07:00", "warning_group": "area_nearby"}, "geometry": null}, {"type": "Feature", "id": "area_nearby-610601", "properties": {"geocode": "610601", "tambon": "ต.บ้านไร่", "amphoe": "อ.บ้านไร่", "province": "จ.อุทัยธานี", "region_id": "1", "region_name": "ภาคกลาง", "station": "ศูนย์อปพร. อบต.บ้านไร่", "latitude": 15.08265, "longitude": 99.51935, "sum_rainfall_mm": 161.2, "observed_at": "2026-09-27T14:00:00+07:00", "warning_group": "area_nearby"}, "geometry": null}, {"type": "Feature", "id": "area_nearby-610609", "properties": {"geocode": "610609", "tambon": "ต.หนองจอก", "amphoe": "อ.บ้านไร่", "province": "จ.อุทัยธานี", "region_id": "1", "region_name": "ภาคกลาง", "station": "บ้านหนองยายเงิน", "latitude": 14.982663, "longitude": 99.678247, "sum_rainfall_mm": 0.0, "observed_at": "2026-09-27T13:00:00+07:00", "warning_group": "area_nearby"}, "geometry": null}, {"type": "Feature", "id": "area_nearby-610603", "properties": {"geocode": "610603", "tambon": "ต.ห้วยแห้ง", "amphoe": "อ.บ้านไร่", "province": "จ.อุทัยธานี", "region_id": "1", "region_name": "ภาคกลาง", "station": "บ้านผาทั่ง", "latitude": 15.1054, "longitude": 99.5358, "sum_rainfall_mm": 89.0, "observed_at": "2026-09-27T14:00:00+07:00", "warning_group": "area_nearby"}, "geometry": null}, {"type": "Feature", "id": "area_nearby-610603", "properties": {"geocode": "610603", "tambon": "ต.ห้วยแห้ง", "amphoe": "อ.บ้านไร่", "province": "จ.อุทัยธานี", "region_id": "1", "region_name": "ภาคกลาง", "station": "บ้านนาทุ่งเชือก", "latitude": 15.160483, "longitude": 99.544922, "sum_rainfall_mm": 44.0, "observed_at": "2026-09-27T13:00:00+07:00", "warning_group": "area_nearby"}, "geometry": null}, {"type": "Feature", "id": "area_nearby-610703", "properties": {"geocode": "610703", "tambon": "ต.ป่าอ้อ", "amphoe": "อ.ลานสัก", "province": "จ.อุทัยธานี", "region_id": "1", "region_name": "ภาคกลาง", "station": "บ้านซับป่าพลู", "latitude": 15.417764, "longitude": 99.509529, "sum_rainfall_mm": 56.5, "observed_at": "2026-09-27T13:00:00+07:00", "warning_group": "area_nearby"}, "geometry": null}, {"type": "Feature", "id": "area_nearby-610704", "properties": {"geocode": "610704", "tambon": "ต.ระบำ", "amphoe": "อ.ลานสัก", "province": "จ.อุทัยธานี", "region_id": "1", "region_name": "ภาคกลาง", "station": "เขื่อนทับเสลา", "latitude": 15.543873, "longitude": 99.447679, "sum_rainfall_mm": 86.0, "observed_at": "2026-09-27T14:00:00+07:00", "warning_group": "area_nearby"}, "geometry": null}, {"type": "Feature", "id": "area_nearby-610704", "properties": {"geocode": "610704", "tambon": "ต.ระบำ", "amphoe": "อ.ลานสัก", "province": "จ.อุทัยธานี", "region_id": "1", "region_name": "ภาคกลาง", "station": "บ้านโป่งสามสิบ", "latitude": 15.44668, "longitude": 99.453534, "sum_rainfall_mm": 34.0, "observed_at": "2026-09-27T13:00:00+07:00", "warning_group": "area_nearby"}, "geometry": null}, {"type": "Feature", "id": "area_nearby-610704", "properties": {"geocode": "610704", "tambon": "ต.ระบำ", "amphoe": "อ.ลานสัก", "province": "จ.อุทัยธานี", "region_id": "1", "region_name": "ภาคกลาง", "station": "หน่วยจัดการต้นน้ำและพัฒนาชุมชนในพื้นที่ป่าอนุรักษ์สะแกกรัง", "latitude": 15.502394, "longitude": 99.46196, "sum_rainfall_mm": 107.0, "observed_at": "2026-09-27T14:00:00+07:00", "warning_group": "area_nearby"}, "geometry": null}, {"type": "Feature", "id": "area_nearby-610701", "properties": {"geocode": "610701", "tambon": "ต.ลานสัก", "amphoe": "อ.ลานสัก", "province": "จ.อุทัยธานี", "region_id": "1", "region_name": "ภาคกลาง", "station": "อบต.ลานสัก", "latitude": 15.47279, "longitude": 99.53976, "sum_rainfall_mm": 126.60000000000001, "observed_at": "2026-09-27T14:00:00+07:00", "warning_group": "area_nearby"}, "geometry": null}, {"type": "Feature", "id": "area_nearby-610301", "properties": {"geocode": "610301", "tambon": "ต.สว่างอารมณ์", "amphoe": "อ.สว่างอารมณ์", "province": "จ.อุทัยธานี", "region_id": "1", "region_name": "ภาคกลาง", "station": "อบต.สว่างแจ้งสบายใจ", "latitude": 15.559001, "longitude": 99.864809, "sum_rainfall_mm": 119.0, "observed_at": "2026-09-27T14:00:00+07:00", "warning_group": "area_nearby"}, "geometry": null}, {"type": "Feature", "id": "area_nearby-610301", "properties": {"geocode": "610301", "tambon": "ต.สว่างอารมณ์", "amphoe": "อ.สว่างอารมณ์", "province": "จ.อุทัยธานี", "region_id": "1", "region_name": "ภาคกลาง", "station": "ทต.สว่างอารมณ์", "latitude": 15.58538, "longitude": 99.86514, "sum_rainfall_mm": 148.2, "observed_at": "2026-09-27T14:00:00+07:00", "warning_group": "area_nearby"}, "geometry": null}, {"type": "Feature", "id": "area_nearby-610410", "properties": {"geocode": "610410", "tambon": "ต.เขากวางทอง", "amphoe": "อ.หนองฉาง", "province": "จ.อุทัยธานี", "region_id": "1", "region_name": "ภาคกลาง", "station": "ฝายทับเสลา", "latitude": 15.407623, "longitude": 99.714458, "sum_rainfall_mm": 101.0, "observed_at": "2026-09-27T14:00:00+07:00", "warning_group": "area_nearby"}, "geometry": null}, {"type": "Feature", "id": "area_nearby-610410", "properties": {"geocode": "610410", "tambon": "ต.เขากวางทอง", "amphoe": "อ.หนองฉาง", "province": "จ.อุทัยธานี", "region_id": "1", "region_name": "ภาคกลาง", "station": "บ้านสนามบิน", "latitude": 15.396463, "longitude": 99.661082, "sum_rainfall_mm": 63.0, "observed_at": "2026-09-27T13:00:00+07:00", "warning_group": "area_nearby"}, "geometry": null}, {"type": "Feature", "id": "area_nearby-610401", "properties": {"geocode": "610401", "tambon": "ต.หนองฉาง", "amphoe": "อ.หนองฉาง", "province": "จ.อุทัยธานี", "region_id": "1", "region_name": "ภาคกลาง", "station": "ทต.หนองฉาง", "latitude": 15.38896, "longitude": 99.84505, "sum_rainfall_mm": 102.4, "observed_at": "2026-09-27T14:00:00+07:00", "warning_group": "area_nearby"}, "geometry": null}, {"type": "Feature", "id": "area_nearby-610801", "properties": {"geocode": "610801", "tambon": "ต.สุขฤทัย", "amphoe": "อ.ห้วยคต", "province": "จ.อุทัยธานี", "region_id": "1", "region_name": "ภาคกลาง", "station": "บ้านกกงิ้ว", "latitude": 15.304712, "longitude": 99.648582, "sum_rainfall_mm": 75.0, "observed_at": "2026-09-27T13:00:00+07:00", "warning_group": "area_nearby"}, "geometry": null}, {"type": "Feature", "id": "area_nearby-610801", "properties": {"geocode": "610801", "tambon": "ต.สุขฤทัย", "amphoe": "อ.ห้วยคต", "province": "จ.อุทัยธานี", "region_id": "1", "region_name": "ภาคกลาง", "station": "บ้านวังบ่าง", "latitude": 15.312792, "longitude": 99.658732, "sum_rainfall_mm": 33.5, "observed_at": "2026-09-27T13:00:00+07:00", "warning_group": "area_nearby"}, "geometry": null}, {"type": "Feature", "id": "area_nearby-610803", "properties": {"geocode": "610803", "tambon": "ต.ห้วยคต", "amphoe": "อ.ห้วยคต", "province": "จ.อุทัยธานี", "region_id": "1", "region_name": "ภาคกลาง", "station": "บ้านหินโหง่น", "latitude": 15.234026, "longitude": 99.588856, "sum_rainfall_mm": 54.5, "observed_at": "2026-09-27T13:00:00+07:00", "warning_group": "area_nearby"}, "geometry": null}, {"type": "Feature", "id": "area_nearby-610803", "properties": {"geocode": "610803", "tambon": "ต.ห้วยคต", "amphoe": "อ.ห้วยคต", "province": "จ.อุทัยธานี", "region_id": "1", "region_name": "ภาคกลาง", "station": "บ้านหนองจอก", "latitude": 15.277273, "longitude": 99.554759, "sum_rainfall_mm": 41.5, "observed_at": "2026-09-27T13:00:00+07:00", "warning_group": "area_nearby"}, "geometry": null}, {"type": "Feature", "id": "area_nearby-610803", "properties": {"geocode": "610803", "tambon": "ต.ห้วยคต", "amphoe": "อ.ห้วยคต", "province": "จ.อุทัยธานี", "region_id": "1", "region_name": "ภาคกลาง", "station": "บ้านกลาง", "latitude": 15.313404, "longitude": 99.58156, "sum_rainfall_mm": 62.0, "observed_at": "2026-09-27T13:00:00+07:00", "warning_group": "area_nearby"}, "geometry": null}, {"type": "Feature", "id": "area_nearby-610803", "properties": {"geocode": "610803", "tambon": "ต.ห้วยคต", "amphoe": "อ.ห้วยคต", "province": "จ.อุทัยธานี", "region_id": "1", "region_name": "ภาคกลาง", "station": "อบต.ห้วยคต", "latitude": 15.30362, "longitude": 99.60969, "sum_rainfall_mm": 116.60000000000002, "observed_at": "2026-09-27T14:00:00+07:00", "warning_group": "area_nearby"}, "geometry": null}, {"type": "Feature", "id": "area_nearby-220901", "properties": {"geocode": "220901", "tambon": "ต.นายายอาม", "amphoe": "อ.นายายอาม", "province": "จ.จันทบุรี", "region_id": "2", "region_name": "ภาคตะวันออก", "station": "อบต.นายายอาม", "latitude": 12.77083, "longitude": 101.85303, "sum_rainfall_mm": 234.60000000000002, "observed_at": "2026-09-27T14:00:00+07:00", "warning_group": "area_nearby"}, "geometry": null}, {"type": "Feature", "id": "area_nearby-220906", "properties": {"geocode": "220906", "tambon": "ต.วังใหม่", "amphoe": "อ.นายายอาม", "province": "จ.จันทบุรี", "region_id": "2", "region_name": "ภาคตะวันออก", "station": "นายายอาม", "latitude": 12.722433, "longitude": 101.95606, "sum_rainfall_mm": 0.2, "observed_at": "2026-09-27T14:00:00+07:00", "warning_group": "area_nearby"}, "geometry": null}, {"type": "Feature", "id": "area_nearby-220506", "properties": {"geocode": "220506", "tambon": "ต.ฉมัน", "amphoe": "อ.มะขาม", "province": "จ.จันทบุรี", "region_id": "2", "region_name": "ภาคตะวันออก", "station": "บ้านตะบกเตี้ย", "latitude": 12.822394, "longitude": 102.233618, "sum_rainfall_mm": 55.0, "observed_at": "2026-09-27T13:00:00+07:00", "warning_group": "area_nearby"}, "geometry": null}, {"type": "Feature", "id": "area_nearby-220503", "properties": {"geocode": "220503", "tambon": "ต.ปัถวี", "amphoe": "อ.มะขาม", "province": "จ.จันทบุรี", "region_id": "2", "region_name": "ภาคตะวันออก", "station": "ทต.ปัถวี", "latitude": 12.74261, "longitude": 102.23263, "sum_rainfall_mm": 181.8, "observed_at": "2026-09-27T14:00:00+07:00", "warning_group": "area_nearby"}, "geometry": null}, {"type": "Feature", "id": "area_nearby-220504", "properties": {"geocode": "220504", "tambon": "ต.วังแซ้ม", "amphoe": "อ.มะขาม", "province": "จ.จันทบุรี", "region_id": "2", "region_name": "ภาคตะวันออก", "station": "วัดโคกตะพง (แกลง)", "latitude": 12.78168, "longitude": 102.17328, "sum_rainfall_mm": 159.60000000000002, "observed_at": "2026-09-27T14:00:00+07:00", "warning_group": "area_nearby"}, "geometry": null}, {"type": "Feature", "id": "area_nearby-240308", "properties": {"geocode": "240308", "tambon": "ต.ดอนฉิมพลี", "amphoe": "อ.บางน้ำเปรี้ยว", "province": "จ.ฉะเชิงเทรา", "region_id": "2", "region_name": "ภาคตะวันออก", "station": "อบต.ดอนฉิมพลี", "latitude": 13.90535, "longitude": 100.97028, "sum_rainfall_mm": 246.0, "observed_at": "2026-09-27T14:00:00+07:00", "warning_group": "area_nearby"}, "geometry": null}, {"type": "Feature", "id": "area_nearby-240302", "properties": {"geocode": "240302", "tambon": "ต.บางขนาก", "amphoe": "อ.บางน้ำเปรี้ยว", "province": "จ.ฉะเชิงเทรา", "region_id": "2", "region_name": "ภาคตะวันออก", "station": "บางขนาก", "latitude": 13.874795, "longitude": 101.141647, "sum_rainfall_mm": 103.5, "observed_at": "2026-09-27T14:00:00+07:00", "warning_group": "area_nearby"}, "geometry": null}, {"type": "Feature", "id": "area_nearby-240302", "properties": {"geocode": "240302", "tambon": "ต.บางขนาก", "amphoe": "อ.บางน้ำเปรี้ยว", "province": "จ.ฉะเชิงเทรา", "region_id": "2", "region_name": "ภาคตะวันออก", "station": "บางน้ำเปรี้ยว", "latitude": 13.87032, "longitude": 101.14574, "sum_rainfall_mm": 124.8, "observed_at": "2026-09-27T14:00:00+07:00", "warning_group": "area_nearby"}, "geometry": null}, {"type": "Feature", "id": "area_nearby-240301", "properties": {"geocode": "240301", "tambon": "ต.บางน้ำเปรี้ยว", "amphoe": "อ.บางน้ำเปรี้ยว", "province": "จ.ฉะเชิงเทรา", "region_id": "2", "region_name": "ภาคตะวันออก", "station": "ปากคลองพระองค์เจ้าฯ (บางน้ำเปรี้ยว)", "latitude": 13.83819, "longitude": 100.9666, "sum_rainfall_mm": 162.39999999999998, "observed_at": "2026-09-27T14:00:00+07:00", "warning_group": "area_nearby"}, "geometry": null}, {"type": "Feature", "id": "area_nearby-240309", "properties": {"geocode": "240309", "tambon": "ต.ศาลาแดง", "amphoe": "อ.บางน้ำเปรี้ยว", "province": "จ.ฉะเชิงเทรา", "region_id": "2", "region_name": "ภาคตะวันออก", "station": "ปตร.คลองหลวงแพ่ง", "latitude": 13.81321, "longitude": 100.93742, "sum_rainfall_mm": 35.0, "observed_at": "2026-09-27T14:00:00+07:00", "warning_group": "area_nearby"}, "geometry": null}, {"type": "Feature", "id": "area_nearby-240410", "properties": {"geocode": "240410", "tambon": "ต.ท่าข้าม", "amphoe": "อ.บางปะกง", "province": "จ.ฉะเชิงเทรา", "region_id": "2", "region_name": "ภาคตะวันออก", "station": "ปากแม่น้ำบางปะกง", "latitude": 13.474833, "longitude": 100.98196, "sum_rainfall_mm": 185.5, "observed_at": "2026-09-27T14:00:00+07:00", "warning_group": "area_nearby"}, "geometry": null}, {"type": "Feature", "id": "area_nearby-240402", "properties": {"geocode": "240402", "tambon": "ต.ท่าสะอ้าน", "amphoe": "อ.บางปะกง", "province": "จ.ฉะเชิงเทรา", "region_id": "2", "region_name": "ภาคตะวันออก", "station": "บางปะกง", "latitude": 13.54901, "longitude": 101.00111, "sum_rainfall_mm": 315.0, "observed_at": "2026-09-27T14:00:00+07:00", "warning_group": "area_nearby"}, "geometry": null}, {"type": "Feature", "id": "area_nearby-240501", "properties": {"geocode": "240501", "tambon": "ต.บ้านโพธิ์", "amphoe": "อ.บ้านโพธิ์", "province": "จ.ฉะเชิงเทรา", "region_id": "2", "region_name": "ภาคตะวันออก", "station": "บ้านโพธิ์", "latitude": 13.58335, "longitude": 101.070917, "sum_rainfall_mm": 329.5, "observed_at": "2026-09-27T14:00:00+07:00", "warning_group": "area_nearby"}, "geometry": null}, {"type": "Feature", "id": "area_nearby-240601", "properties": {"geocode": "240601", "tambon": "ต.เกาะขนุน", "amphoe": "อ.พนมสารคาม", "province": "จ.ฉะเชิงเทรา", "region_id": "2", "region_name": "ภาคตะวันออก", "station": "ฝายท่าลาด", "latitude": 13.707719, "longitude": 101.401415, "sum_rainfall_mm": 131.0, "observed_at": "2026-09-27T14:00:00+07:00", "warning_group": "area_nearby"}, "geometry": null}, {"type": "Feature", "id": "area_nearby-240601", "properties": {"geocode": "240601", "tambon": "ต.เกาะขนุน", "amphoe": "อ.พนมสารคาม", "province": "จ.ฉะเชิงเทรา", "region_id": "2", "region_name": "ภาคตะวันออก", "station": "พนมสารคาม", "latitude": 13.72662, "longitude": 101.35298, "sum_rainfall_mm": 221.60000000000002, "observed_at": "2026-09-27T14:00:00+07:00", "warning_group": "area_nearby"}, "geometry": null}, {"type": "Feature", "id": "area_nearby-240607", "properties": {"geocode": "240607", "tambon": "ต.หนองแหน", "amphoe": "อ.พนมสารคาม", "province": "จ.ฉะเชิงเทรา", "region_id": "2", "region_name": "ภาคตะวันออก", "station": "อบต.หนองแหน", "latitude": 13.68338, "longitude": 101.32512, "sum_rainfall_mm": 221.6, "observed_at": "2026-09-27T14:00:00+07:00", "warning_group": "area_nearby"}, "geometry": null}, {"type": "Feature", "id": "area_nearby-240108", "properties": {"geocode": "240108", "tambon": "ต.บางแก้ว", "amphoe": "อ.เมืองฉะเชิงเทรา", "province": "จ.ฉะเชิงเทรา", "region_id": "2", "region_name": "ภาคตะวันออก", "station": "เขื่อนทดน้ำบางปะกง", "latitude": 13.706797, "longitude": 101.136945, "sum_rainfall_mm": 0.0, "observed_at": "2026-09-27T14:00:00+07:00", "warning_group": "area_nearby"}, "geometry": null}, {"type": "Feature", "id": "area_nearby-240109", "properties": {"geocode": "240109", "tambon": "ต.บางขวัญ", "amphoe": "อ.เมืองฉะเชิงเทรา", "province": "จ.ฉะเชิงเทรา", "region_id": "2", "region_name": "ภาคตะวันออก", "station": "อบต.บางขวัญ", "latitude": 13.74984, "longitude": 101.07751, "sum_rainfall_mm": 220.20000000000005, "observed_at": "2026-09-27T14:00:00+07:00", "warning_group": "area_nearby"}, "geometry": null}, {"type": "Feature", "id": "area_nearby-200202", "properties": {"geocode": "200202", "tambon": "ต.คลองกิ่ว", "amphoe": "อ.บ้านบึง", "province": "จ.ชลบุรี", "region_id": "2", "region_name": "ภาคตะวันออก", "station": "หน่วยพิทักษ์ป่ามาบลำบิด", "latitude": 13.164513, "longitude": 101.15418, "sum_rainfall_mm": 0.0, "observed_at": "2026-09-27T14:00:00+07:00", "warning_group": "area_nearby"}, "geometry": null}, {"type": "Feature", "id": "area_nearby-200202", "properties": {"geocode": "200202", "tambon": "ต.คลองกิ่ว", "amphoe": "อ.บ้านบึง", "province": "จ.ชลบุรี", "region_id": "2", "region_name": "ภาคตะวันออก", "station": "โรงเรียนวัดหนองน้ำเขียว", "latitude": 13.234701, "longitude": 101.11684, "sum_rainfall_mm": 111.4, "observed_at": "2026-09-27T14:00:00+07:00", "warning_group": "area_nearby"}, "geometry": null}, {"type": "Feature", "id": "area_nearby-200204", "properties": {"geocode": "200204", "tambon": "ต.หนองซ้ำซาก", "amphoe": "อ.บ้านบึง", "province": "จ.ชลบุรี", "region_id": "2", "region_name": "ภาคตะวันออก", "station": "หน่วยพิทักษ์ป่าอ่างช้างน้ำ", "latitude": 13.2743, "longitude": 101.082, "sum_rainfall_mm": 214.0, "observed_at": "2026-09-27T14:00:00+07:00", "warning_group": "area_nearby"}, "geometry": null}, {"type": "Feature", "id": "area_nearby-200706", "properties": {"geocode": "200706", "tambon": "ต.เขาคันทรง", "amphoe": "อ.ศรีราชา", "province": "จ.ชลบุรี", "region_id": "2", "region_name": "ภาคตะวันออก", "station": "บ้านเขาคันทรง", "latitude": 13.11583, "longitude": 101.167548, "sum_rainfall_mm": 0.0, "observed_at": "2026-09-27T13:00:00+07:00", "warning_group": "area_nearby"}, "geometry": null}, {"type": "Feature", "id": "area_nearby-200706", "properties": {"geocode": "200706", "tambon": "ต.เขาคันทรง", "amphoe": "อ.ศรีราชา", "province": "จ.ชลบุรี", "region_id": "2", "region_name": "ภาคตะวันออก", "station": "หน่วยพิทักษ์ป่าเขาช่องลม", "latitude": 13.157225, "longitude": 101.11463, "sum_rainfall_mm": 43.0, "observed_at": "2026-09-27T14:00:00+07:00", "warning_group": "area_nearby"}, "geometry": null}, {"type": "Feature", "id": "area_nearby-200707", "properties": {"geocode": "200707", "tambon": "ต.บางพระ", "amphoe": "อ.ศรีราชา", "province": "จ.ชลบุรี", "region_id": "2", "region_name": "ภาคตะวันออก", "station": "ที่ทำการเขตรักษาพันธุ์สัตว์ป่าเขาเขียว-เขาชมภู่", "latitude": 13.240835, "longitude": 101.04208, "sum_rainfall_mm": 241.0, "observed_at": "2026-09-27T14:00:00+07:00", "warning_group": "area_nearby"}, "geometry": null}, {"type": "Feature", "id": "area_nearby-200707", "properties": {"geocode": "200707", "tambon": "ต.บางพระ", "amphoe": "อ.ศรีราชา", "province": "จ.ชลบุรี", "region_id": "2", "region_name": "ภาคตะวันออก", "station": "สำนักสงฆ์โสธรรมนิมิตร", "latitude": 13.168441, "longitude": 101.03034, "sum_rainfall_mm": 132.4, "observed_at": "2026-09-27T14:00:00+07:00", "warning_group": "area_nearby"}, "geometry": null}, {"type": "Feature", "id": "area_nearby-200701", "properties": {"geocode": "200701", "tambon": "ต.ศรีราชา", "amphoe": "อ.ศรีราชา", "province": "จ.ชลบุรี", "region_id": "2", "region_name": "ภาคตะวันออก", "station": "สถานีวิจัยประมงศรีราชา", "latitude": 13.185876, "longitude": 100.916916, "sum_rainfall_mm": 118.19999999999999, "observed_at": "2026-09-27T14:00:00+07:00", "warning_group": "area_nearby"}, "geometry": null}, {"type": "Feature", "id": "area_nearby-230701", "properties": {"geocode": "230701", "tambon": "ต.เกาะช้าง", "amphoe": "อ.เกาะช้าง", "province": "จ.ตราด", "region_id": "2", "region_name": "ภาคตะวันออก", "station": "บ้านคลองสน", "latitude": 12.131568, "longitude": 102.277121, "sum_rainfall_mm": 0.0, "observed_at": "2026-09-27T13:00:00+07:00", "warning_group": "area_nearby"}, "geometry": null}, {"type": "Feature", "id": "area_nearby-230701", "properties": {"geocode": "230701", "tambon": "ต.เกาะช้าง", "amphoe": "อ.เกาะช้าง", "province": "จ.ตราด", "region_id": "2", "region_name": "ภาคตะวันออก", "station": "บ้านคลองพร้าว", "latitude": 12.060854, "longitude": 102.307228, "sum_rainfall_mm": 80.5, "observed_at": "2026-09-27T13:00:00+07:00", "warning_group": "area_nearby"}, "geometry": null}, {"type": "Feature", "id": "area_nearby-230701", "properties": {"geocode": "230701", "tambon": "ต.เกาะช้าง", "amphoe": "อ.เกาะช้าง", "province": "จ.ตราด", "region_id": "2", "region_name": "ภาคตะวันออก", "station": "ที่ทำการอุทยานแห่งชาติเกาะช้าง", "latitude": 12.12542, "longitude": 102.26843, "sum_rainfall_mm": 269.8, "observed_at": "2026-09-27T14:00:00+07:00", "warning_group": "area_nearby"}, "geometry": null}, {"type": "Feature", "id": "area_nearby-230702", "properties": {"geocode": "230702", "tambon": "ต.เกาะช้างใต้", "amphoe": "อ.เกาะช้าง", "province": "จ.ตราด", "region_id": "2", "region_name": "ภาคตะวันออก", "station": "บ้านสลักเพชรเหนือ", "latitude": 12.009583, "longitude": 102.366823, "sum_rainfall_mm": 40.0, "observed_at": "2026-09-27T13:00:00+07:00", "warning_group": "area_nearby"}, "geometry": null}, {"type": "Feature", "id": "area_nearby-230308", "properties": {"geocode": "230308", "tambon": "ต.ทุ่งนนทรี", "amphoe": "อ.เขาสมิง", "province": "จ.ตราด", "region_id": "2", "region_name": "ภาคตะวันออก", "station": "เขาสมิง", "latitude": 12.348571, "longitude": 102.454615, "sum_rainfall_mm": 10.0, "observed_at": "2026-09-27T14:00:00+07:00", "warning_group": "area_nearby"}, "geometry": null}, {"type": "Feature", "id": "area_nearby-230307", "properties": {"geocode": "230307", "tambon": "ต.เทพนิมิต", "amphoe": "อ.เขาสมิง", "province": "จ.ตราด", "region_id": "2", "region_name": "ภาคตะวันออก", "station": "วัดเทพนิมิต", "latitude": 12.433914, "longitude": 102.433072, "sum_rainfall_mm": 122.0, "observed_at": "2026-09-27T14:00:00+07:00", "warning_group": "area_nearby"}, "geometry": null}, {"type": "Feature", "id": "area_nearby-230306", "properties": {"geocode": "230306", "tambon": "ต.ประณีต", "amphoe": "อ.เขาสมิง", "province": "จ.ตราด", "region_id": "2", "region_name": "ภาคตะวันออก", "station": "คลองประณีต บ.ตลุง", "latitude": 12.511324, "longitude": 102.37168, "sum_rainfall_mm": 183.6, "observed_at": "2026-09-27T14:00:00+07:00", "warning_group": "area_nearby"}, "geometry": null}, {"type": "Feature", "id": "area_nearby-230303", "properties": {"geocode": "230303", "tambon": "ต.วังตะเคียน", "amphoe": "อ.เขาสมิง", "province": "จ.ตราด", "region_id": "2", "region_name": "ภาคตะวันออก", "station": "คลองโสน", "latitude": 12.513374, "longitude": 102.50484, "sum_rainfall_mm": 159.8, "observed_at": "2026-09-27T14:00:00+07:00", "warning_group": "area_nearby"}, "geometry": null}, {"type": "Feature", "id": "area_nearby-230305", "properties": {"geocode": "230305", "tambon": "ต.สะตอ", "amphoe": "อ.เขาสมิง", "province": "จ.ตราด", "region_id": "2", "region_name": "ภาคตะวันออก", "station": "อบต.สะตอ", "latitude": 12.53639, "longitude": 102.44429, "sum_rainfall_mm": 163.8, "observed_at": "2026-09-27T14:00:00+07:00", "warning_group": "area_nearby"}, "geometry": null}, {"type": "Feature", "id": "area_nearby-230202", "properties": {"geocode": "230202", "tambon": "ต.ไม้รูด", "amphoe": "อ.คลองใหญ่", "province": "จ.ตราด", "region_id": "2", "region_name": "ภาคตะวันออก", "station": "อบต.ไม้รูด", "latitude": 11.92743, "longitude": 102.77907, "sum_rainfall_mm": 177.20000000000002, "observed_at": "2026-09-27T14:00:00+07:00", "warning_group": "area_nearby"}, "geometry": null}, {"type": "Feature", "id": "area_nearby-230403", "properties": {"geocode": "230403", "tambon": "ต.ด่านชุมพล", "amphoe": "อ.บ่อไร่", "province": "จ.ตราด", "region_id": "2", "region_name": "ภาคตะวันออก", "station": "หน่วยพิทักษ์อุทยานแห่งชาติที่ คก. ๓ (เขาพลู)", "latitude": 12.4193, "longitude": 102.744, "sum_rainfall_mm": 95.4, "observed_at": "2026-09-27T14:00:00+07:00", "warning_group": "area_nearby"}, "geometry": null}, {"type": "Feature", "id": "area_nearby-230405", "properties": {"geocode": "230405", "tambon": "ต.นนทรีย์", "amphoe": "อ.บ่อไร่", "province": "จ.ตราด", "region_id": "2", "region_name": "ภาคตะวันออก", "station": "บ้านมะม่วง", "latitude": 12.549057, "longitude": 102.57967, "sum_rainfall_mm": 91.5, "observed_at": "2026-09-27T13:00:00+07:00", "warning_group": "area_nearby"}, "geometry": null}, {"type": "Feature", "id": "area_nearby-230405", "properties": {"geocode": "230405", "tambon": "ต.นนทรีย์", "amphoe": "อ.บ่อไร่", "province": "จ.ตราด", "region_id": "2", "region_name": "ภาคตะวันออก", "station": "วัดทุ่งตอง", "latitude": 12.515793, "longitude": 102.59027, "sum_rainfall_mm": 167.0, "observed_at": "2026-09-27T14:00:00+07:00", "warning_group": "area_nearby"}, "geometry": null}, {"type": "Feature", "id": "area_nearby-230401", "properties": {"geocode": "230401", "tambon": "ต.บ่อพลอย", "amphoe": "อ.บ่อไร่", "province": "จ.ตราด", "region_id": "2", "region_name": "ภาคตะวันออก", "station": "บ้านหมื่นด่าน", "latitude": 12.595746, "longitude": 102.578773, "sum_rainfall_mm": 88.5, "observed_at": "2026-09-27T13:00:00+07:00", "warning_group": "area_nearby"}, "geometry": null}, {"type": "Feature", "id": "area_nearby-230401", "properties": {"geocode": "230401", "tambon": "ต.บ่อพลอย", "amphoe": "อ.บ่อไร่", "province": "จ.ตราด", "region_id": "2", "region_name": "ภาคตะวันออก", "station": "บ้านตาบาด", "latitude": 12.60122, "longitude": 102.567709, "sum_rainfall_mm": 83.0, "observed_at": "2026-09-27T13:00:00+07:00", "warning_group": "area_nearby"}, "geometry": null}, {"type": "Feature", "id": "area_nearby-230401", "properties": {"geocode": "230401", "tambon": "ต.บ่อพลอย", "amphoe": "อ.บ่อไร่", "province": "จ.ตราด", "region_id": "2", "region_name": "ภาคตะวันออก", "station": "หน่วยจัดการต้นน้ำและพัฒนาชุมชนในพื้นที่ป่าอนุรักษ์คลองสะตอ", "latitude": 12.5973, "longitude": 102.608, "sum_rainfall_mm": 118.60000000000001, "observed_at": "2026-09-27T14:00:00+07:00", "warning_group": "area_nearby"}, "geometry": null}, {"type": "Feature", "id": "area_nearby-230404", "properties": {"geocode": "230404", "tambon": "ต.หนองบอน", "amphoe": "อ.บ่อไร่", "province": "จ.ตราด", "region_id": "2", "region_name": "ภาคตะวันออก", "station": "บ้านหนองบอน", "latitude": 12.681499, "longitude": 102.466076, "sum_rainfall_mm": 66.5, "observed_at": "2026-09-27T13:00:00+07:00", "warning_group": "area_nearby"}, "geometry": null}, {"type": "Feature", "id": "area_nearby-230404", "properties": {"geocode": "230404", "tambon": "ต.หนองบอน", "amphoe": "อ.บ่อไร่", "province": "จ.ตราด", "region_id": "2", "region_name": "ภาคตะวันออก", "station": "สะพานคลองสะตอ", "latitude": 12.7065, "longitude": 102.415, "sum_rainfall_mm": 113.0, "observed_at": "2026-09-27T14:00:00+07:00", "warning_group": "area_nearby"}, "geometry": null}, {"type": "Feature", "id": "area_nearby-230404", "properties": {"geocode": "230404", "tambon": "ต.หนองบอน", "amphoe": "อ.บ่อไร่", "province": "จ.ตราด", "region_id": "2", "region_name": "ภาคตะวันออก", "station": "ทต.หนองบอน", "latitude": 12.67735, "longitude": 102.45936, "sum_rainfall_mm": 192.39999999999998, "observed_at": "2026-09-27T14:00:00+07:00", "warning_group": "area_nearby"}, "geometry": null}, {"type": "Feature", "id": "area_nearby-230503", "properties": {"geocode": "230503", "tambon": "ต.บางปิด", "amphoe": "อ.แหลมงอบ", "province": "จ.ตราด", "region_id": "2", "region_name": "ภาคตะวันออก", "station": "อบต.บางปิด", "latitude": 12.21718, "longitude": 102.30766, "sum_rainfall_mm": 168.39999999999998, "observed_at": "2026-09-27T14:00:00+07:00", "warning_group": "area_nearby"}, "geometry": null}, {"type": "Feature", "id": "area_nearby-250201", "properties": {"geocode": "250201", "tambon": "ต.กบินทร์", "amphoe": "อ.กบินทร์บุรี", "province": "จ.ปราจีนบุรี", "region_id": "2", "region_name": "ภาคตะวันออก", "station": "กบินทร์บุรี", "latitude": 13.986616, "longitude": 101.70547, "sum_rainfall_mm": 106.19999999999999, "observed_at": "2026-09-27T14:00:00+07:00", "warning_group": "area_nearby"}, "geometry": null}, {"type": "Feature", "id": "area_nearby-250212", "properties": {"geocode": "250212", "tambon": "ต.นาแขม", "amphoe": "อ.กบินทร์บุรี", "province": "จ.ปราจีนบุรี", "region_id": "2", "region_name": "ภาคตะวันออก", "station": "อบต.นาแขม", "latitude": 14.04255, "longitude": 101.72051, "sum_rainfall_mm": 194.8, "observed_at": "2026-09-27T14:00:00+07:00", "warning_group": "area_nearby"}, "geometry": null}, {"type": "Feature", "id": "area_nearby-250214", "properties": {"geocode": "250214", "tambon": "ต.วังท่าช้าง", "amphoe": "อ.กบินทร์บุรี", "province": "จ.ปราจีนบุรี", "region_id": "2", "region_name": "ภาคตะวันออก", "station": "บ้านเนินหินกอง", "latitude": 13.782015, "longitude": 101.900566, "sum_rainfall_mm": 75.5, "observed_at": "2026-09-27T14:00:00+07:00", "warning_group": "area_nearby"}, "geometry": null}, {"type": "Feature", "id": "area_nearby-250214", "properties": {"geocode": "250214", "tambon": "ต.วังท่าช้าง", "amphoe": "อ.กบินทร์บุรี", "province": "จ.ปราจีนบุรี", "region_id": "2", "region_name": "ภาคตะวันออก", "station": "อบต.วังท่าช้าง", "latitude": 13.75941, "longitude": 101.88693, "sum_rainfall_mm": 82.6, "observed_at": "2026-09-27T14:00:00+07:00", "warning_group": "area_nearby"}, "geometry": null}, {"type": "Feature", "id": "area_nearby-250211", "properties": {"geocode": "250211", "tambon": "ต.หนองกี่", "amphoe": "อ.กบินทร์บุรี", "province": "จ.ปราจีนบุรี", "region_id": "2", "region_name": "ภาคตะวันออก", "station": "รพสต.บ้านโคกอุดม", "latitude": 14.06948, "longitude": 101.80991, "sum_rainfall_mm": 108.8, "observed_at": "2026-09-27T14:00:00+07:00", "warning_group": "area_nearby"}, "geometry": null}, {"type": "Feature", "id": "area_nearby-250211", "properties": {"geocode": "250211", "tambon": "ต.หนองกี่", "amphoe": "อ.กบินทร์บุรี", "province": "จ.ปราจีนบุรี", "region_id": "2", "region_name": "ภาคตะวันออก", "station": "เขตอุตสาหกรรมกบินทร์บุรี", "latitude": 14.072372, "longitude": 101.837494, "sum_rainfall_mm": 123.19999999999999, "observed_at": "2026-09-27T14:00:00+07:00", "warning_group": "area_nearby"}, "geometry": null}, {"type": "Feature", "id": "area_nearby-250305", "properties": {"geocode": "250305", "tambon": "ต.แก่งดินสอ", "amphoe": "อ.นาดี", "province": "จ.ปราจีนบุรี", "region_id": "2", "region_name": "ภาคตะวันออก", "station": "โรงเรียนบ้านหินเทิน", "latitude": 14.064819, "longitude": 102.01052, "sum_rainfall_mm": 126.80000000000001, "observed_at": "2026-09-27T14:00:00+07:00", "warning_group": "area_nearby"}, "geometry": null}, {"type": "Feature", "id": "area_nearby-250304", "properties": {"geocode": "250304", "tambon": "ต.ทุ่งโพธิ์", "amphoe": "อ.นาดี", "province": "จ.ปราจีนบุรี", "region_id": "2", "region_name": "ภาคตะวันออก", "station": "คลองห้วยยาง", "latitude": 14.136408, "longitude": 101.857475, "sum_rainfall_mm": 135.8, "observed_at": "2026-09-27T14:00:00+07:00", "warning_group": "area_nearby"}, "geometry": null}, {"type": "Feature", "id": "area_nearby-250306", "properties": {"geocode": "250306", "tambon": "ต.บุพราหมณ์", "amphoe": "อ.นาดี", "province": "จ.ปราจีนบุรี", "region_id": "2", "region_name": "ภาคตะวันออก", "station": "บ้าน กม.80", "latitude": 14.317818, "longitude": 101.837874, "sum_rainfall_mm": 71.5, "observed_at": "2026-09-27T13:00:00+07:00", "warning_group": "area_nearby"}, "geometry": null}, {"type": "Feature", "id": "area_nearby-250306", "properties": {"geocode": "250306", "tambon": "ต.บุพราหมณ์", "amphoe": "อ.นาดี", "province": "จ.ปราจีนบุรี", "region_id": "2", "region_name": "ภาคตะวันออก", "station": "บ้านวังหิน", "latitude": 14.263495, "longitude": 101.891589, "sum_rainfall_mm": 42.5, "observed_at": "2026-09-27T13:00:00+07:00", "warning_group": "area_nearby"}, "geometry": null}, {"type": "Feature", "id": "area_nearby-250306", "properties": {"geocode": "250306", "tambon": "ต.บุพราหมณ์", "amphoe": "อ.นาดี", "province": "จ.ปราจีนบุรี", "region_id": "2", "region_name": "ภาคตะวันออก", "station": "สะพานคลองลำพญาธาร", "latitude": 14.26568, "longitude": 101.89133, "sum_rainfall_mm": 108.99999999999999, "observed_at": "2026-09-27T14:00:00+07:00", "warning_group": "area_nearby"}, "geometry": null}, {"type": "Feature", "id": "area_nearby-250306", "properties": {"geocode": "250306", "tambon": "ต.บุพราหมณ์", "amphoe": "อ.นาดี", "province": "จ.ปราจีนบุรี", "region_id": "2", "region_name": "ภาคตะวันออก", "station": "หน่วยจัดการต้นน้ำและพัฒนาชุมชนในพื้นที่ป่าอนุรักษ์คลองยาง", "latitude": 14.324904, "longitude": 101.84176, "sum_rainfall_mm": 171.2, "observed_at": "2026-09-27T14:00:00+07:00", "warning_group": "area_nearby"}, "geometry": null}, {"type": "Feature", "id": "area_nearby-250306", "properties": {"geocode": "250306", "tambon": "ต.บุพราหมณ์", "amphoe": "อ.นาดี", "province": "จ.ปราจีนบุรี", "region_id": "2", "region_name": "ภาคตะวันออก", "station": "อบต.บุพราหมณ์", "latitude": 14.20791, "longitude": 101.90556, "sum_rainfall_mm": 146.4, "observed_at": "2026-09-27T14:00:00+07:00", "warning_group": "area_nearby"}, "geometry": null}, {"type": "Feature", "id": "area_nearby-250303", "properties": {"geocode": "250303", "tambon": "ต.สะพานหิน", "amphoe": "อ.นาดี", "province": "จ.ปราจีนบุรี", "region_id": "2", "region_name": "ภาคตะวันออก", "station": "นาดี", "latitude": 14.133605, "longitude": 101.72767, "sum_rainfall_mm": 132.60000000000002, "observed_at": "2026-09-27T14:00:00+07:00", "warning_group": "area_nearby"}, "geometry": null}, {"type": "Feature", "id": "area_nearby-250302", "properties": {"geocode": "250302", "tambon": "ต.สำพันตา", "amphoe": "อ.นาดี", "province": "จ.ปราจีนบุรี", "region_id": "2", "region_name": "ภาคตะวันออก", "station": "สะพานเจริญราษฎร์รังสรรค์", "latitude": 14.067594, "longitude": 101.75532, "sum_rainfall_mm": 111.20000000000002, "observed_at": "2026-09-27T14:00:00+07:00", "warning_group": "area_nearby"}, "geometry": null}, {"type": "Feature", "id": "area_nearby-250707", "properties": {"geocode": "250707", "tambon": "ต.บุฝ้าย", "amphoe": "อ.ประจันตคาม", "province": "จ.ปราจีนบุรี", "region_id": "2", "region_name": "ภาคตะวันออก", "station": "หน่วยพิทักษ์อุทยานแห่งชาติที่ ขญ.๑๐ (ประจันตคาม)", "latitude": 14.181167, "longitude": 101.592064, "sum_rainfall_mm": 214.8, "observed_at": "2026-09-27T14:00:00+07:00", "warning_group": "area_nearby"}, "geometry": null}, {"type": "Feature", "id": "area_nearby-250701", "properties": {"geocode": "250701", "tambon": "ต.ประจันตคาม", "amphoe": "อ.ประจันตคาม", "province": "จ.ปราจีนบุรี", "region_id": "2", "region_name": "ภาคตะวันออก", "station": "ประจันตคาม (KGT7A)", "latitude": 14.070941, "longitude": 101.51893, "sum_rainfall_mm": 173.2, "observed_at": "2026-09-27T13:00:00+07:00", "warning_group": "area_nearby"}, "geometry": null}, {"type": "Feature", "id": "area_nearby-250709", "properties": {"geocode": "250709", "tambon": "ต.โพธิ์งาม", "amphoe": "อ.ประจันตคาม", "province": "จ.ปราจีนบุรี", "region_id": "2", "region_name": "ภาคตะวันออก", "station": "ประจันตคาม", "latitude": 14.069966, "longitude": 101.518579, "sum_rainfall_mm": 213.0, "observed_at": "2026-09-27T14:00:00+07:00", "warning_group": "area_nearby"}, "geometry": null}, {"type": "Feature", "id": "area_nearby-250708", "properties": {"geocode": "250708", "tambon": "ต.หนองแก้ว", "amphoe": "อ.ประจันตคาม", "province": "จ.ปราจีนบุรี", "region_id": "2", "region_name": "ภาคตะวันออก", "station": "บ้านโคกเขื่อน", "latitude": 14.159991, "longitude": 101.521952, "sum_rainfall_mm": 105.0, "observed_at": "2026-09-27T13:00:00+07:00", "warning_group": "area_nearby"}, "geometry": null}, {"type": "Feature", "id": "area_nearby-250112", "properties": {"geocode": "250112", "tambon": "ต.เนินหอม", "amphoe": "อ.เมืองปราจีนบุรี", "province": "จ.ปราจีนบุรี", "region_id": "2", "region_name": "ภาคตะวันออก", "station": "บ้านหัวบุ่ง", "latitude": 14.199403, "longitude": 101.402909, "sum_rainfall_mm": 82.0, "observed_at": "2026-09-27T13:00:00+07:00", "warning_group": "area_nearby"}, "geometry": null}, {"type": "Feature", "id": "area_nearby-250112", "properties": {"geocode": "250112", "tambon": "ต.เนินหอม", "amphoe": "อ.เมืองปราจีนบุรี", "province": "จ.ปราจีนบุรี", "region_id": "2", "region_name": "ภาคตะวันออก", "station": "หน่วยจัดการต้นน้ำและพัฒนาชุมชนในพื้นที่ป่าอนุรักษ์เนินหอม", "latitude": 14.174927, "longitude": 101.43875, "sum_rainfall_mm": 0.0, "observed_at": "2026-09-27T14:00:00+07:00", "warning_group": "area_nearby"}, "geometry": null}, {"type": "Feature", "id": "area_nearby-250112", "properties": {"geocode": "250112", "tambon": "ต.เนินหอม", "amphoe": "อ.เมืองปราจีนบุรี", "province": "จ.ปราจีนบุรี", "region_id": "2", "region_name": "ภาคตะวันออก", "station": "วัดห้วยเกษียร", "latitude": 14.181127, "longitude": 101.413635, "sum_rainfall_mm": 243.0, "observed_at": "2026-09-27T14:00:00+07:00", "warning_group": "area_nearby"}, "geometry": null}, {"type": "Feature", "id": "area_nearby-250106", "properties": {"geocode": "250106", "tambon": "ต.บางบริบูรณ์", "amphoe": "อ.เมืองปราจีนบุรี", "province": "จ.ปราจีนบุรี", "region_id": "2", "region_name": "ภาคตะวันออก", "station": "วัดสง่างาม", "latitude": 14.031635, "longitude": 101.42646, "sum_rainfall_mm": 191.5, "observed_at": "2026-09-27T14:00:00+07:00", "warning_group": "area_nearby"}, "geometry": null}, {"type": "Feature", "id": "area_nearby-250101", "properties": {"geocode": "250101", "tambon": "ต.หน้าเมือง", "amphoe": "อ.เมืองปราจีนบุรี", "province": "จ.ปราจีนบุรี", "region_id": "2", "region_name": "ภาคตะวันออก", "station": "เมืองปราจีนบุรี", "latitude": 14.053554, "longitude": 101.38684, "sum_rainfall_mm": 58.19999999999999, "observed_at": "2026-09-27T14:00:00+07:00", "warning_group": "area_nearby"}, "geometry": null}, {"type": "Feature", "id": "area_nearby-250810", "properties": {"geocode": "250810", "tambon": "ต.กรอกสมบูรณ์", "amphoe": "อ.ศรีมหาโพธิ", "province": "จ.ปราจีนบุรี", "region_id": "2", "region_name": "ภาคตะวันออก", "station": "ทต.กรอกสมบูรณ์", "latitude": 13.77716, "longitude": 101.65875, "sum_rainfall_mm": 99.0, "observed_at": "2026-09-27T14:00:00+07:00", "warning_group": "area_nearby"}, "geometry": null}, {"type": "Feature", "id": "area_nearby-250803", "properties": {"geocode": "250803", "tambon": "ต.บ้านทาม", "amphoe": "อ.ศรีมหาโพธิ", "province": "จ.ปราจีนบุรี", "region_id": "2", "region_name": "ภาคตะวันออก", "station": "ศรีมหาโพธิ (KGT6)", "latitude": 13.97348, "longitude": 101.51751, "sum_rainfall_mm": 106.6, "observed_at": "2026-09-27T14:00:00+07:00", "warning_group": "area_nearby"}, "geometry": null}, {"type": "Feature", "id": "area_nearby-250801", "properties": {"geocode": "250801", "tambon": "ต.ศรีมหาโพธิ์", "amphoe": "อ.ศรีมหาโพธิ", "province": "จ.ปราจีนบุรี", "region_id": "2", "region_name": "ภาคตะวันออก", "station": "ศรีมหาโพธิ์", "latitude": 13.973075, "longitude": 101.512525, "sum_rainfall_mm": 165.0, "observed_at": "2026-09-27T14:00:00+07:00", "warning_group": "area_nearby"}, "geometry": null}, {"type": "Feature", "id": "area_nearby-210309", "properties": {"geocode": "210309", "tambon": "ต.ทุ่งควายกิน", "amphoe": "อ.แกลง", "province": "จ.ระยอง", "region_id": "2", "region_name": "ภาคตะวันออก", "station": "บ้านหนองน้ำเย็น", "latitude": 12.786534, "longitude": 101.726321, "sum_rainfall_mm": 36.0, "observed_at": "2026-09-26T09:00:00+07:00", "warning_group": "area_nearby"}, "geometry": null}, {"type": "Feature", "id": "area_nearby-210308", "properties": {"geocode": "210308", "tambon": "ต.บ้านนา", "amphoe": "อ.แกลง", "province": "จ.ระยอง", "region_id": "2", "region_name": "ภาคตะวันออก", "station": "เมืองแกลง", "latitude": 12.802991, "longitude": 101.65024, "sum_rainfall_mm": 152.4, "observed_at": "2026-09-27T14:00:00+07:00", "warning_group": "area_nearby"}, "geometry": null}, {"type": "Feature", "id": "area_nearby-210313", "properties": {"geocode": "210313", "tambon": "ต.ปากน้ำกระแส", "amphoe": "อ.แกลง", "province": "จ.ระยอง", "region_id": "2", "region_name": "ภาคตะวันออก", "station": "ชุมชนประแส", "latitude": 12.716423, "longitude": 101.704124, "sum_rainfall_mm": 109.39999999999999, "observed_at": "2026-09-27T14:00:00+07:00", "warning_group": "area_nearby"}, "geometry": null}, {"type": "Feature", "id": "area_nearby-210701", "properties": {"geocode": "210701", "tambon": "ต.น้ำเป็น", "amphoe": "อ.เขาชะเมา", "province": "จ.ระยอง", "region_id": "2", "region_name": "ภาคตะวันออก", "station": "ที่ทำการอุทยานแห่งชาติเขาชะเมา-เขาวง", "latitude": 12.912333, "longitude": 101.72454, "sum_rainfall_mm": 231.0, "observed_at": "2026-09-27T14:00:00+07:00", "warning_group": "area_nearby"}, "geometry": null}, {"type": "Feature", "id": "area_nearby-210701", "properties": {"geocode": "210701", "tambon": "ต.น้ำเป็น", "amphoe": "อ.เขาชะเมา", "province": "จ.ระยอง", "region_id": "2", "region_name": "ภาคตะวันออก", "station": "โรงเรียนบ้านเหมืองแร่", "latitude": 12.880652, "longitude": 101.784584, "sum_rainfall_mm": 3.0, "observed_at": "2026-09-27T14:00:00+07:00", "warning_group": "area_nearby"}, "geometry": null}, {"type": "Feature", "id": "area_nearby-210702", "properties": {"geocode": "210702", "tambon": "ต.ห้วยทับมอญ", "amphoe": "อ.เขาชะเมา", "province": "จ.ระยอง", "region_id": "2", "region_name": "ภาคตะวันออก", "station": "โรงเรียนบ้านสีระมัน", "latitude": 13.038727, "longitude": 101.66171, "sum_rainfall_mm": 170.39999999999998, "observed_at": "2026-09-27T14:00:00+07:00", "warning_group": "area_nearby"}, "geometry": null}, {"type": "Feature", "id": "area_nearby-210507", "properties": {"geocode": "210507", "tambon": "ต.ชากบก", "amphoe": "อ.บ้านค่าย", "province": "จ.ระยอง", "region_id": "2", "region_name": "ภาคตะวันออก", "station": "บ้านเจ็ดลูกเนิน", "latitude": 12.777539, "longitude": 101.3988, "sum_rainfall_mm": 71.5, "observed_at": "2026-09-27T13:00:00+07:00", "warning_group": "area_nearby"}, "geometry": null}, {"type": "Feature", "id": "area_nearby-210504", "properties": {"geocode": "210504", "tambon": "ต.ตาขัน", "amphoe": "อ.บ้านค่าย", "province": "จ.ระยอง", "region_id": "2", "region_name": "ภาคตะวันออก", "station": "บ้านค่าย", "latitude": 12.706804, "longitude": 101.30041, "sum_rainfall_mm": 155.6, "observed_at": "2026-09-27T14:00:00+07:00", "warning_group": "area_nearby"}, "geometry": null}, {"type": "Feature", "id": "area_nearby-210505", "properties": {"geocode": "210505", "tambon": "ต.บางบุตร", "amphoe": "อ.บ้านค่าย", "province": "จ.ระยอง", "region_id": "2", "region_name": "ภาคตะวันออก", "station": "บ้านคลองกระท้อน", "latitude": 12.823198, "longitude": 101.381608, "sum_rainfall_mm": 51.5, "observed_at": "2026-09-27T13:00:00+07:00", "warning_group": "area_nearby"}, "geometry": null}, {"type": "Feature", "id": "area_nearby-210505", "properties": {"geocode": "210505", "tambon": "ต.บางบุตร", "amphoe": "อ.บ้านค่าย", "province": "จ.ระยอง", "region_id": "2", "region_name": "ภาคตะวันออก", "station": "บ้านเขาหวาย", "latitude": 12.874416, "longitude": 101.470981, "sum_rainfall_mm": 98.5, "observed_at": "2026-09-27T13:00:00+07:00", "warning_group": "area_nearby"}, "geometry": null}, {"type": "Feature", "id": "area_nearby-210506", "properties": {"geocode": "210506", "tambon": "ต.หนองบัว", "amphoe": "อ.บ้านค่าย", "province": "จ.ระยอง", "region_id": "2", "region_name": "ภาคตะวันออก", "station": "บ้านคลองขนุน", "latitude": 12.894996, "longitude": 101.370717, "sum_rainfall_mm": 43.5, "observed_at": "2026-09-27T13:00:00+07:00", "warning_group": "area_nearby"}, "geometry": null}, {"type": "Feature", "id": "area_nearby-210506", "properties": {"geocode": "210506", "tambon": "ต.หนองบัว", "amphoe": "อ.บ้านค่าย", "province": "จ.ระยอง", "region_id": "2", "region_name": "ภาคตะวันออก", "station": "หนองบัว", "latitude": 12.849195, "longitude": 101.301346, "sum_rainfall_mm": 0.6000000000000001, "observed_at": "2026-09-27T14:00:00+07:00", "warning_group": "area_nearby"}, "geometry": null}, {"type": "Feature", "id": "area_nearby-210502", "properties": {"geocode": "210502", "tambon": "ต.หนองละลอก", "amphoe": "อ.บ้านค่าย", "province": "จ.ระยอง", "region_id": "2", "region_name": "ภาคตะวันออก", "station": "บ้านมาบตอง", "latitude": 12.805375, "longitude": 101.23584, "sum_rainfall_mm": 0.0, "observed_at": "2026-09-27T13:00:00+07:00", "warning_group": "area_nearby"}, "geometry": null}, {"type": "Feature", "id": "area_nearby-210107", "properties": {"geocode": "210107", "tambon": "ต.บ้านแลง", "amphoe": "อ.เมืองระยอง", "province": "จ.ระยอง", "region_id": "2", "region_name": "ภาคตะวันออก", "station": "สถานีวิจัยต้นน้ำชายฝั่งทะเลตะวันออก", "latitude": 12.697516, "longitude": 101.404884, "sum_rainfall_mm": 267.6, "observed_at": "2026-09-27T14:00:00+07:00", "warning_group": "area_nearby"}, "geometry": null}, {"type": "Feature", "id": "area_nearby-210115", "properties": {"geocode": "210115", "tambon": "ต.สำนักทอง", "amphoe": "อ.เมืองระยอง", "province": "จ.ระยอง", "region_id": "2", "region_name": "ภาคตะวันออก", "station": "บ้านธรรมสถิตย์", "latitude": 12.702964, "longitude": 101.444685, "sum_rainfall_mm": 52.0, "observed_at": "2026-09-27T13:00:00+07:00", "warning_group": "area_nearby"}, "geometry": null}, {"type": "Feature", "id": "area_nearby-210115", "properties": {"geocode": "210115", "tambon": "ต.สำนักทอง", "amphoe": "อ.เมืองระยอง", "province": "จ.ระยอง", "region_id": "2", "region_name": "ภาคตะวันออก", "station": "บ้านหาดใหญ่", "latitude": 12.797868, "longitude": 101.4683, "sum_rainfall_mm": 106.0, "observed_at": "2026-09-27T13:00:00+07:00", "warning_group": "area_nearby"}, "geometry": null}, {"type": "Feature", "id": "area_nearby-302505", "properties": {"geocode": "302505", "tambon": "ต.ไทยสามัคคี", "amphoe": "อ.วังน้ำเขียว", "province": "จ.นครราชสีมา", "region_id": "3", "region_name": "ภาคตะวันออกเฉียงเหนือ", "station": "หน่วยพิทักษ์อุทยานแห่งชาติที่ ทล.๑๑ (ไทยสามัคคี)", "latitude": 14.322821, "longitude": 101.93274, "sum_rainfall_mm": 87.6, "observed_at": "2026-09-27T14:00:00+07:00", "warning_group": "area_nearby"}, "geometry": null}, {"type": "Feature", "id": "area_nearby-302503", "properties": {"geocode": "302503", "tambon": "ต.ระเริง", "amphoe": "อ.วังน้ำเขียว", "province": "จ.นครราชสีมา", "region_id": "3", "region_name": "ภาคตะวันออกเฉียงเหนือ", "station": "บ้านไทรงาม", "latitude": 14.621957, "longitude": 101.72213, "sum_rainfall_mm": 13.0, "observed_at": "2026-09-27T13:00:00+07:00", "warning_group": "area_nearby"}, "geometry": null}, {"type": "Feature", "id": "area_nearby-302503", "properties": {"geocode": "302503", "tambon": "ต.ระเริง", "amphoe": "อ.วังน้ำเขียว", "province": "จ.นครราชสีมา", "region_id": "3", "region_name": "ภาคตะวันออกเฉียงเหนือ", "station": "บ้านวังขอน", "latitude": 14.514877, "longitude": 101.761444, "sum_rainfall_mm": 25.5, "observed_at": "2026-09-27T13:00:00+07:00", "warning_group": "area_nearby"}, "geometry": null}, {"type": "Feature", "id": "area_nearby-302503", "properties": {"geocode": "302503", "tambon": "ต.ระเริง", "amphoe": "อ.วังน้ำเขียว", "province": "จ.นครราชสีมา", "region_id": "3", "region_name": "ภาคตะวันออกเฉียงเหนือ", "station": "บ้านระเริง", "latitude": 14.581153, "longitude": 101.710822, "sum_rainfall_mm": 34.0, "observed_at": "2026-09-27T13:00:00+07:00", "warning_group": "area_nearby"}, "geometry": null}, {"type": "Feature", "id": "area_nearby-302503", "properties": {"geocode": "302503", "tambon": "ต.ระเริง", "amphoe": "อ.วังน้ำเขียว", "province": "จ.นครราชสีมา", "region_id": "3", "region_name": "ภาคตะวันออกเฉียงเหนือ", "station": "หน่วยจัดการต้นน้ำและพัฒนาชุมชนในพื้นที่ป่าอนุรักษ์คลองสอง", "latitude": 14.595323, "longitude": 101.73728, "sum_rainfall_mm": 62.4, "observed_at": "2026-09-27T14:00:00+07:00", "warning_group": "area_nearby"}, "geometry": null}, {"type": "Feature", "id": "area_nearby-302501", "properties": {"geocode": "302501", "tambon": "ต.วังน้ำเขียว", "amphoe": "อ.วังน้ำเขียว", "province": "จ.นครราชสีมา", "region_id": "3", "region_name": "ภาคตะวันออกเฉียงเหนือ", "station": "บ้านคลองสอง", "latitude": 14.37957, "longitude": 101.849891, "sum_rainfall_mm": 40.5, "observed_at": "2026-09-27T13:00:00+07:00", "warning_group": "area_nearby"}, "geometry": null}, {"type": "Feature", "id": "area_nearby-302501", "properties": {"geocode": "302501", "tambon": "ต.วังน้ำเขียว", "amphoe": "อ.วังน้ำเขียว", "province": "จ.นครราชสีมา", "region_id": "3", "region_name": "ภาคตะวันออกเฉียงเหนือ", "station": "บ้านซับไทรทอง", "latitude": 14.503397, "longitude": 101.81842, "sum_rainfall_mm": 31.5, "observed_at": "2026-09-27T13:00:00+07:00", "warning_group": "area_nearby"}, "geometry": null}, {"type": "Feature", "id": "area_nearby-302501", "properties": {"geocode": "302501", "tambon": "ต.วังน้ำเขียว", "amphoe": "อ.วังน้ำเขียว", "province": "จ.นครราชสีมา", "region_id": "3", "region_name": "ภาคตะวันออกเฉียงเหนือ", "station": "บ้านคลองทราย", "latitude": 14.364402, "longitude": 101.757113, "sum_rainfall_mm": 37.5, "observed_at": "2026-09-27T13:00:00+07:00", "warning_group": "area_nearby"}, "geometry": null}, {"type": "Feature", "id": "area_nearby-302501", "properties": {"geocode": "302501", "tambon": "ต.วังน้ำเขียว", "amphoe": "อ.วังน้ำเขียว", "province": "จ.นครราชสีมา", "region_id": "3", "region_name": "ภาคตะวันออกเฉียงเหนือ", "station": "อบต.วังน้ำเขียว", "latitude": 14.37476, "longitude": 101.86537, "sum_rainfall_mm": 143.20000000000002, "observed_at": "2026-09-27T14:00:00+07:00", "warning_group": "area_nearby"}, "geometry": null}, {"type": "Feature", "id": "area_nearby-302502", "properties": {"geocode": "302502", "tambon": "ต.วังหมี", "amphoe": "อ.วังน้ำเขียว", "province": "จ.นครราชสีมา", "region_id": "3", "region_name": "ภาคตะวันออกเฉียงเหนือ", "station": "บ้านคลองสะท้อน", "latitude": 14.407495, "longitude": 101.685106, "sum_rainfall_mm": 0.0, "observed_at": "2026-09-27T13:00:00+07:00", "warning_group": "area_nearby"}, "geometry": null}, {"type": "Feature", "id": "area_nearby-302502", "properties": {"geocode": "302502", "tambon": "ต.วังหมี", "amphoe": "อ.วังน้ำเขียว", "province": "จ.นครราชสีมา", "region_id": "3", "region_name": "ภาคตะวันออกเฉียงเหนือ", "station": "บ้านยุปอีปูน", "latitude": 14.4508, "longitude": 101.744504, "sum_rainfall_mm": 0.0, "observed_at": "2026-09-25T17:00:00+07:00", "warning_group": "area_nearby"}, "geometry": null}, {"type": "Feature", "id": "area_nearby-302502", "properties": {"geocode": "302502", "tambon": "ต.วังหมี", "amphoe": "อ.วังน้ำเขียว", "province": "จ.นครราชสีมา", "region_id": "3", "region_name": "ภาคตะวันออกเฉียงเหนือ", "station": "หน่วยพิทักษ์อุทยานแห่งชาติที่ ขญ.๔ (คลองปลากั้ง)", "latitude": 14.356375, "longitude": 101.72591, "sum_rainfall_mm": 115.6, "observed_at": "2026-09-27T14:00:00+07:00", "warning_group": "area_nearby"}, "geometry": null}, {"type": "Feature", "id": "area_nearby-302502", "properties": {"geocode": "302502", "tambon": "ต.วังหมี", "amphoe": "อ.วังน้ำเขียว", "province": "จ.นครราชสีมา", "region_id": "3", "region_name": "ภาคตะวันออกเฉียงเหนือ", "station": "อบต.วังหมี", "latitude": 14.4157, "longitude": 101.68403, "sum_rainfall_mm": 77.19999999999999, "observed_at": "2026-09-27T14:00:00+07:00", "warning_group": "area_nearby"}, "geometry": null}, {"type": "Feature", "id": "area_nearby-302504", "properties": {"geocode": "302504", "tambon": "ต.อุดมทรัพย์", "amphoe": "อ.วังน้ำเขียว", "province": "จ.นครราชสีมา", "region_id": "3", "region_name": "ภาคตะวันออกเฉียงเหนือ", "station": "บ้านซับเต่า", "latitude": 14.460456, "longitude": 101.986167, "sum_rainfall_mm": 24.0, "observed_at": "2026-09-27T13:00:00+07:00", "warning_group": "area_nearby"}, "geometry": null}, {"type": "Feature", "id": "area_nearby-302504", "properties": {"geocode": "302504", "tambon": "ต.อุดมทรัพย์", "amphoe": "อ.วังน้ำเขียว", "province": "จ.นครราชสีมา", "region_id": "3", "region_name": "ภาคตะวันออกเฉียงเหนือ", "station": "บ้านห้วยน้ำเค็ม", "latitude": 14.464046, "longitude": 101.905837, "sum_rainfall_mm": 33.0, "observed_at": "2026-09-27T13:00:00+07:00", "warning_group": "area_nearby"}, "geometry": null}, {"type": "Feature", "id": "area_nearby-302504", "properties": {"geocode": "302504", "tambon": "ต.อุดมทรัพย์", "amphoe": "อ.วังน้ำเขียว", "province": "จ.นครราชสีมา", "region_id": "3", "region_name": "ภาคตะวันออกเฉียงเหนือ", "station": "บ้านอุดมทรัพย์พัฒนา", "latitude": 14.533591, "longitude": 101.971095, "sum_rainfall_mm": 18.0, "observed_at": "2026-09-27T13:00:00+07:00", "warning_group": "area_nearby"}, "geometry": null}, {"type": "Feature", "id": "area_nearby-302504", "properties": {"geocode": "302504", "tambon": "ต.อุดมทรัพย์", "amphoe": "อ.วังน้ำเขียว", "province": "จ.นครราชสีมา", "region_id": "3", "region_name": "ภาคตะวันออกเฉียงเหนือ", "station": "อบต.อุดมทรัพย์", "latitude": 14.55706, "longitude": 101.97418, "sum_rainfall_mm": 50.8, "observed_at": "2026-09-27T14:00:00+07:00", "warning_group": "area_nearby"}, "geometry": null}, {"type": "Feature", "id": "area_nearby-711102", "properties": {"geocode": "711102", "tambon": "ต.กลอนโด", "amphoe": "อ.ด่านมะขามเตี้ย", "province": "จ.กาญจนบุรี", "region_id": "5", "region_name": "ภาคตะวันตก", "station": "วัดยางเกาะ", "latitude": 13.901244, "longitude": 99.462219, "sum_rainfall_mm": 101.0, "observed_at": "2026-09-27T14:00:00+07:00", "warning_group": "area_nearby"}, "geometry": null}, {"type": "Feature", "id": "area_nearby-711102", "properties": {"geocode": "711102", "tambon": "ต.กลอนโด", "amphoe": "อ.ด่านมะขามเตี้ย", "province": "จ.กาญจนบุรี", "region_id": "5", "region_name": "ภาคตะวันตก", "station": "บ้านวังเย็น (K.37)", "latitude": 13.9382, "longitude": 99.41518, "sum_rainfall_mm": 73.0, "observed_at": "2026-09-27T13:00:00+07:00", "warning_group": "area_nearby"}, "geometry": null}, {"type": "Feature", "id": "area_nearby-711103", "properties": {"geocode": "711103", "tambon": "ต.จรเข้เผือก", "amphoe": "อ.ด่านมะขามเตี้ย", "province": "จ.กาญจนบุรี", "region_id": "5", "region_name": "ภาคตะวันตก", "station": "รร.บ้านไทรทอง", "latitude": 13.82329, "longitude": 99.28462, "sum_rainfall_mm": 0.0, "observed_at": "2026-09-27T14:00:00+07:00", "warning_group": "area_nearby"}, "geometry": null}, {"type": "Feature", "id": "area_nearby-711101", "properties": {"geocode": "711101", "tambon": "ต.ด่านมะขามเตี้ย", "amphoe": "อ.ด่านมะขามเตี้ย", "province": "จ.กาญจนบุรี", "region_id": "5", "region_name": "ภาคตะวันตก", "station": "วัดท่าแย้", "latitude": 13.8126, "longitude": 99.4007, "sum_rainfall_mm": 5.0, "observed_at": "2026-09-27T14:00:00+07:00", "warning_group": "area_nearby"}, "geometry": null}, {"type": "Feature", "id": "area_nearby-711101", "properties": {"geocode": "711101", "tambon": "ต.ด่านมะขามเตี้ย", "amphoe": "อ.ด่านมะขามเตี้ย", "province": "จ.กาญจนบุรี", "region_id": "5", "region_name": "ภาคตะวันตก", "station": "บ้านท่าพลับ", "latitude": 13.855671, "longitude": 99.380479, "sum_rainfall_mm": 28.5, "observed_at": "2026-09-27T13:00:00+07:00", "warning_group": "area_nearby"}, "geometry": null}, {"type": "Feature", "id": "area_nearby-711101", "properties": {"geocode": "711101", "tambon": "ต.ด่านมะขามเตี้ย", "amphoe": "อ.ด่านมะขามเตี้ย", "province": "จ.กาญจนบุรี", "region_id": "5", "region_name": "ภาคตะวันตก", "station": "บ้านโป่งนก", "latitude": 13.786399, "longitude": 99.310888, "sum_rainfall_mm": 36.5, "observed_at": "2026-09-27T13:00:00+07:00", "warning_group": "area_nearby"}, "geometry": null}, {"type": "Feature", "id": "area_nearby-711104", "properties": {"geocode": "711104", "tambon": "ต.หนองไผ่", "amphoe": "อ.ด่านมะขามเตี้ย", "province": "จ.กาญจนบุรี", "region_id": "5", "region_name": "ภาคตะวันตก", "station": "บ้านหินแด้น", "latitude": 13.780584, "longitude": 99.420933, "sum_rainfall_mm": 26.0, "observed_at": "2026-09-27T13:00:00+07:00", "warning_group": "area_nearby"}, "geometry": null}, {"type": "Feature", "id": "area_nearby-711104", "properties": {"geocode": "711104", "tambon": "ต.หนองไผ่", "amphoe": "อ.ด่านมะขามเตี้ย", "province": "จ.กาญจนบุรี", "region_id": "5", "region_name": "ภาคตะวันตก", "station": "วัดหินแท่น (K.62)", "latitude": 13.78093, "longitude": 99.42085, "sum_rainfall_mm": 68.0, "observed_at": "2026-09-27T13:00:00+07:00", "warning_group": "area_nearby"}, "geometry": null}, {"type": "Feature", "id": "area_nearby-710705", "properties": {"geocode": "710705", "tambon": "ต.ชะแล", "amphoe": "อ.ทองผาภูมิ", "province": "จ.กาญจนบุรี", "region_id": "5", "region_name": "ภาคตะวันตก", "station": "หน่วยจัดการต้นน้ำและพัฒนาชุมชนในพื้นที่ป่าอนุรักษ์คลิตี้", "latitude": 14.9616, "longitude": 98.8889, "sum_rainfall_mm": 62.2, "observed_at": "2026-09-27T14:00:00+07:00", "warning_group": "area_nearby"}, "geometry": null}, {"type": "Feature", "id": "area_nearby-710705", "properties": {"geocode": "710705", "tambon": "ต.ชะแล", "amphoe": "อ.ทองผาภูมิ", "province": "จ.กาญจนบุรี", "region_id": "5", "region_name": "ภาคตะวันตก", "station": "หน่วยจัดการต้นน้ำและพัฒนาชุมชนในพื้นที่ป่าอนุรักษ์คลองงู", "latitude": 14.849774, "longitude": 98.824, "sum_rainfall_mm": 107.39999999999999, "observed_at": "2026-09-27T14:00:00+07:00", "warning_group": "area_nearby"}, "geometry": null}, {"type": "Feature", "id": "area_nearby-710701", "properties": {"geocode": "710701", "tambon": "ต.ท่าขนุน", "amphoe": "อ.ทองผาภูมิ", "province": "จ.กาญจนบุรี", "region_id": "5", "region_name": "ภาคตะวันตก", "station": "วัดท่าขนุน", "latitude": 14.742605, "longitude": 98.635243, "sum_rainfall_mm": 172.5, "observed_at": "2026-09-27T14:00:00+07:00", "warning_group": "area_nearby"}, "geometry": null}, {"type": "Feature", "id": "area_nearby-710701", "properties": {"geocode": "710701", "tambon": "ต.ท่าขนุน", "amphoe": "อ.ทองผาภูมิ", "province": "จ.กาญจนบุรี", "region_id": "5", "region_name": "ภาคตะวันตก", "station": "อ.ทองผาภูมิ", "latitude": 14.73758, "longitude": 98.63576, "sum_rainfall_mm": 156.0, "observed_at": "2026-09-27T13:00:00+07:00", "warning_group": "area_nearby"}, "geometry": null}, {"type": "Feature", "id": "area_nearby-710701", "properties": {"geocode": "710701", "tambon": "ต.ท่าขนุน", "amphoe": "อ.ทองผาภูมิ", "province": "จ.กาญจนบุรี", "region_id": "5", "region_name": "ภาคตะวันตก", "station": "น้ำฝนเขื่อนวชิราลงกรณ", "latitude": 14.79865, "longitude": 98.5966, "sum_rainfall_mm": 109.0, "observed_at": "2026-09-27T13:00:00+07:00", "warning_group": "area_nearby"}, "geometry": null}, {"type": "Feature", "id": "area_nearby-710701", "properties": {"geocode": "710701", "tambon": "ต.ท่าขนุน", "amphoe": "อ.ทองผาภูมิ", "province": "จ.กาญจนบุรี", "region_id": "5", "region_name": "ภาคตะวันตก", "station": "หน่วยพิทักษ์อุทยานแห่งชาติที่ ลง.7 (องธิ)", "latitude": 14.735226, "longitude": 98.69861, "sum_rainfall_mm": 169.0, "observed_at": "2026-09-27T14:00:00+07:00", "warning_group": "area_nearby"}, "geometry": null}, {"type": "Feature", "id": "area_nearby-710701", "properties": {"geocode": "710701", "tambon": "ต.ท่าขนุน", "amphoe": "อ.ทองผาภูมิ", "province": "จ.กาญจนบุรี", "region_id": "5", "region_name": "ภาคตะวันตก", "station": "ทต.ท่าขนุน", "latitude": 14.74405, "longitude": 98.64233, "sum_rainfall_mm": 181.8, "observed_at": "2026-09-27T14:00:00+07:00", "warning_group": "area_nearby"}, "geometry": null}, {"type": "Feature", "id": "area_nearby-710702", "properties": {"geocode": "710702", "tambon": "ต.ปีล็อก", "amphoe": "อ.ทองผาภูมิ", "province": "จ.กาญจนบุรี", "region_id": "5", "region_name": "ภาคตะวันตก", "station": "เหมืองปิล๊อก", "latitude": 14.67761, "longitude": 98.36765, "sum_rainfall_mm": 0.0, "observed_at": "2026-09-27T12:00:00+07:00", "warning_group": "area_nearby"}, "geometry": null}, {"type": "Feature", "id": "area_nearby-710702", "properties": {"geocode": "710702", "tambon": "ต.ปีล็อก", "amphoe": "อ.ทองผาภูมิ", "province": "จ.กาญจนบุรี", "region_id": "5", "region_name": "ภาคตะวันตก", "station": "หน่วยจัดการต้นน้ำและพัฒนาชุมชนในพื้นที่ป่าอนุรักษ์ปิล๊อก", "latitude": 14.6659, "longitude": 98.3811, "sum_rainfall_mm": 143.0, "observed_at": "2026-09-27T14:00:00+07:00", "warning_group": "area_nearby"}, "geometry": null}, {"type": "Feature", "id": "area_nearby-710704", "properties": {"geocode": "710704", "tambon": "ต.ลิ่นถิ่น", "amphoe": "อ.ทองผาภูมิ", "province": "จ.กาญจนบุรี", "region_id": "5", "region_name": "ภาคตะวันตก", "station": "วัดลิ่นถิ่น", "latitude": 14.5613, "longitude": 98.7925, "sum_rainfall_mm": 209.0, "observed_at": "2026-09-27T14:00:00+07:00", "warning_group": "area_nearby"}, "geometry": null}, {"type": "Feature", "id": "area_nearby-710704", "properties": {"geocode": "710704", "tambon": "ต.ลิ่นถิ่น", "amphoe": "อ.ทองผาภูมิ", "province": "จ.กาญจนบุรี", "region_id": "5", "region_name": "ภาคตะวันตก", "station": "บ้านหนองบาง", "latitude": 14.576704, "longitude": 98.820788, "sum_rainfall_mm": 2.5, "observed_at": "2026-09-27T13:00:00+07:00", "warning_group": "area_nearby"}, "geometry": null}, {"type": "Feature", "id": "area_nearby-710704", "properties": {"geocode": "710704", "tambon": "ต.ลิ่นถิ่น", "amphoe": "อ.ทองผาภูมิ", "province": "จ.กาญจนบุรี", "region_id": "5", "region_name": "ภาคตะวันตก", "station": "บ้านลิ่นถิ่น (K.54)", "latitude": 14.53566, "longitude": 98.78764, "sum_rainfall_mm": 196.0, "observed_at": "2026-09-27T13:00:00+07:00", "warning_group": "area_nearby"}, "geometry": null}, {"type": "Feature", "id": "area_nearby-710704", "properties": {"geocode": "710704", "tambon": "ต.ลิ่นถิ่น", "amphoe": "อ.ทองผาภูมิ", "province": "จ.กาญจนบุรี", "region_id": "5", "region_name": "ภาคตะวันตก", "station": "สถานีวิจัยต้นน้ำแม่กลอง", "latitude": 14.576, "longitude": 98.8406, "sum_rainfall_mm": 200.3, "observed_at": "2026-09-27T14:00:00+07:00", "warning_group": "area_nearby"}, "geometry": null}, {"type": "Feature", "id": "area_nearby-710707", "properties": {"geocode": "710707", "tambon": "ต.สหกรณ์นิคม", "amphoe": "อ.ทองผาภูมิ", "province": "จ.กาญจนบุรี", "region_id": "5", "region_name": "ภาคตะวันตก", "station": "บ้านสะพานลาว", "latitude": 14.725793, "longitude": 98.783443, "sum_rainfall_mm": 53.0, "observed_at": "2026-09-27T13:00:00+07:00", "warning_group": "area_nearby"}, "geometry": null}, {"type": "Feature", "id": "area_nearby-710707", "properties": {"geocode": "710707", "tambon": "ต.สหกรณ์นิคม", "amphoe": "อ.ทองผาภูมิ", "province": "จ.กาญจนบุรี", "region_id": "5", "region_name": "ภาคตะวันตก", "station": "หน่วยพิทักษ์อุทยานแห่งชาติที่ ศร.11 (เนินสวรรค์)", "latitude": 14.74058, "longitude": 98.81722, "sum_rainfall_mm": 132.2, "observed_at": "2026-09-27T14:00:00+07:00", "warning_group": "area_nearby"}, "geometry": null}, {"type": "Feature", "id": "area_nearby-710706", "properties": {"geocode": "710706", "tambon": "ต.ห้วยเขย่ง", "amphoe": "อ.ทองผาภูมิ", "province": "จ.กาญจนบุรี", "region_id": "5", "region_name": "ภาคตะวันตก", "station": "บ้านไร่", "latitude": 14.707321, "longitude": 98.527799, "sum_rainfall_mm": 69.5, "observed_at": "2026-09-27T11:00:00+07:00", "warning_group": "area_nearby"}, "geometry": null}, {"type": "Feature", "id": "area_nearby-710706", "properties": {"geocode": "710706", "tambon": "ต.ห้วยเขย่ง", "amphoe": "อ.ทองผาภูมิ", "province": "จ.กาญจนบุรี", "region_id": "5", "region_name": "ภาคตะวันตก", "station": "บ้านประจำไม้", "latitude": 14.589914, "longitude": 98.586428, "sum_rainfall_mm": 91.0, "observed_at": "2026-09-27T13:00:00+07:00", "warning_group": "area_nearby"}, "geometry": null}, {"type": "Feature", "id": "area_nearby-710703", "properties": {"geocode": "710703", "tambon": "ต.หินดาด", "amphoe": "อ.ทองผาภูมิ", "province": "จ.กาญจนบุรี", "region_id": "5", "region_name": "ภาคตะวันตก", "station": "บ้านดงโคร่ง", "latitude": 14.625644, "longitude": 98.759389, "sum_rainfall_mm": 55.5, "observed_at": "2026-09-27T13:00:00+07:00", "warning_group": "area_nearby"}, "geometry": null}, {"type": "Feature", "id": "area_nearby-710703", "properties": {"geocode": "710703", "tambon": "ต.หินดาด", "amphoe": "อ.ทองผาภูมิ", "province": "จ.กาญจนบุรี", "region_id": "5", "region_name": "ภาคตะวันตก", "station": "บ้านหินดาด", "latitude": 14.59539, "longitude": 98.72946, "sum_rainfall_mm": 194.0, "observed_at": "2026-09-27T13:00:00+07:00", "warning_group": "area_nearby"}, "geometry": null}, {"type": "Feature", "id": "area_nearby-710703", "properties": {"geocode": "710703", "tambon": "ต.หินดาด", "amphoe": "อ.ทองผาภูมิ", "province": "จ.กาญจนบุรี", "region_id": "5", "region_name": "ภาคตะวันตก", "station": "หน่วยพิทักษ์อุทยานแห่งชาติที่ ศร.4 (ผาตาด)", "latitude": 14.64951, "longitude": 98.77478, "sum_rainfall_mm": 204.2, "observed_at": "2026-09-27T14:00:00+07:00", "warning_group": "area_nearby"}, "geometry": null}, {"type": "Feature", "id": "area_nearby-710703", "properties": {"geocode": "710703", "tambon": "ต.หินดาด", "amphoe": "อ.ทองผาภูมิ", "province": "จ.กาญจนบุรี", "region_id": "5", "region_name": "ภาคตะวันตก", "station": "อบต.หินดาด", "latitude": 14.61504, "longitude": 98.72972, "sum_rainfall_mm": 248.0, "observed_at": "2026-09-27T14:00:00+07:00", "warning_group": "area_nearby"}, "geometry": null}, {"type": "Feature", "id": "area_nearby-710503", "properties": {"geocode": "710503", "tambon": "ต.ดอนชะเอม", "amphoe": "อ.ท่ามะกา", "province": "จ.กาญจนบุรี", "region_id": "5", "region_name": "ภาคตะวันตก", "station": "อบต.ดอนชะเอม", "latitude": 13.96196, "longitude": 99.80394, "sum_rainfall_mm": 110.19999999999999, "observed_at": "2026-09-27T14:00:00+07:00", "warning_group": "area_nearby"}, "geometry": null}, {"type": "Feature", "id": "area_nearby-710202", "properties": {"geocode": "710202", "tambon": "ต.ท่าเสา", "amphoe": "อ.ไทรโยค", "province": "จ.กาญจนบุรี", "region_id": "5", "region_name": "ภาคตะวันตก", "station": "บ้านพุพง", "latitude": 14.219713, "longitude": 99.099697, "sum_rainfall_mm": 143.5, "observed_at": "2026-09-27T13:00:00+07:00", "warning_group": "area_nearby"}, "geometry": null}, {"type": "Feature", "id": "area_nearby-710202", "properties": {"geocode": "710202", "tambon": "ต.ท่าเสา", "amphoe": "อ.ไทรโยค", "province": "จ.กาญจนบุรี", "region_id": "5", "region_name": "ภาคตะวันตก", "station": "บ้านปากแซง (K.58)", "latitude": 14.215, "longitude": 99.058, "sum_rainfall_mm": 214.0, "observed_at": "2026-09-27T13:00:00+07:00", "warning_group": "area_nearby"}, "geometry": null}, {"type": "Feature", "id": "area_nearby-710202", "properties": {"geocode": "710202", "tambon": "ต.ท่าเสา", "amphoe": "อ.ไทรโยค", "province": "จ.กาญจนบุรี", "region_id": "5", "region_name": "ภาคตะวันตก", "station": "อบต.ท่าเสา", "latitude": 14.21606, "longitude": 99.08133, "sum_rainfall_mm": 248.60000000000002, "observed_at": "2026-09-27T14:00:00+07:00", "warning_group": "area_nearby"}, "geometry": null}, {"type": "Feature", "id": "area_nearby-710202", "properties": {"geocode": "710202", "tambon": "ต.ท่าเสา", "amphoe": "อ.ไทรโยค", "province": "จ.กาญจนบุรี", "region_id": "5", "region_name": "ภาคตะวันตก", "station": "หน่วยพิทักษ์อุทยานแห่งชาติที่ ทย.1 (น้ำตกไทรโยคน้อย)", "latitude": 14.2385, "longitude": 99.05989, "sum_rainfall_mm": 250.39999999999998, "observed_at": "2026-09-27T14:00:00+07:00", "warning_group": "area_nearby"}, "geometry": null}, {"type": "Feature", "id": "area_nearby-710204", "properties": {"geocode": "710204", "tambon": "ต.ไทรโยค", "amphoe": "อ.ไทรโยค", "province": "จ.กาญจนบุรี", "region_id": "5", "region_name": "ภาคตะวันตก", "station": "บ้านแม่น้ำน้อย", "latitude": 14.44497, "longitude": 98.80493, "sum_rainfall_mm": 97.0, "observed_at": "2026-09-26T21:00:00+07:00", "warning_group": "area_nearby"}, "geometry": null}, {"type": "Feature", "id": "area_nearby-710204", "properties": {"geocode": "710204", "tambon": "ต.ไทรโยค", "amphoe": "อ.ไทรโยค", "province": "จ.กาญจนบุรี", "region_id": "5", "region_name": "ภาคตะวันตก", "station": "ที่ทำการอุทยานแห่งชาติไทรโยค", "latitude": 14.4545, "longitude": 98.84806, "sum_rainfall_mm": 264.6, "observed_at": "2026-09-27T14:00:00+07:00", "warning_group": "area_nearby"}, "geometry": null}, {"type": "Feature", "id": "area_nearby-710204", "properties": {"geocode": "710204", "tambon": "ต.ไทรโยค", "amphoe": "อ.ไทรโยค", "province": "จ.กาญจนบุรี", "region_id": "5", "region_name": "ภาคตะวันตก", "station": "หน่วยพิทักษ์อุทยานแห่งชาติที่ ทย.8 (เขารวก)", "latitude": 14.527559, "longitude": 98.66175, "sum_rainfall_mm": 211.8, "observed_at": "2026-09-27T14:00:00+07:00", "warning_group": "area_nearby"}, "geometry": null}, {"type": "Feature", "id": "area_nearby-710204", "properties": {"geocode": "710204", "tambon": "ต.ไทรโยค", "amphoe": "อ.ไทรโยค", "province": "จ.กาญจนบุรี", "region_id": "5", "region_name": "ภาคตะวันตก", "station": "ลิ่นถิ่น", "latitude": 14.53559, "longitude": 98.78764, "sum_rainfall_mm": 196.6, "observed_at": "2026-09-27T14:00:00+07:00", "warning_group": "area_nearby"}, "geometry": null}, {"type": "Feature", "id": "area_nearby-710207", "properties": {"geocode": "710207", "tambon": "ต.บ้องตี้", "amphoe": "อ.ไทรโยค", "province": "จ.กาญจนบุรี", "region_id": "5", "region_name": "ภาคตะวันตก", "station": "บ้านบ้องตี้บน", "latitude": 14.073463, "longitude": 98.991506, "sum_rainfall_mm": 25.0, "observed_at": "2026-09-27T02:00:00+07:00", "warning_group": "area_nearby"}, "geometry": null}, {"type": "Feature", "id": "area_nearby-710207", "properties": {"geocode": "710207", "tambon": "ต.บ้องตี้", "amphoe": "อ.ไทรโยค", "province": "จ.กาญจนบุรี", "region_id": "5", "region_name": "ภาคตะวันตก", "station": "บ้านทุ่งมะเซอย่อ", "latitude": 14.171646, "longitude": 98.958187, "sum_rainfall_mm": 71.0, "observed_at": "2026-09-27T07:00:00+07:00", "warning_group": "area_nearby"}, "geometry": null}, {"type": "Feature", "id": "area_nearby-710201", "properties": {"geocode": "710201", "tambon": "ต.ลุ่มสุ่ม", "amphoe": "อ.ไทรโยค", "province": "จ.กาญจนบุรี", "region_id": "5", "region_name": "ภาคตะวันตก", "station": "บ้านลุ่มสุ่ม (K.10)", "latitude": 14.09336, "longitude": 99.17583, "sum_rainfall_mm": 174.0, "observed_at": "2026-09-27T13:00:00+07:00", "warning_group": "area_nearby"}, "geometry": null}, {"type": "Feature", "id": "area_nearby-710201", "properties": {"geocode": "710201", "tambon": "ต.ลุ่มสุ่ม", "amphoe": "อ.ไทรโยค", "province": "จ.กาญจนบุรี", "region_id": "5", "region_name": "ภาคตะวันตก", "station": "ไทรโยค", "latitude": 14.11265, "longitude": 99.14635, "sum_rainfall_mm": 190.20000000000002, "observed_at": "2026-09-27T14:00:00+07:00", "warning_group": "area_nearby"}, "geometry": null}, {"type": "Feature", "id": "area_nearby-710205", "properties": {"geocode": "710205", "tambon": "ต.วังกระแจะ", "amphoe": "อ.ไทรโยค", "province": "จ.กาญจนบุรี", "region_id": "5", "region_name": "ภาคตะวันตก", "station": "หน่วยพิทักษ์อุทยานแห่งชาติที่ ทย.6 (เขาพลู)", "latitude": 14.266877, "longitude": 98.77193, "sum_rainfall_mm": 193.60000000000002, "observed_at": "2026-09-27T14:00:00+07:00", "warning_group": "area_nearby"}, "geometry": null}, {"type": "Feature", "id": "area_nearby-710206", "properties": {"geocode": "710206", "tambon": "ต.ศรีมงคล", "amphoe": "อ.ไทรโยค", "province": "จ.กาญจนบุรี", "region_id": "5", "region_name": "ภาคตะวันตก", "station": "บ้านวังน้ำเขียว", "latitude": 14.035485, "longitude": 99.1185, "sum_rainfall_mm": 129.0, "observed_at": "2026-09-27T13:00:00+07:00", "warning_group": "area_nearby"}, "geometry": null}, {"type": "Feature", "id": "area_nearby-710206", "properties": {"geocode": "710206", "tambon": "ต.ศรีมงคล", "amphoe": "อ.ไทรโยค", "province": "จ.กาญจนบุรี", "region_id": "5", "region_name": "ภาคตะวันตก", "station": "อบต.ศรีมงคล", "latitude": 14.02271, "longitude": 99.19147, "sum_rainfall_mm": 164.0, "observed_at": "2026-09-27T14:00:00+07:00", "warning_group": "area_nearby"}, "geometry": null}, {"type": "Feature", "id": "area_nearby-710302", "properties": {"geocode": "710302", "tambon": "ต.หนองกุ่ม", "amphoe": "อ.บ่อพลอย", "province": "จ.กาญจนบุรี", "region_id": "5", "region_name": "ภาคตะวันตก", "station": "บ้านพุพรหม", "latitude": 14.281274, "longitude": 99.398094, "sum_rainfall_mm": 64.0, "observed_at": "2026-09-27T13:00:00+07:00", "warning_group": "area_nearby"}, "geometry": null}, {"type": "Feature", "id": "area_nearby-710303", "properties": {"geocode": "710303", "tambon": "ต.หนองรี", "amphoe": "อ.บ่อพลอย", "province": "จ.กาญจนบุรี", "region_id": "5", "region_name": "ภาคตะวันตก", "station": "ห้วยลำอีซู", "latitude": 14.542453, "longitude": 99.378211, "sum_rainfall_mm": 190.0, "observed_at": "2026-09-27T14:00:00+07:00", "warning_group": "area_nearby"}, "geometry": null}, {"type": "Feature", "id": "area_nearby-710303", "properties": {"geocode": "710303", "tambon": "ต.หนองรี", "amphoe": "อ.บ่อพลอย", "province": "จ.กาญจนบุรี", "region_id": "5", "region_name": "ภาคตะวันตก", "station": "บ้านโป่งรี", "latitude": 14.489789, "longitude": 99.39322, "sum_rainfall_mm": 90.5, "observed_at": "2026-09-27T13:00:00+07:00", "warning_group": "area_nearby"}, "geometry": null}, {"type": "Feature", "id": "area_nearby-710303", "properties": {"geocode": "710303", "tambon": "ต.หนองรี", "amphoe": "อ.บ่อพลอย", "province": "จ.กาญจนบุรี", "region_id": "5", "region_name": "ภาคตะวันตก", "station": "บ้านหินดาดทอง", "latitude": 14.586722, "longitude": 99.398312, "sum_rainfall_mm": 65.5, "observed_at": "2026-09-27T13:00:00+07:00", "warning_group": "area_nearby"}, "geometry": null}, {"type": "Feature", "id": "area_nearby-710305", "properties": {"geocode": "710305", "tambon": "ต.หลุมรัง", "amphoe": "อ.บ่อพลอย", "province": "จ.กาญจนบุรี", "region_id": "5", "region_name": "ภาคตะวันตก", "station": "ฝายทดน้ำลำเหย", "latitude": 14.4678, "longitude": 99.4973, "sum_rainfall_mm": 191.0, "observed_at": "2026-09-27T14:00:00+07:00", "warning_group": "area_nearby"}, "geometry": null}, {"type": "Feature", "id": "area_nearby-710111", "properties": {"geocode": "710111", "tambon": "ต.เกาะสำโรง", "amphoe": "อ.เมืองกาญจนบุรี", "province": "จ.กาญจนบุรี", "region_id": "5", "region_name": "ภาคตะวันตก", "station": "อบต.เกาะสำโรง", "latitude": 13.94239, "longitude": 99.49628, "sum_rainfall_mm": 93.19999999999999, "observed_at": "2026-09-27T14:00:00+07:00", "warning_group": "area_nearby"}, "geometry": null}, {"type": "Feature", "id": "area_nearby-710105", "properties": {"geocode": "710105", "tambon": "ต.แก่งเสี้ยน", "amphoe": "อ.เมืองกาญจนบุรี", "province": "จ.กาญจนบุรี", "region_id": "5", "region_name": "ภาคตะวันตก", "station": "เมืองกาญจนบุรี", "latitude": 14.06047, "longitude": 99.48325, "sum_rainfall_mm": 86.19999999999999, "observed_at": "2026-09-27T14:00:00+07:00", "warning_group": "area_nearby"}, "geometry": null}, {"type": "Feature", "id": "area_nearby-710109", "properties": {"geocode": "710109", "tambon": "ต.ช่องสะเดา", "amphoe": "อ.เมืองกาญจนบุรี", "province": "จ.กาญจนบุรี", "region_id": "5", "region_name": "ภาคตะวันตก", "station": "บ้านเขาน้อย", "latitude": 14.236784, "longitude": 99.310197, "sum_rainfall_mm": 78.5, "observed_at": "2026-09-27T13:00:00+07:00", "warning_group": "area_nearby"}, "geometry": null}, {"type": "Feature", "id": "area_nearby-710109", "properties": {"geocode": "710109", "tambon": "ต.ช่องสะเดา", "amphoe": "อ.เมืองกาญจนบุรี", "province": "จ.กาญจนบุรี", "region_id": "5", "region_name": "ภาคตะวันตก", "station": "บ้านทับศิลา", "latitude": 14.233617, "longitude": 99.155551, "sum_rainfall_mm": 133.0, "observed_at": "2026-09-27T13:00:00+07:00", "warning_group": "area_nearby"}, "geometry": null}, {"type": "Feature", "id": "area_nearby-710109", "properties": {"geocode": "710109", "tambon": "ต.ช่องสะเดา", "amphoe": "อ.เมืองกาญจนบุรี", "province": "จ.กาญจนบุรี", "region_id": "5", "region_name": "ภาคตะวันตก", "station": "เขื่อนท่าทุ่งนา", "latitude": 14.233779, "longitude": 99.235022, "sum_rainfall_mm": 98.0, "observed_at": "2026-09-27T13:00:00+07:00", "warning_group": "area_nearby"}, "geometry": null}, {"type": "Feature", "id": "area_nearby-710113", "properties": {"geocode": "710113", "tambon": "ต.บ้านเก่า", "amphoe": "อ.เมืองกาญจนบุรี", "province": "จ.กาญจนบุรี", "region_id": "5", "region_name": "ภาคตะวันตก", "station": "บ้านพุน้ำร้อน", "latitude": 13.931164, "longitude": 99.082945, "sum_rainfall_mm": 7.0, "observed_at": "2026-09-27T13:00:00+07:00", "warning_group": "area_nearby"}, "geometry": null}, {"type": "Feature", "id": "area_nearby-710113", "properties": {"geocode": "710113", "tambon": "ต.บ้านเก่า", "amphoe": "อ.เมืองกาญจนบุรี", "province": "จ.กาญจนบุรี", "region_id": "5", "region_name": "ภาคตะวันตก", "station": "บ้านตะเคียนงาม", "latitude": 13.812958, "longitude": 99.169915, "sum_rainfall_mm": 50.5, "observed_at": "2026-09-27T13:00:00+07:00", "warning_group": "area_nearby"}, "geometry": null}, {"type": "Feature", "id": "area_nearby-710113", "properties": {"geocode": "710113", "tambon": "ต.บ้านเก่า", "amphoe": "อ.เมืองกาญจนบุรี", "province": "จ.กาญจนบุรี", "region_id": "5", "region_name": "ภาคตะวันตก", "station": "บ้านลำทหาร", "latitude": 13.921088, "longitude": 99.238976, "sum_rainfall_mm": 53.0, "observed_at": "2026-09-27T13:00:00+07:00", "warning_group": "area_nearby"}, "geometry": null}, {"type": "Feature", "id": "area_nearby-710113", "properties": {"geocode": "710113", "tambon": "ต.บ้านเก่า", "amphoe": "อ.เมืองกาญจนบุรี", "province": "จ.กาญจนบุรี", "region_id": "5", "region_name": "ภาคตะวันตก", "station": "บ้านห้วยน้ำขาว", "latitude": 13.897841, "longitude": 99.146975, "sum_rainfall_mm": 50.0, "observed_at": "2026-09-27T13:00:00+07:00", "warning_group": "area_nearby"}, "geometry": null}, {"type": "Feature", "id": "area_nearby-710107", "properties": {"geocode": "710107", "tambon": "ต.ลาดหญ้า", "amphoe": "อ.เมืองกาญจนบุรี", "province": "จ.กาญจนบุรี", "region_id": "5", "region_name": "ภาคตะวันตก", "station": "บ้านพุน้อย", "latitude": 14.0091, "longitude": 99.352283, "sum_rainfall_mm": 71.5, "observed_at": "2026-09-27T13:00:00+07:00", "warning_group": "area_nearby"}, "geometry": null}, {"type": "Feature", "id": "area_nearby-710107", "properties": {"geocode": "710107", "tambon": "ต.ลาดหญ้า", "amphoe": "อ.เมืองกาญจนบุรี", "province": "จ.กาญจนบุรี", "region_id": "5", "region_name": "ภาคตะวันตก", "station": "โรงเรียนบ้านทุ่งนานางหรอก", "latitude": 14.17509, "longitude": 99.43382, "sum_rainfall_mm": 38.0, "observed_at": "2026-09-27T13:00:00+07:00", "warning_group": "area_nearby"}, "geometry": null}, {"type": "Feature", "id": "area_nearby-710108", "properties": {"geocode": "710108", "tambon": "ต.วังด้ง", "amphoe": "อ.เมืองกาญจนบุรี", "province": "จ.กาญจนบุรี", "region_id": "5", "region_name": "ภาคตะวันตก", "station": "บ้านท่ามะนาว", "latitude": 14.1647, "longitude": 99.2754, "sum_rainfall_mm": 176.0, "observed_at": "2026-09-27T14:00:00+07:00", "warning_group": "area_nearby"}, "geometry": null}, {"type": "Feature", "id": "area_nearby-710106", "properties": {"geocode": "710106", "tambon": "ต.หนองบัว", "amphoe": "อ.เมืองกาญจนบุรี", "province": "จ.กาญจนบุรี", "region_id": "5", "region_name": "ภาคตะวันตก", "station": "บ้านหนองบัว (K.35A)", "latitude": 14.06024, "longitude": 99.44414, "sum_rainfall_mm": 101.0, "observed_at": "2026-09-27T13:00:00+07:00", "warning_group": "area_nearby"}, "geometry": null}, {"type": "Feature", "id": "area_nearby-710110", "properties": {"geocode": "710110", "tambon": "ต.หนองหญ้า", "amphoe": "อ.เมืองกาญจนบุรี", "province": "จ.กาญจนบุรี", "region_id": "5", "region_name": "ภาคตะวันตก", "station": "วัดไชยชุมพลชนะสงคราม (วัดใต้)", "latitude": 14.01615, "longitude": 99.53029, "sum_rainfall_mm": 0.0, "observed_at": "2026-09-27T13:00:00+07:00", "warning_group": "area_nearby"}, "geometry": null}, {"type": "Feature", "id": "area_nearby-711006", "properties": {"geocode": "711006", "tambon": "ต.ทุ่งกระบ่ำ", "amphoe": "อ.เลาขวัญ", "province": "จ.กาญจนบุรี", "region_id": "5", "region_name": "ภาคตะวันตก", "station": "อบต.ทุ่งกระบ่ำ", "latitude": 14.58876, "longitude": 99.63505, "sum_rainfall_mm": 148.0, "observed_at": "2026-09-27T14:00:00+07:00", "warning_group": "area_nearby"}, "geometry": null}, {"type": "Feature", "id": "area_nearby-711004", "properties": {"geocode": "711004", "tambon": "ต.หนองปลิง", "amphoe": "อ.เลาขวัญ", "province": "จ.กาญจนบุรี", "region_id": "5", "region_name": "ภาคตะวันตก", "station": "บ้านบึงหล่ม", "latitude": 14.732977, "longitude": 99.707595, "sum_rainfall_mm": 42.0, "observed_at": "2026-09-27T13:00:00+07:00", "warning_group": "area_nearby"}, "geometry": null}, {"type": "Feature", "id": "area_nearby-711004", "properties": {"geocode": "711004", "tambon": "ต.หนองปลิง", "amphoe": "อ.เลาขวัญ", "province": "จ.กาญจนบุรี", "region_id": "5", "region_name": "ภาคตะวันตก", "station": "บ้านหนองปลิง", "latitude": 14.710845, "longitude": 99.759001, "sum_rainfall_mm": 59.0, "observed_at": "2026-09-27T12:00:00+07:00", "warning_group": "area_nearby"}, "geometry": null}, {"type": "Feature", "id": "area_nearby-711004", "properties": {"geocode": "711004", "tambon": "ต.หนองปลิง", "amphoe": "อ.เลาขวัญ", "province": "จ.กาญจนบุรี", "region_id": "5", "region_name": "ภาคตะวันตก", "station": "บ้านหนองใหญ่", "latitude": 14.765087, "longitude": 99.60336, "sum_rainfall_mm": 48.0, "observed_at": "2026-09-27T13:00:00+07:00", "warning_group": "area_nearby"}, "geometry": null}, {"type": "Feature", "id": "area_nearby-711007", "properties": {"geocode": "711007", "tambon": "ต.หนองฝ้าย", "amphoe": "อ.เลาขวัญ", "province": "จ.กาญจนบุรี", "region_id": "5", "region_name": "ภาคตะวันตก", "station": "บ้านเขาวงพระจันทร์", "latitude": 14.712119, "longitude": 99.642757, "sum_rainfall_mm": 53.0, "observed_at": "2026-09-27T13:00:00+07:00", "warning_group": "area_nearby"}, "geometry": null}, {"type": "Feature", "id": "area_nearby-711007", "properties": {"geocode": "711007", "tambon": "ต.หนองฝ้าย", "amphoe": "อ.เลาขวัญ", "province": "จ.กาญจนบุรี", "region_id": "5", "region_name": "ภาคตะวันตก", "station": "บ้านห้วยรวก", "latitude": 14.666945, "longitude": 99.617884, "sum_rainfall_mm": 36.5, "observed_at": "2026-09-27T13:00:00+07:00", "warning_group": "area_nearby"}, "geometry": null}, {"type": "Feature", "id": "area_nearby-710405", "properties": {"geocode": "710405", "tambon": "ต.เขาโจด", "amphoe": "อ.ศรีสวัสดิ์", "province": "จ.กาญจนบุรี", "region_id": "5", "region_name": "ภาคตะวันตก", "station": "วัดปากลำขาแข้ง", "latitude": 14.92634, "longitude": 99.12273, "sum_rainfall_mm": 121.0, "observed_at": "2026-09-27T13:00:00+07:00", "warning_group": "area_nearby"}, "geometry": null}, {"type": "Feature", "id": "area_nearby-710405", "properties": {"geocode": "710405", "tambon": "ต.เขาโจด", "amphoe": "อ.ศรีสวัสดิ์", "province": "จ.กาญจนบุรี", "region_id": "5", "region_name": "ภาคตะวันตก", "station": "ที่ทำการอุทยานแห่งชาติเฉลิมรัตนโกสินทร์", "latitude": 14.66122, "longitude": 99.30444, "sum_rainfall_mm": 191.0, "observed_at": "2026-09-27T14:00:00+07:00", "warning_group": "area_nearby"}, "geometry": null}, {"type": "Feature", "id": "area_nearby-710405", "properties": {"geocode": "710405", "tambon": "ต.เขาโจด", "amphoe": "อ.ศรีสวัสดิ์", "province": "จ.กาญจนบุรี", "region_id": "5", "region_name": "ภาคตะวันตก", "station": "หน่วยพิทักษ์อุทยานแห่งชาติที่ ศร.9 (ไกรเกรียง)", "latitude": 15.0256, "longitude": 99.1902, "sum_rainfall_mm": 116.30000000000001, "observed_at": "2026-09-27T14:00:00+07:00", "warning_group": "area_nearby"}, "geometry": null}, {"type": "Feature", "id": "area_nearby-710402", "properties": {"geocode": "710402", "tambon": "ต.ด่านแม่แฉลบ", "amphoe": "อ.ศรีสวัสดิ์", "province": "จ.กาญจนบุรี", "region_id": "5", "region_name": "ภาคตะวันตก", "station": "ที่ทำการอุทยานแห่งชาติเขื่อนศรีนครินทร์", "latitude": 14.6359, "longitude": 98.9916, "sum_rainfall_mm": 209.8, "observed_at": "2026-09-27T14:00:00+07:00", "warning_group": "area_nearby"}, "geometry": null}, {"type": "Feature", "id": "area_nearby-710404", "properties": {"geocode": "710404", "tambon": "ต.ท่ากระดาน", "amphoe": "อ.ศรีสวัสดิ์", "province": "จ.กาญจนบุรี", "region_id": "5", "region_name": "ภาคตะวันตก", "station": "สำนักงานประปา  อบต.ท่ากระดาน สาขาแก่งแคบ", "latitude": 14.365097, "longitude": 99.154023, "sum_rainfall_mm": 310.0, "observed_at": "2026-09-27T14:00:00+07:00", "warning_group": "area_nearby"}, "geometry": null}, {"type": "Feature", "id": "area_nearby-710404", "properties": {"geocode": "710404", "tambon": "ต.ท่ากระดาน", "amphoe": "อ.ศรีสวัสดิ์", "province": "จ.กาญจนบุรี", "region_id": "5", "region_name": "ภาคตะวันตก", "station": "บ้านแก่งแคบ", "latitude": 14.345543, "longitude": 99.18332, "sum_rainfall_mm": 0.0, "observed_at": "2026-09-27T13:00:00+07:00", "warning_group": "area_nearby"}, "geometry": null}, {"type": "Feature", "id": "area_nearby-710404", "properties": {"geocode": "710404", "tambon": "ต.ท่ากระดาน", "amphoe": "อ.ศรีสวัสดิ์", "province": "จ.กาญจนบุรี", "region_id": "5", "region_name": "ภาคตะวันตก", "station": "เขื่อนศรีนครินทร์", "latitude": 14.40552, "longitude": 99.12831, "sum_rainfall_mm": 250.0, "observed_at": "2026-09-27T13:00:00+07:00", "warning_group": "area_nearby"}, "geometry": null}, {"type": "Feature", "id": "area_nearby-710404", "properties": {"geocode": "710404", "tambon": "ต.ท่ากระดาน", "amphoe": "อ.ศรีสวัสดิ์", "province": "จ.กาญจนบุรี", "region_id": "5", "region_name": "ภาคตะวันตก", "station": "ที่ทำการอุทยานแห่งชาติเอราวัณ", "latitude": 14.37565, "longitude": 99.11301, "sum_rainfall_mm": 311.7, "observed_at": "2026-09-27T14:00:00+07:00", "warning_group": "area_nearby"}, "geometry": null}, {"type": "Feature", "id": "area_nearby-710401", "properties": {"geocode": "710401", "tambon": "ต.นาสวน", "amphoe": "อ.ศรีสวัสดิ์", "province": "จ.กาญจนบุรี", "region_id": "5", "region_name": "ภาคตะวันตก", "station": "วัดวังผาแดง", "latitude": 14.72684, "longitude": 99.06556, "sum_rainfall_mm": 129.0, "observed_at": "2026-09-27T13:00:00+07:00", "warning_group": "area_nearby"}, "geometry": null}, {"type": "Feature", "id": "area_nearby-710401", "properties": {"geocode": "710401", "tambon": "ต.นาสวน", "amphoe": "อ.ศรีสวัสดิ์", "province": "จ.กาญจนบุรี", "region_id": "5", "region_name": "ภาคตะวันตก", "station": "หน่วยพิทักษ์ป่าแม่ปลาสร้อย", "latitude": 14.6054, "longitude": 99.1704, "sum_rainfall_mm": 184.0, "observed_at": "2026-09-27T14:00:00+07:00", "warning_group": "area_nearby"}, "geometry": null}, {"type": "Feature", "id": "area_nearby-710401", "properties": {"geocode": "710401", "tambon": "ต.นาสวน", "amphoe": "อ.ศรีสวัสดิ์", "province": "จ.กาญจนบุรี", "region_id": "5", "region_name": "ภาคตะวันตก", "station": "อบต.นาสวน", "latitude": 14.61133, "longitude": 99.12579, "sum_rainfall_mm": 217.2, "observed_at": "2026-09-27T14:00:00+07:00", "warning_group": "area_nearby"}, "geometry": null}, {"type": "Feature", "id": "area_nearby-711203", "properties": {"geocode": "711203", "tambon": "ต.สมเด็จเจริญ", "amphoe": "อ.หนองปรือ", "province": "จ.กาญจนบุรี", "region_id": "5", "region_name": "ภาคตะวันตก", "station": "บ้านเขาหินตั้ง", "latitude": 14.740015, "longitude": 99.330612, "sum_rainfall_mm": 65.5, "observed_at": "2026-09-27T13:00:00+07:00", "warning_group": "area_nearby"}, "geometry": null}, {"type": "Feature", "id": "area_nearby-711201", "properties": {"geocode": "711201", "tambon": "ต.หนองปรือ", "amphoe": "อ.หนองปรือ", "province": "จ.กาญจนบุรี", "region_id": "5", "region_name": "ภาคตะวันตก", "station": "วัดหนองไม้เอื้อย", "latitude": 14.547573, "longitude": 99.462599, "sum_rainfall_mm": 119.0, "observed_at": "2026-09-27T14:00:00+07:00", "warning_group": "area_nearby"}, "geometry": null}, {"type": "Feature", "id": "area_nearby-711201", "properties": {"geocode": "711201", "tambon": "ต.หนองปรือ", "amphoe": "อ.หนองปรือ", "province": "จ.กาญจนบุรี", "region_id": "5", "region_name": "ภาคตะวันตก", "station": "บ้านหนองใหญ่", "latitude": 14.715639, "longitude": 99.430631, "sum_rainfall_mm": 65.0, "observed_at": "2026-09-27T13:00:00+07:00", "warning_group": "area_nearby"}, "geometry": null}, {"type": "Feature", "id": "area_nearby-711201", "properties": {"geocode": "711201", "tambon": "ต.หนองปรือ", "amphoe": "อ.หนองปรือ", "province": "จ.กาญจนบุรี", "region_id": "5", "region_name": "ภาคตะวันตก", "station": "บ้านโป่งช้าง", "latitude": 14.659865, "longitude": 99.372097, "sum_rainfall_mm": 72.5, "observed_at": "2026-09-27T13:00:00+07:00", "warning_group": "area_nearby"}, "geometry": null}, {"type": "Feature", "id": "area_nearby-711201", "properties": {"geocode": "711201", "tambon": "ต.หนองปรือ", "amphoe": "อ.หนองปรือ", "province": "จ.กาญจนบุรี", "region_id": "5", "region_name": "ภาคตะวันตก", "station": "วัดหนองปรือ", "latitude": 14.609306, "longitude": 99.457694, "sum_rainfall_mm": 40.0, "observed_at": "2026-09-27T13:00:00+07:00", "warning_group": "area_nearby"}, "geometry": null}, {"type": "Feature", "id": "area_nearby-630107", "properties": {"geocode": "630107", "tambon": "ต.โป่งแดง", "amphoe": "อ.เมืองตาก", "province": "จ.ตาก", "region_id": "5", "region_name": "ภาคตะวันตก", "station": "บ้านหนองนกปีกกา", "latitude": 17.130709, "longitude": 99.250871, "sum_rainfall_mm": 17.0, "observed_at": "2026-09-27T13:00:00+07:00", "warning_group": "area_nearby"}, "geometry": null}, {"type": "Feature", "id": "area_nearby-630107", "properties": {"geocode": "630107", "tambon": "ต.โป่งแดง", "amphoe": "อ.เมืองตาก", "province": "จ.ตาก", "region_id": "5", "region_name": "ภาคตะวันตก", "station": "บ้านโป่งแดง", "latitude": 17.061694, "longitude": 99.271171, "sum_rainfall_mm": 48.0, "observed_at": "2026-09-27T13:00:00+07:00", "warning_group": "area_nearby"}, "geometry": null}, {"type": "Feature", "id": "area_nearby-630107", "properties": {"geocode": "630107", "tambon": "ต.โป่งแดง", "amphoe": "อ.เมืองตาก", "province": "จ.ตาก", "region_id": "5", "region_name": "ภาคตะวันตก", "station": "บ้านตลุกป่าตาล", "latitude": 16.985977, "longitude": 99.273449, "sum_rainfall_mm": 10.5, "observed_at": "2026-09-27T13:00:00+07:00", "warning_group": "area_nearby"}, "geometry": null}, {"type": "Feature", "id": "area_nearby-630107", "properties": {"geocode": "630107", "tambon": "ต.โป่งแดง", "amphoe": "อ.เมืองตาก", "province": "จ.ตาก", "region_id": "5", "region_name": "ภาคตะวันตก", "station": "บ้านหนองมะค่า", "latitude": 17.014068, "longitude": 99.396445, "sum_rainfall_mm": 0.0, "observed_at": "2026-09-27T13:00:00+07:00", "warning_group": "area_nearby"}, "geometry": null}, {"type": "Feature", "id": "area_nearby-630111", "properties": {"geocode": "630111", "tambon": "ต.แม่ท้อ", "amphoe": "อ.เมืองตาก", "province": "จ.ตาก", "region_id": "5", "region_name": "ภาคตะวันตก", "station": "บ้านลีซอ", "latitude": 16.766504, "longitude": 98.934656, "sum_rainfall_mm": 39.0, "observed_at": "2026-09-27T13:00:00+07:00", "warning_group": "area_nearby"}, "geometry": null}, {"type": "Feature", "id": "area_nearby-630111", "properties": {"geocode": "630111", "tambon": "ต.แม่ท้อ", "amphoe": "อ.เมืองตาก", "province": "จ.ตาก", "region_id": "5", "region_name": "ภาคตะวันตก", "station": "บ้านลานสาง", "latitude": 16.794436, "longitude": 99.031213, "sum_rainfall_mm": 40.5, "observed_at": "2026-09-27T13:00:00+07:00", "warning_group": "area_nearby"}, "geometry": null}, {"type": "Feature", "id": "area_nearby-630111", "properties": {"geocode": "630111", "tambon": "ต.แม่ท้อ", "amphoe": "อ.เมืองตาก", "province": "จ.ตาก", "region_id": "5", "region_name": "ภาคตะวันตก", "station": "ที่ทำการอุทยานแห่งชาติตากสินมหาราช", "latitude": 16.775963, "longitude": 98.92825, "sum_rainfall_mm": 112.40000000000002, "observed_at": "2026-09-27T14:00:00+07:00", "warning_group": "area_nearby"}, "geometry": null}, {"type": "Feature", "id": "area_nearby-630111", "properties": {"geocode": "630111", "tambon": "ต.แม่ท้อ", "amphoe": "อ.เมืองตาก", "province": "จ.ตาก", "region_id": "5", "region_name": "ภาคตะวันตก", "station": "ที่ทำการอุทยานแห่งชาติลานสาง", "latitude": 16.77711, "longitude": 99.005714, "sum_rainfall_mm": 71.60000000000001, "observed_at": "2026-09-27T14:00:00+07:00", "warning_group": "area_nearby"}, "geometry": null}, {"type": "Feature", "id": "area_nearby-630101", "properties": {"geocode": "630101", "tambon": "ต.ระแหง", "amphoe": "อ.เมืองตาก", "province": "จ.ตาก", "region_id": "5", "region_name": "ภาคตะวันตก", "station": "อบจ.ตาก", "latitude": 16.87779, "longitude": 99.13964, "sum_rainfall_mm": 62.8, "observed_at": "2026-09-27T14:00:00+07:00", "warning_group": "area_nearby"}, "geometry": null}, {"type": "Feature", "id": "area_nearby-630114", "properties": {"geocode": "630114", "tambon": "ต.วังประจบ", "amphoe": "อ.เมืองตาก", "province": "จ.ตาก", "region_id": "5", "region_name": "ภาคตะวันตก", "station": "บ้านแก่งหิน", "latitude": 16.896385, "longitude": 99.335101, "sum_rainfall_mm": 23.0, "observed_at": "2026-09-27T13:00:00+07:00", "warning_group": "area_nearby"}, "geometry": null}, {"type": "Feature", "id": "area_nearby-630114", "properties": {"geocode": "630114", "tambon": "ต.วังประจบ", "amphoe": "อ.เมืองตาก", "province": "จ.ตาก", "region_id": "5", "region_name": "ภาคตะวันตก", "station": "บ้านโป่งแค", "latitude": 16.926296, "longitude": 99.409849, "sum_rainfall_mm": 25.0, "observed_at": "2026-09-27T13:00:00+07:00", "warning_group": "area_nearby"}, "geometry": null}, {"type": "Feature", "id": "area_nearby-630113", "properties": {"geocode": "630113", "tambon": "ต.หนองบัวใต้", "amphoe": "อ.เมืองตาก", "province": "จ.ตาก", "region_id": "5", "region_name": "ภาคตะวันตก", "station": "อ่างเก็บน้ำตลุกหิน", "latitude": 16.81018, "longitude": 99.08733, "sum_rainfall_mm": 93.8, "observed_at": "2026-09-27T14:00:00+07:00", "warning_group": "area_nearby"}, "geometry": null}, {"type": "Feature", "id": "area_nearby-630105", "properties": {"geocode": "630105", "tambon": "ต.หนองบัวเหนือ", "amphoe": "อ.เมืองตาก", "province": "จ.ตาก", "region_id": "5", "region_name": "ภาคตะวันตก", "station": "บ้านไร่ท่าตะกู", "latitude": 16.950079, "longitude": 99.040781, "sum_rainfall_mm": 27.5, "observed_at": "2026-09-27T13:00:00+07:00", "warning_group": "area_nearby"}, "geometry": null}, {"type": "Feature", "id": "area_nearby-630609", "properties": {"geocode": "630609", "tambon": "ต.ด่านแม่ละเมา", "amphoe": "อ.แม่สอด", "province": "จ.ตาก", "region_id": "5", "region_name": "ภาคตะวันตก", "station": "บ้านห้วยพลู", "latitude": 16.792853, "longitude": 98.803716, "sum_rainfall_mm": 13.0, "observed_at": "2026-09-27T13:00:00+07:00", "warning_group": "area_nearby"}, "geometry": null}, {"type": "Feature", "id": "area_nearby-630609", "properties": {"geocode": "630609", "tambon": "ต.ด่านแม่ละเมา", "amphoe": "อ.แม่สอด", "province": "จ.ตาก", "region_id": "5", "region_name": "ภาคตะวันตก", "station": "พิพิธภัณฑ์ธรรมชาติบ้านห้วยปลาหลด", "latitude": 16.783789, "longitude": 98.89485, "sum_rainfall_mm": 101.00000000000001, "observed_at": "2026-09-27T14:00:00+07:00", "warning_group": "area_nearby"}, "geometry": null}, {"type": "Feature", "id": "area_nearby-630606", "properties": {"geocode": "630606", "tambon": "ต.ท่าสายลวด", "amphoe": "อ.แม่สอด", "province": "จ.ตาก", "region_id": "5", "region_name": "ภาคตะวันตก", "station": "วัดวังตะเคียน", "latitude": 16.71145, "longitude": 98.50671, "sum_rainfall_mm": 0.8, "observed_at": "2026-09-27T14:00:00+07:00", "warning_group": "area_nearby"}, "geometry": null}, {"type": "Feature", "id": "area_nearby-630610", "properties": {"geocode": "630610", "tambon": "ต.พระธาตุผาแดง", "amphoe": "อ.แม่สอด", "province": "จ.ตาก", "region_id": "5", "region_name": "ภาคตะวันตก", "station": "บ้านขุนห้วยแม่สอด", "latitude": 16.716892, "longitude": 98.663356, "sum_rainfall_mm": 7.5, "observed_at": "2026-09-27T13:00:00+07:00", "warning_group": "area_nearby"}, "geometry": null}, {"type": "Feature", "id": "area_nearby-630603", "properties": {"geocode": "630603", "tambon": "ต.พะวอ", "amphoe": "อ.แม่สอด", "province": "จ.ตาก", "region_id": "5", "region_name": "ภาคตะวันตก", "station": "บ้านแม่ละเมา", "latitude": 16.805604, "longitude": 98.742616, "sum_rainfall_mm": 0.0, "observed_at": "2026-09-27T13:00:00+07:00", "warning_group": "area_nearby"}, "geometry": null}, {"type": "Feature", "id": "area_nearby-630603", "properties": {"geocode": "630603", "tambon": "ต.พะวอ", "amphoe": "อ.แม่สอด", "province": "จ.ตาก", "region_id": "5", "region_name": "ภาคตะวันตก", "station": "หน่วยพิทักษ์อุทยานแห่งชาติที่ ตม.๓ (ปูแป้)", "latitude": 16.852543, "longitude": 98.770515, "sum_rainfall_mm": 14.200000000000001, "observed_at": "2026-09-27T14:00:00+07:00", "warning_group": "area_nearby"}, "geometry": null}, {"type": "Feature", "id": "area_nearby-630608", "properties": {"geocode": "630608", "tambon": "ต.มหาวัน", "amphoe": "อ.แม่สอด", "province": "จ.ตาก", "region_id": "5", "region_name": "ภาคตะวันตก", "station": "บ้านเจดีย์โคะ", "latitude": 16.554722, "longitude": 98.700333, "sum_rainfall_mm": 9.0, "observed_at": "2026-09-27T13:00:00+07:00", "warning_group": "area_nearby"}, "geometry": null}, {"type": "Feature", "id": "area_nearby-630605", "properties": {"geocode": "630605", "tambon": "ต.แม่กาษา", "amphoe": "อ.แม่สอด", "province": "จ.ตาก", "region_id": "5", "region_name": "ภาคตะวันตก", "station": "บ้านแม่กึ๊ดสามท่า", "latitude": 16.835852, "longitude": 98.59166, "sum_rainfall_mm": 6.0, "observed_at": "2026-09-27T14:00:00+07:00", "warning_group": "area_nearby"}, "geometry": null}, {"type": "Feature", "id": "area_nearby-630605", "properties": {"geocode": "630605", "tambon": "ต.แม่กาษา", "amphoe": "อ.แม่สอด", "province": "จ.ตาก", "region_id": "5", "region_name": "ภาคตะวันตก", "station": "บ้านวังผา", "latitude": 16.830552, "longitude": 98.539078, "sum_rainfall_mm": 2.0, "observed_at": "2026-09-27T14:00:00+07:00", "warning_group": "area_nearby"}, "geometry": null}, {"type": "Feature", "id": "area_nearby-630605", "properties": {"geocode": "630605", "tambon": "ต.แม่กาษา", "amphoe": "อ.แม่สอด", "province": "จ.ตาก", "region_id": "5", "region_name": "ภาคตะวันตก", "station": "บ้านไทยสามัคคี", "latitude": 16.791076, "longitude": 98.595603, "sum_rainfall_mm": 1.0, "observed_at": "2026-09-27T13:00:00+07:00", "warning_group": "area_nearby"}, "geometry": null}, {"type": "Feature", "id": "area_nearby-630605", "properties": {"geocode": "630605", "tambon": "ต.แม่กาษา", "amphoe": "อ.แม่สอด", "province": "จ.ตาก", "region_id": "5", "region_name": "ภาคตะวันตก", "station": "บ้านแม่กาษาใหม่ไหล่ท่า", "latitude": 16.876106, "longitude": 98.621776, "sum_rainfall_mm": 3.0, "observed_at": "2026-09-27T13:00:00+07:00", "warning_group": "area_nearby"}, "geometry": null}, {"type": "Feature", "id": "area_nearby-630602", "properties": {"geocode": "630602", "tambon": "ต.แม่กุ", "amphoe": "อ.แม่สอด", "province": "จ.ตาก", "region_id": "5", "region_name": "ภาคตะวันตก", "station": "บ้านผาลาด", "latitude": 16.627004, "longitude": 98.6033, "sum_rainfall_mm": 6.5, "observed_at": "2026-09-27T13:00:00+07:00", "warning_group": "area_nearby"}, "geometry": null}, {"type": "Feature", "id": "area_nearby-630607", "properties": {"geocode": "630607", "tambon": "ต.แม่ปะ", "amphoe": "อ.แม่สอด", "province": "จ.ตาก", "region_id": "5", "region_name": "ภาคตะวันตก", "station": "บ้านห้วยหินฝน", "latitude": 16.762068, "longitude": 98.644521, "sum_rainfall_mm": 3.0, "observed_at": "2026-09-27T13:00:00+07:00", "warning_group": "area_nearby"}, "geometry": null}, {"type": "Feature", "id": "area_nearby-630607", "properties": {"geocode": "630607", "tambon": "ต.แม่ปะ", "amphoe": "อ.แม่สอด", "province": "จ.ตาก", "region_id": "5", "region_name": "ภาคตะวันตก", "station": "บ้านปากห้วยแม่ปะ", "latitude": 16.760177, "longitude": 98.526575, "sum_rainfall_mm": 6.0, "observed_at": "2026-09-27T13:00:00+07:00", "warning_group": "area_nearby"}, "geometry": null}, {"type": "Feature", "id": "area_nearby-630601", "properties": {"geocode": "630601", "tambon": "ต.แม่สอด", "amphoe": "อ.แม่สอด", "province": "จ.ตาก", "region_id": "5", "region_name": "ภาคตะวันตก", "station": "ห้วยแม่สอด", "latitude": 16.716882, "longitude": 98.558861, "sum_rainfall_mm": 17.0, "observed_at": "2026-09-27T14:00:00+07:00", "warning_group": "area_nearby"}, "geometry": null}, {"type": "Feature", "id": "area_nearby-770401", "properties": {"geocode": "770401", "tambon": "ต.กำเนิดนพคุณ", "amphoe": "อ.บางสะพาน", "province": "จ.ประจวบคีรีขันธ์", "region_id": "5", "region_name": "ภาคตะวันตก", "station": "สำนักงานเกษตรอำเภอบางสะพาน", "latitude": 11.24181, "longitude": 99.48108, "sum_rainfall_mm": 96.80000000000001, "observed_at": "2026-09-27T14:00:00+07:00", "warning_group": "area_nearby"}, "geometry": null}, {"type": "Feature", "id": "area_nearby-770405", "properties": {"geocode": "770405", "tambon": "ต.ชัยเกษม", "amphoe": "อ.บางสะพาน", "province": "จ.ประจวบคีรีขันธ์", "region_id": "5", "region_name": "ภาคตะวันตก", "station": "บ้านห้วยตะเคียน", "latitude": 11.380407, "longitude": 99.451136, "sum_rainfall_mm": 39.5, "observed_at": "2026-09-27T13:00:00+07:00", "warning_group": "area_nearby"}, "geometry": null}, {"type": "Feature", "id": "area_nearby-770405", "properties": {"geocode": "770405", "tambon": "ต.ชัยเกษม", "amphoe": "อ.บางสะพาน", "province": "จ.ประจวบคีรีขันธ์", "region_id": "5", "region_name": "ภาคตะวันตก", "station": "บ้านมรสวบ", "latitude": 11.404027, "longitude": 99.496821, "sum_rainfall_mm": 37.5, "observed_at": "2026-09-27T13:00:00+07:00", "warning_group": "area_nearby"}, "geometry": null}, {"type": "Feature", "id": "area_nearby-770405", "properties": {"geocode": "770405", "tambon": "ต.ชัยเกษม", "amphoe": "อ.บางสะพาน", "province": "จ.ประจวบคีรีขันธ์", "region_id": "5", "region_name": "ภาคตะวันตก", "station": "หน่วยพิทักษ์อุทยานแห่งชาติที่ หย. ๒ (น้ำตกขาอ่อน)", "latitude": 11.4481, "longitude": 99.41958, "sum_rainfall_mm": 89.8, "observed_at": "2026-09-27T14:00:00+07:00", "warning_group": "area_nearby"}, "geometry": null}, {"type": "Feature", "id": "area_nearby-770405", "properties": {"geocode": "770405", "tambon": "ต.ชัยเกษม", "amphoe": "อ.บางสะพาน", "province": "จ.ประจวบคีรีขันธ์", "region_id": "5", "region_name": "ภาคตะวันตก", "station": "รร.บ้านดงไม้งาม", "latitude": 11.31588, "longitude": 99.4664, "sum_rainfall_mm": 50.0, "observed_at": "2026-09-27T14:00:00+07:00", "warning_group": "area_nearby"}, "geometry": null}, {"type": "Feature", "id": "area_nearby-770406", "properties": {"geocode": "770406", "tambon": "ต.ทองมงคล", "amphoe": "อ.บางสะพาน", "province": "จ.ประจวบคีรีขันธ์", "region_id": "5", "region_name": "ภาคตะวันตก", "station": "อ่างเก็บน้ำโป่งสามสิบ", "latitude": 11.1831, "longitude": 99.3493, "sum_rainfall_mm": 97.0, "observed_at": "2026-09-27T14:00:00+07:00", "warning_group": "area_nearby"}, "geometry": null}, {"type": "Feature", "id": "area_nearby-770406", "properties": {"geocode": "770406", "tambon": "ต.ทองมงคล", "amphoe": "อ.บางสะพาน", "province": "จ.ประจวบคีรีขันธ์", "region_id": "5", "region_name": "ภาคตะวันตก", "station": "บ้านราชมงคล", "latitude": 11.19917, "longitude": 99.403625, "sum_rainfall_mm": 48.5, "observed_at": "2026-09-27T13:00:00+07:00", "warning_group": "area_nearby"}, "geometry": null}, {"type": "Feature", "id": "area_nearby-770406", "properties": {"geocode": "770406", "tambon": "ต.ทองมงคล", "amphoe": "อ.บางสะพาน", "province": "จ.ประจวบคีรีขันธ์", "region_id": "5", "region_name": "ภาคตะวันตก", "station": "น้ำตกไทรคู่", "latitude": 11.24847, "longitude": 99.33681, "sum_rainfall_mm": 95.8, "observed_at": "2026-09-27T14:00:00+07:00", "warning_group": "area_nearby"}, "geometry": null}, {"type": "Feature", "id": "area_nearby-770406", "properties": {"geocode": "770406", "tambon": "ต.ทองมงคล", "amphoe": "อ.บางสะพาน", "province": "จ.ประจวบคีรีขันธ์", "region_id": "5", "region_name": "ภาคตะวันตก", "station": "ศาลากลางหมู่บ้านในล๊อค", "latitude": 11.18113, "longitude": 99.35563, "sum_rainfall_mm": 115.60000000000002, "observed_at": "2026-09-27T14:00:00+07:00", "warning_group": "area_nearby"}, "geometry": null}, {"type": "Feature", "id": "area_nearby-770403", "properties": {"geocode": "770403", "tambon": "ต.ร่อนทอง", "amphoe": "อ.บางสะพาน", "province": "จ.ประจวบคีรีขันธ์", "region_id": "5", "region_name": "ภาคตะวันตก", "station": "บ้านไทรคู่", "latitude": 11.306489, "longitude": 99.448436, "sum_rainfall_mm": 34.0, "observed_at": "2026-09-27T13:00:00+07:00", "warning_group": "area_nearby"}, "geometry": null}, {"type": "Feature", "id": "area_nearby-770403", "properties": {"geocode": "770403", "tambon": "ต.ร่อนทอง", "amphoe": "อ.บางสะพาน", "province": "จ.ประจวบคีรีขันธ์", "region_id": "5", "region_name": "ภาคตะวันตก", "station": "บ้านวังน้ำเขียว", "latitude": 11.333134, "longitude": 99.402565, "sum_rainfall_mm": 42.5, "observed_at": "2026-09-27T13:00:00+07:00", "warning_group": "area_nearby"}, "geometry": null}, {"type": "Feature", "id": "area_nearby-770403", "properties": {"geocode": "770403", "tambon": "ต.ร่อนทอง", "amphoe": "อ.บางสะพาน", "province": "จ.ประจวบคีรีขันธ์", "region_id": "5", "region_name": "ภาคตะวันตก", "station": "คลองขนาน", "latitude": 11.24042, "longitude": 99.43526, "sum_rainfall_mm": 69.2, "observed_at": "2026-09-27T14:00:00+07:00", "warning_group": "area_nearby"}, "geometry": null}, {"type": "Feature", "id": "area_nearby-770403", "properties": {"geocode": "770403", "tambon": "ต.ร่อนทอง", "amphoe": "อ.บางสะพาน", "province": "จ.ประจวบคีรีขันธ์", "region_id": "5", "region_name": "ภาคตะวันตก", "station": "ประปาหมู่บ้านคลองเพลิน", "latitude": 11.32008, "longitude": 99.39444, "sum_rainfall_mm": 74.0, "observed_at": "2026-09-27T14:00:00+07:00", "warning_group": "area_nearby"}, "geometry": null}, {"type": "Feature", "id": "area_nearby-770102", "properties": {"geocode": "770102", "tambon": "ต.เกาะหลัก", "amphoe": "อ.เมืองประจวบคีรีขันธ์", "province": "จ.ประจวบคีรีขันธ์", "region_id": "5", "region_name": "ภาคตะวันตก", "station": "บ้านหนองไม้แก่น", "latitude": 11.835845, "longitude": 99.709649, "sum_rainfall_mm": 38.5, "observed_at": "2026-09-27T13:00:00+07:00", "warning_group": "area_nearby"}, "geometry": null}, {"type": "Feature", "id": "area_nearby-770102", "properties": {"geocode": "770102", "tambon": "ต.เกาะหลัก", "amphoe": "อ.เมืองประจวบคีรีขันธ์", "province": "จ.ประจวบคีรีขันธ์", "region_id": "5", "region_name": "ภาคตะวันตก", "station": "อบต.เกาะหลัก", "latitude": 11.80297, "longitude": 99.75459, "sum_rainfall_mm": 110.00000000000001, "observed_at": "2026-09-27T14:00:00+07:00", "warning_group": "area_nearby"}, "geometry": null}, {"type": "Feature", "id": "area_nearby-770103", "properties": {"geocode": "770103", "tambon": "ต.คลองวาฬ", "amphoe": "อ.เมืองประจวบคีรีขันธ์", "province": "จ.ประจวบคีรีขันธ์", "region_id": "5", "region_name": "ภาคตะวันตก", "station": "บ้านด่านสิงขร", "latitude": 11.778058, "longitude": 99.673706, "sum_rainfall_mm": 0.0, "observed_at": "2026-09-27T13:00:00+07:00", "warning_group": "area_nearby"}, "geometry": null}, {"type": "Feature", "id": "area_nearby-770105", "properties": {"geocode": "770105", "tambon": "ต.อ่าวน้อย", "amphoe": "อ.เมืองประจวบคีรีขันธ์", "province": "จ.ประจวบคีรีขันธ์", "region_id": "5", "region_name": "ภาคตะวันตก", "station": "วัดนิคมประชาสรรค์ (วัดวังไทรดิ่ง)", "latitude": 11.93596, "longitude": 99.71081, "sum_rainfall_mm": 56.8, "observed_at": "2026-09-27T14:00:00+07:00", "warning_group": "area_nearby"}, "geometry": null}, {"type": "Feature", "id": "area_nearby-850406", "properties": {"geocode": "850406", "tambon": "ต.จ.ป.ร.", "amphoe": "อ.กระบุรี", "province": "จ.ระนอง", "region_id": "6", "region_name": "ภาคใต้", "station": "บ้านรังแตน", "latitude": 10.650233, "longitude": 98.868822, "sum_rainfall_mm": 39.5, "observed_at": "2026-09-27T13:00:00+07:00", "warning_group": "area_nearby"}, "geometry": null}, {"type": "Feature", "id": "area_nearby-850406", "properties": {"geocode": "850406", "tambon": "ต.จ.ป.ร.", "amphoe": "อ.กระบุรี", "province": "จ.ระนอง", "region_id": "6", "region_name": "ภาคใต้", "station": "บ้านหินซอง", "latitude": 10.527524, "longitude": 98.90281, "sum_rainfall_mm": 71.0, "observed_at": "2026-09-27T13:00:00+07:00", "warning_group": "area_nearby"}, "geometry": null}, {"type": "Feature", "id": "area_nearby-850406", "properties": {"geocode": "850406", "tambon": "ต.จ.ป.ร.", "amphoe": "อ.กระบุรี", "province": "จ.ระนอง", "region_id": "6", "region_name": "ภาคใต้", "station": "เขตรักษาพันธุ์สัตว์ป่า อุทยาน เสด็จในกรม กรมหลวงชุมพร ด้านทิศใต้", "latitude": 10.513319, "longitude": 98.911064, "sum_rainfall_mm": 167.79999999999998, "observed_at": "2026-09-27T14:00:00+07:00", "warning_group": "area_nearby"}, "geometry": null}, {"type": "Feature", "id": "area_nearby-850401", "properties": {"geocode": "850401", "tambon": "ต.น้ำจืด", "amphoe": "อ.กระบุรี", "province": "จ.ระนอง", "region_id": "6", "region_name": "ภาคใต้", "station": "บ้านหินใหญ่", "latitude": 10.410436, "longitude": 98.835933, "sum_rainfall_mm": 0.0, "observed_at": "2026-09-27T13:00:00+07:00", "warning_group": "area_nearby"}, "geometry": null}, {"type": "Feature", "id": "area_nearby-850401", "properties": {"geocode": "850401", "tambon": "ต.น้ำจืด", "amphoe": "อ.กระบุรี", "province": "จ.ระนอง", "region_id": "6", "region_name": "ภาคใต้", "station": "บ้านปลายคลอง", "latitude": 10.408302, "longitude": 98.804415, "sum_rainfall_mm": 48.5, "observed_at": "2026-09-27T13:00:00+07:00", "warning_group": "area_nearby"}, "geometry": null}, {"type": "Feature", "id": "area_nearby-850401", "properties": {"geocode": "850401", "tambon": "ต.น้ำจืด", "amphoe": "อ.กระบุรี", "province": "จ.ระนอง", "region_id": "6", "region_name": "ภาคใต้", "station": "ที่ทำการเขตรักษาพันธุ์สัตว์ป่าทุ่งระยะ-นาสัก", "latitude": 10.3753, "longitude": 98.8537, "sum_rainfall_mm": 112.1, "observed_at": "2026-09-27T14:00:00+07:00", "warning_group": "area_nearby"}, "geometry": null}, {"type": "Feature", "id": "area_nearby-850407", "properties": {"geocode": "850407", "tambon": "ต.บางใหญ่", "amphoe": "อ.กระบุรี", "province": "จ.ระนอง", "region_id": "6", "region_name": "ภาคใต้", "station": "อบต.บางใหญ่", "latitude": 10.30637, "longitude": 98.77072, "sum_rainfall_mm": 109.6, "observed_at": "2026-09-27T14:00:00+07:00", "warning_group": "area_nearby"}, "geometry": null}, {"type": "Feature", "id": "area_nearby-850404", "properties": {"geocode": "850404", "tambon": "ต.ปากจั่น", "amphoe": "อ.กระบุรี", "province": "จ.ระนอง", "region_id": "6", "region_name": "ภาคใต้", "station": "บ้านหาดตุ่น", "latitude": 10.597412, "longitude": 98.809827, "sum_rainfall_mm": 67.0, "observed_at": "2026-09-27T13:00:00+07:00", "warning_group": "area_nearby"}, "geometry": null}, {"type": "Feature", "id": "area_nearby-850404", "properties": {"geocode": "850404", "tambon": "ต.ปากจั่น", "amphoe": "อ.กระบุรี", "province": "จ.ระนอง", "region_id": "6", "region_name": "ภาคใต้", "station": "บ้านปากจั่น", "latitude": 10.526672, "longitude": 98.833203, "sum_rainfall_mm": 75.0, "observed_at": "2026-09-27T13:00:00+07:00", "warning_group": "area_nearby"}, "geometry": null}, {"type": "Feature", "id": "area_nearby-850404", "properties": {"geocode": "850404", "tambon": "ต.ปากจั่น", "amphoe": "อ.กระบุรี", "province": "จ.ระนอง", "region_id": "6", "region_name": "ภาคใต้", "station": "บ้านปลายคลองวัน", "latitude": 10.510739, "longitude": 98.858783, "sum_rainfall_mm": 109.0, "observed_at": "2026-09-27T13:00:00+07:00", "warning_group": "area_nearby"}, "geometry": null}, {"type": "Feature", "id": "area_nearby-850403", "properties": {"geocode": "850403", "tambon": "ต.มะมุ", "amphoe": "อ.กระบุรี", "province": "จ.ระนอง", "region_id": "6", "region_name": "ภาคใต้", "station": "บ้านปลายคลองวัน", "latitude": 10.498321, "longitude": 98.838336, "sum_rainfall_mm": 73.0, "observed_at": "2026-09-27T13:00:00+07:00", "warning_group": "area_nearby"}, "geometry": null}, {"type": "Feature", "id": "area_nearby-850403", "properties": {"geocode": "850403", "tambon": "ต.มะมุ", "amphoe": "อ.กระบุรี", "province": "จ.ระนอง", "region_id": "6", "region_name": "ภาคใต้", "station": "บ้านสวัสดิ์", "latitude": 10.446506, "longitude": 98.821075, "sum_rainfall_mm": 58.0, "observed_at": "2026-09-27T13:00:00+07:00", "warning_group": "area_nearby"}, "geometry": null}, {"type": "Feature", "id": "area_nearby-850405", "properties": {"geocode": "850405", "tambon": "ต.ลำเลียง", "amphoe": "อ.กระบุรี", "province": "จ.ระนอง", "region_id": "6", "region_name": "ภาคใต้", "station": "บ้านลำเลียง", "latitude": 10.316925, "longitude": 98.799475, "sum_rainfall_mm": 40.5, "observed_at": "2026-09-27T13:00:00+07:00", "warning_group": "area_nearby"}, "geometry": null}, {"type": "Feature", "id": "area_nearby-850405", "properties": {"geocode": "850405", "tambon": "ต.ลำเลียง", "amphoe": "อ.กระบุรี", "province": "จ.ระนอง", "region_id": "6", "region_name": "ภาคใต้", "station": "บ้านห้วยไทรงาม", "latitude": 10.309394, "longitude": 98.857814, "sum_rainfall_mm": 0.5, "observed_at": "2026-09-27T13:00:00+07:00", "warning_group": "area_nearby"}, "geometry": null}, {"type": "Feature", "id": "area_nearby-850302", "properties": {"geocode": "850302", "tambon": "ต.กะเปอร์", "amphoe": "อ.กะเปอร์", "province": "จ.ระนอง", "region_id": "6", "region_name": "ภาคใต้", "station": "บ้านหินขาว", "latitude": 9.644632, "longitude": 98.614696, "sum_rainfall_mm": 30.0, "observed_at": "2026-09-27T13:00:00+07:00", "warning_group": "area_nearby"}, "geometry": null}, {"type": "Feature", "id": "area_nearby-850302", "properties": {"geocode": "850302", "tambon": "ต.กะเปอร์", "amphoe": "อ.กะเปอร์", "province": "จ.ระนอง", "region_id": "6", "region_name": "ภาคใต้", "station": "บ้านคอกช้าง", "latitude": 9.618027, "longitude": 98.652284, "sum_rainfall_mm": 0.0, "observed_at": "2026-09-27T13:00:00+07:00", "warning_group": "area_nearby"}, "geometry": null}, {"type": "Feature", "id": "area_nearby-850302", "properties": {"geocode": "850302", "tambon": "ต.กะเปอร์", "amphoe": "อ.กะเปอร์", "province": "จ.ระนอง", "region_id": "6", "region_name": "ภาคใต้", "station": "บ้านกงษี", "latitude": 9.597371, "longitude": 98.604169, "sum_rainfall_mm": 84.0, "observed_at": "2026-09-27T13:00:00+07:00", "warning_group": "area_nearby"}, "geometry": null}, {"type": "Feature", "id": "area_nearby-850302", "properties": {"geocode": "850302", "tambon": "ต.กะเปอร์", "amphoe": "อ.กะเปอร์", "province": "จ.ระนอง", "region_id": "6", "region_name": "ภาคใต้", "station": "สะพานข้ามคลองกะเปอร์", "latitude": 9.590022, "longitude": 98.63291, "sum_rainfall_mm": 169.2, "observed_at": "2026-09-27T14:00:00+07:00", "warning_group": "area_nearby"}, "geometry": null}, {"type": "Feature", "id": "area_nearby-850303", "properties": {"geocode": "850303", "tambon": "ต.เชี่ยวเหลียง", "amphoe": "อ.กะเปอร์", "province": "จ.ระนอง", "region_id": "6", "region_name": "ภาคใต้", "station": "บ้านย่านยาว", "latitude": 9.577557, "longitude": 98.666177, "sum_rainfall_mm": 57.5, "observed_at": "2026-09-27T13:00:00+07:00", "warning_group": "area_nearby"}, "geometry": null}, {"type": "Feature", "id": "area_nearby-850303", "properties": {"geocode": "850303", "tambon": "ต.เชี่ยวเหลียง", "amphoe": "อ.กะเปอร์", "province": "จ.ระนอง", "region_id": "6", "region_name": "ภาคใต้", "station": "บ้านย่านยาว", "latitude": 9.574516, "longitude": 98.664959, "sum_rainfall_mm": 21.0, "observed_at": "2026-09-27T13:00:00+07:00", "warning_group": "area_nearby"}, "geometry": null}, {"type": "Feature", "id": "area_nearby-850304", "properties": {"geocode": "850304", "tambon": "ต.บ้านนา", "amphoe": "อ.กะเปอร์", "province": "จ.ระนอง", "region_id": "6", "region_name": "ภาคใต้", "station": "บ้านกลาง", "latitude": 9.568157, "longitude": 98.703238, "sum_rainfall_mm": 0.0, "observed_at": "2026-09-27T13:00:00+07:00", "warning_group": "area_nearby"}, "geometry": null}, {"type": "Feature", "id": "area_nearby-850304", "properties": {"geocode": "850304", "tambon": "ต.บ้านนา", "amphoe": "อ.กะเปอร์", "province": "จ.ระนอง", "region_id": "6", "region_name": "ภาคใต้", "station": "บ้านแพรกขวา", "latitude": 9.54677, "longitude": 98.707785, "sum_rainfall_mm": 25.5, "observed_at": "2026-09-27T13:00:00+07:00", "warning_group": "area_nearby"}, "geometry": null}, {"type": "Feature", "id": "area_nearby-103005", "properties": {"geocode": "103005", "tambon": "ต.จตุจักร", "amphoe": "อ.จตุจักร", "province": "จ.กรุงเทพมหานคร", "region_id": "7", "region_name": "กรุงเทพมหานครและปริมณฑล", "station": "ส.รัชดา-วิภาวดี", "latitude": 13.83022, "longitude": 100.55723, "sum_rainfall_mm": 30.0, "observed_at": "2026-09-27T14:00:00+07:00", "warning_group": "area_nearby"}, "geometry": null}, {"type": "Feature", "id": "area_nearby-103004", "properties": {"geocode": "103004", "tambon": "ต.จอมพล", "amphoe": "อ.จตุจักร", "province": "จ.กรุงเทพมหานคร", "region_id": "7", "region_name": "กรุงเทพมหานครและปริมณฑล", "station": "บ่อสูบศาลอาญารัชดา", "latitude": 13.80967, "longitude": 100.57498, "sum_rainfall_mm": 39.5, "observed_at": "2026-09-27T14:00:00+07:00", "warning_group": "area_nearby"}, "geometry": null}, {"type": "Feature", "id": "area_nearby-103001", "properties": {"geocode": "103001", "tambon": "ต.ลาดยาว", "amphoe": "อ.จตุจักร", "province": "จ.กรุงเทพมหานคร", "region_id": "7", "region_name": "กรุงเทพมหานครและปริมณฑล", "station": "อาคารเลขที่ ๙๐๑", "latitude": 13.85604, "longitude": 100.57558, "sum_rainfall_mm": 170.0, "observed_at": "2026-09-27T14:00:00+07:00", "warning_group": "area_nearby"}, "geometry": null}, {"type": "Feature", "id": "area_nearby-103001", "properties": {"geocode": "103001", "tambon": "ต.ลาดยาว", "amphoe": "อ.จตุจักร", "province": "จ.กรุงเทพมหานคร", "region_id": "7", "region_name": "กรุงเทพมหานครและปริมณฑล", "station": "จุดวัด ถ.เทศบาลสงเคราะห์", "latitude": 13.83978, "longitude": 100.54175, "sum_rainfall_mm": 28.0, "observed_at": "2026-09-27T14:00:00+07:00", "warning_group": "area_nearby"}, "geometry": null}, {"type": "Feature", "id": "area_nearby-103002", "properties": {"geocode": "103002", "tambon": "ต.เสนานิคม", "amphoe": "อ.จตุจักร", "province": "จ.กรุงเทพมหานคร", "region_id": "7", "region_name": "กรุงเทพมหานครและปริมณฑล", "station": "จุดวัด ค.บางบัว", "latitude": 13.85796, "longitude": 100.58682, "sum_rainfall_mm": 32.0, "observed_at": "2026-09-27T14:00:00+07:00", "warning_group": "area_nearby"}, "geometry": null}, {"type": "Feature", "id": "area_nearby-100201", "properties": {"geocode": "100201", "tambon": "ต.ดุสิต", "amphoe": "อ.ดุสิต", "province": "จ.กรุงเทพมหานคร", "region_id": "7", "region_name": "กรุงเทพมหานครและปริมณฑล", "station": "สนข.ดุสิต", "latitude": 13.77693, "longitude": 100.52032, "sum_rainfall_mm": 16.5, "observed_at": "2026-09-27T14:00:00+07:00", "warning_group": "area_nearby"}, "geometry": null}, {"type": "Feature", "id": "area_nearby-100206", "properties": {"geocode": "100206", "tambon": "ต.ถนนนครไชยศรี", "amphoe": "อ.ดุสิต", "province": "จ.กรุงเทพมหานคร", "region_id": "7", "region_name": "กรุงเทพมหานครและปริมณฑล", "station": "ส.คลองบางซื่อ", "latitude": 13.80023, "longitude": 100.51848, "sum_rainfall_mm": 28.0, "observed_at": "2026-09-27T14:00:00+07:00", "warning_group": "area_nearby"}, "geometry": null}, {"type": "Feature", "id": "area_nearby-100206", "properties": {"geocode": "100206", "tambon": "ต.ถนนนครไชยศรี", "amphoe": "อ.ดุสิต", "province": "จ.กรุงเทพมหานคร", "region_id": "7", "region_name": "กรุงเทพมหานครและปริมณฑล", "station": "ส.สามเสน", "latitude": 13.78483, "longitude": 100.50825, "sum_rainfall_mm": 23.0, "observed_at": "2026-09-27T14:00:00+07:00", "warning_group": "area_nearby"}, "geometry": null}, {"type": "Feature", "id": "area_nearby-100203", "properties": {"geocode": "100203", "tambon": "ต.สวนจิตรลดา", "amphoe": "อ.ดุสิต", "province": "จ.กรุงเทพมหานคร", "region_id": "7", "region_name": "กรุงเทพมหานครและปริมณฑล", "station": "อุทยานเฉลิมพระเกียรติพระบาทสมเด็จพระบรมชนกาธิเบศร มหาภูมิพลอดุลยเดชมหาราช บรมนาถบพิตร", "latitude": 13.76138, "longitude": 100.52066, "sum_rainfall_mm": 154.2, "observed_at": "2026-09-27T14:00:00+07:00", "warning_group": "area_nearby"}, "geometry": null}, {"type": "Feature", "id": "area_nearby-101901", "properties": {"geocode": "101901", "tambon": "ต.คลองชักพระ", "amphoe": "อ.ตลิ่งชัน", "province": "จ.กรุงเทพมหานคร", "region_id": "7", "region_name": "กรุงเทพมหานครและปริมณฑล", "station": "สนข.ตลิ่งชัน", "latitude": 13.77663, "longitude": 100.45653, "sum_rainfall_mm": 32.0, "observed_at": "2026-09-27T14:00:00+07:00", "warning_group": "area_nearby"}, "geometry": null}, {"type": "Feature", "id": "area_nearby-101901", "properties": {"geocode": "101901", "tambon": "ต.คลองชักพระ", "amphoe": "อ.ตลิ่งชัน", "province": "จ.กรุงเทพมหานคร", "region_id": "7", "region_name": "กรุงเทพมหานครและปริมณฑล", "station": "ส.คลองชักพระ", "latitude": 13.77892, "longitude": 100.465, "sum_rainfall_mm": 30.5, "observed_at": "2026-09-27T14:00:00+07:00", "warning_group": "area_nearby"}, "geometry": null}, {"type": "Feature", "id": "area_nearby-101903", "properties": {"geocode": "101903", "tambon": "ต.ฉิมพลี", "amphoe": "อ.ตลิ่งชัน", "province": "จ.กรุงเทพมหานคร", "region_id": "7", "region_name": "กรุงเทพมหานครและปริมณฑล", "station": "ปตร.คลองบัว-ทางรถไฟ", "latitude": 13.79974, "longitude": 100.41609, "sum_rainfall_mm": 25.5, "observed_at": "2026-09-27T14:00:00+07:00", "warning_group": "area_nearby"}, "geometry": null}, {"type": "Feature", "id": "area_nearby-101902", "properties": {"geocode": "101902", "tambon": "ต.ตลิ่งชัน", "amphoe": "อ.ตลิ่งชัน", "province": "จ.กรุงเทพมหานคร", "region_id": "7", "region_name": "กรุงเทพมหานครและปริมณฑล", "station": "คลองมหาสวัสดิ บางกรวย-สวนผัก", "latitude": 13.79965, "longitude": 100.43863, "sum_rainfall_mm": 106.4, "observed_at": "2026-09-27T14:00:00+07:00", "warning_group": "area_nearby"}, "geometry": null}, {"type": "Feature", "id": "area_nearby-100608", "properties": {"geocode": "100608", "tambon": "ต.หัวหมาก", "amphoe": "อ.บางกะปิ", "province": "จ.กรุงเทพมหานคร", "region_id": "7", "region_name": "กรุงเทพมหานครและปริมณฑล", "station": "คลองแสนแสบ บางกะปิ", "latitude": 13.76131, "longitude": 100.61601, "sum_rainfall_mm": 192.0, "observed_at": "2026-09-27T14:00:00+07:00", "warning_group": "area_nearby"}, "geometry": null}, {"type": "Feature", "id": "area_nearby-100608", "properties": {"geocode": "100608", "tambon": "ต.หัวหมาก", "amphoe": "อ.บางกะปิ", "province": "จ.กรุงเทพมหานคร", "region_id": "7", "region_name": "กรุงเทพมหานครและปริมณฑล", "station": "จุดวัด ค.แสนแสบ-เขตบางกะปิ", "latitude": 13.76528, "longitude": 100.64773, "sum_rainfall_mm": 61.0, "observed_at": "2026-09-27T14:00:00+07:00", "warning_group": "area_nearby"}, "geometry": null}, {"type": "Feature", "id": "area_nearby-100502", "properties": {"geocode": "100502", "tambon": "ต.อนุสาวรีย์", "amphoe": "อ.บางเขน", "province": "จ.กรุงเทพมหานคร", "region_id": "7", "region_name": "กรุงเทพมหานครและปริมณฑล", "station": "คลองลาดพร้าว วัดบางบัว", "latitude": 13.85402, "longitude": 100.58746, "sum_rainfall_mm": 182.0, "observed_at": "2026-09-27T14:00:00+07:00", "warning_group": "area_nearby"}, "geometry": null}, {"type": "Feature", "id": "area_nearby-100502", "properties": {"geocode": "100502", "tambon": "ต.อนุสาวรีย์", "amphoe": "อ.บางเขน", "province": "จ.กรุงเทพมหานคร", "region_id": "7", "region_name": "กรุงเทพมหานครและปริมณฑล", "station": "สนข.บางเขน", "latitude": 13.87349, "longitude": 100.59643, "sum_rainfall_mm": 35.5, "observed_at": "2026-09-27T14:00:00+07:00", "warning_group": "area_nearby"}, "geometry": null}, {"type": "Feature", "id": "area_nearby-104001", "properties": {"geocode": "104001", "tambon": "ต.บางแค", "amphoe": "อ.บางแค", "province": "จ.กรุงเทพมหานคร", "region_id": "7", "region_name": "กรุงเทพมหานครและปริมณฑล", "station": "สนข.บางแค", "latitude": 13.69622, "longitude": 100.40919, "sum_rainfall_mm": 37.0, "observed_at": "2026-09-27T14:00:00+07:00", "warning_group": "area_nearby"}, "geometry": null}, {"type": "Feature", "id": "area_nearby-104001", "properties": {"geocode": "104001", "tambon": "ต.บางแค", "amphoe": "อ.บางแค", "province": "จ.กรุงเทพมหานคร", "region_id": "7", "region_name": "กรุงเทพมหานครและปริมณฑล", "station": "ค.ราชมนตรี-ภาษีเจริญ", "latitude": 13.70754, "longitude": 100.42622, "sum_rainfall_mm": 37.0, "observed_at": "2026-09-27T14:00:00+07:00", "warning_group": "area_nearby"}, "geometry": null}, {"type": "Feature", "id": "area_nearby-104002", "properties": {"geocode": "104002", "tambon": "ต.บางแคเหนือ", "amphoe": "อ.บางแค", "province": "จ.กรุงเทพมหานคร", "region_id": "7", "region_name": "กรุงเทพมหานครและปริมณฑล", "station": "หมู่บ้านเศรษฐกิจ ซอย 26", "latitude": 13.72167, "longitude": 100.37676, "sum_rainfall_mm": 47.5, "observed_at": "2026-09-27T14:00:00+07:00", "warning_group": "area_nearby"}, "geometry": null}, {"type": "Feature", "id": "area_nearby-104002", "properties": {"geocode": "104002", "tambon": "ต.บางแคเหนือ", "amphoe": "อ.บางแค", "province": "จ.กรุงเทพมหานคร", "region_id": "7", "region_name": "กรุงเทพมหานครและปริมณฑล", "station": "ส.คลองบางจาก", "latitude": 13.71471, "longitude": 100.39555, "sum_rainfall_mm": 44.0, "observed_at": "2026-09-27T14:00:00+07:00", "warning_group": "area_nearby"}, "geometry": null}, {"type": "Feature", "id": "area_nearby-104003", "properties": {"geocode": "104003", "tambon": "ต.บางไผ่", "amphoe": "อ.บางแค", "province": "จ.กรุงเทพมหานคร", "region_id": "7", "region_name": "กรุงเทพมหานครและปริมณฑล", "station": "จุดวัด ค.ทวีฯ-ค.บางเชือกหนัง", "latitude": 13.75037, "longitude": 100.35351, "sum_rainfall_mm": 41.0, "observed_at": "2026-09-27T14:00:00+07:00", "warning_group": "area_nearby"}, "geometry": null}, {"type": "Feature", "id": "area_nearby-104004", "properties": {"geocode": "104004", "tambon": "ต.หลักสอง", "amphoe": "อ.บางแค", "province": "จ.กรุงเทพมหานคร", "region_id": "7", "region_name": "กรุงเทพมหานครและปริมณฑล", "station": "คลองภาษีเจริญ เพชรเกษม69", "latitude": 13.69158, "longitude": 100.38127, "sum_rainfall_mm": 121.20000000000002, "observed_at": "2026-09-27T14:00:00+07:00", "warning_group": "area_nearby"}, "geometry": null}, {"type": "Feature", "id": "area_nearby-101106", "properties": {"geocode": "101106", "tambon": "ต.ขุมทอง", "amphoe": "อ.ลาดกระบัง", "province": "จ.กรุงเทพมหานคร", "region_id": "7", "region_name": "กรุงเทพมหานครและปริมณฑล", "station": "จุดวัด ค.ประเวศฯ-ถ.ร่วมพัฒนา", "latitude": 13.70097, "longitude": 100.85106, "sum_rainfall_mm": 77.0, "observed_at": "2026-09-27T14:00:00+07:00", "warning_group": "area_nearby"}, "geometry": null}, {"type": "Feature", "id": "area_nearby-101101", "properties": {"geocode": "101101", "tambon": "ต.ลาดกระบัง", "amphoe": "อ.ลาดกระบัง", "province": "จ.กรุงเทพมหานคร", "region_id": "7", "region_name": "กรุงเทพมหานครและปริมณฑล", "station": "คลองลำปลาทิว ลาดกระบัง", "latitude": 13.7407, "longitude": 100.79468, "sum_rainfall_mm": 189.8, "observed_at": "2026-09-27T14:00:00+07:00", "warning_group": "area_nearby"}, "geometry": null}, {"type": "Feature", "id": "area_nearby-101101", "properties": {"geocode": "101101", "tambon": "ต.ลาดกระบัง", "amphoe": "อ.ลาดกระบัง", "province": "จ.กรุงเทพมหานคร", "region_id": "7", "region_name": "กรุงเทพมหานครและปริมณฑล", "station": "ปตร.คลองประเวศฯ-ลาดกระบัง", "latitude": 13.72386, "longitude": 100.74979, "sum_rainfall_mm": 74.0, "observed_at": "2026-09-27T14:00:00+07:00", "warning_group": "area_nearby"}, "geometry": null}, {"type": "Feature", "id": "area_nearby-101101", "properties": {"geocode": "101101", "tambon": "ต.ลาดกระบัง", "amphoe": "อ.ลาดกระบัง", "province": "จ.กรุงเทพมหานคร", "region_id": "7", "region_name": "กรุงเทพมหานครและปริมณฑล", "station": "ค.ประเวศฯ-รพ.ลาดกระบัง", "latitude": 13.72398, "longitude": 100.78407, "sum_rainfall_mm": 60.0, "observed_at": "2026-09-27T14:00:00+07:00", "warning_group": "area_nearby"}, "geometry": null}, {"type": "Feature", "id": "area_nearby-103801", "properties": {"geocode": "103801", "tambon": "ต.ลาดพร้าว", "amphoe": "อ.ลาดพร้าว", "province": "จ.กรุงเทพมหานคร", "region_id": "7", "region_name": "กรุงเทพมหานครและปริมณฑล", "station": "คลองลาดพร้าว ปากคลอง2สายใต้", "latitude": 13.93183, "longitude": 100.63952, "sum_rainfall_mm": 183.60000000000002, "observed_at": "2026-09-27T14:00:00+07:00", "warning_group": "area_nearby"}, "geometry": null}, {"type": "Feature", "id": "area_nearby-103801", "properties": {"geocode": "103801", "tambon": "ต.ลาดพร้าว", "amphoe": "อ.ลาดพร้าว", "province": "จ.กรุงเทพมหานคร", "region_id": "7", "region_name": "กรุงเทพมหานครและปริมณฑล", "station": "สนข.ลาดพร้าว", "latitude": 13.80353, "longitude": 100.60746, "sum_rainfall_mm": 20.5, "observed_at": "2026-09-27T14:00:00+07:00", "warning_group": "area_nearby"}, "geometry": null}, {"type": "Feature", "id": "area_nearby-730212", "properties": {"geocode": "730212", "tambon": "ต.กำแพงแสน", "amphoe": "อ.กำแพงแสน", "province": "จ.นครปฐม", "region_id": "7", "region_name": "กรุงเทพมหานครและปริมณฑล", "station": "อบต.กำแพงแสน", "latitude": 14.00326, "longitude": 99.98091, "sum_rainfall_mm": 113.0, "observed_at": "2026-09-27T14:00:00+07:00", "warning_group": "area_nearby"}, "geometry": null}, {"type": "Feature", "id": "area_nearby-730324", "properties": {"geocode": "730324", "tambon": "ต.ไทยาวาส", "amphoe": "อ.นครชัยศรี", "province": "จ.นครปฐม", "region_id": "7", "region_name": "กรุงเทพมหานครและปริมณฑล", "station": "สะพานนครชัยศรี", "latitude": 13.79217, "longitude": 100.19817, "sum_rainfall_mm": 178.0, "observed_at": "2026-09-27T14:00:00+07:00", "warning_group": "area_nearby"}, "geometry": null}, {"type": "Feature", "id": "area_nearby-730301", "properties": {"geocode": "730301", "tambon": "ต.นครชัยศรี", "amphoe": "อ.นครชัยศรี", "province": "จ.นครปฐม", "region_id": "7", "region_name": "กรุงเทพมหานครและปริมณฑล", "station": "อบต.นครชัยศรี", "latitude": 13.79036, "longitude": 100.19051, "sum_rainfall_mm": 179.8, "observed_at": "2026-09-27T14:00:00+07:00", "warning_group": "area_nearby"}, "geometry": null}, {"type": "Feature", "id": "area_nearby-730513", "properties": {"geocode": "730513", "tambon": "ต.นราภิรมย์", "amphoe": "อ.บางเลน", "province": "จ.นครปฐม", "region_id": "7", "region_name": "กรุงเทพมหานครและปริมณฑล", "station": "คลองนราภิรมย์ (บางเลน)", "latitude": 13.88207, "longitude": 100.29086, "sum_rainfall_mm": 85.8, "observed_at": "2026-09-27T14:00:00+07:00", "warning_group": "area_nearby"}, "geometry": null}, {"type": "Feature", "id": "area_nearby-730502", "properties": {"geocode": "730502", "tambon": "ต.บางปลา", "amphoe": "อ.บางเลน", "province": "จ.นครปฐม", "region_id": "7", "region_name": "กรุงเทพมหานครและปริมณฑล", "station": "โรงเรียนวัดบางปลา", "latitude": 13.983198, "longitude": 100.179057, "sum_rainfall_mm": 0.0, "observed_at": "2026-09-27T14:00:00+07:00", "warning_group": "area_nearby"}, "geometry": null}, {"type": "Feature", "id": "area_nearby-730501", "properties": {"geocode": "730501", "tambon": "ต.บางเลน", "amphoe": "อ.บางเลน", "province": "จ.นครปฐม", "region_id": "7", "region_name": "กรุงเทพมหานครและปริมณฑล", "station": "บางเลน", "latitude": 14.01636, "longitude": 100.17979, "sum_rainfall_mm": 101.19999999999999, "observed_at": "2026-09-27T14:00:00+07:00", "warning_group": "area_nearby"}, "geometry": null}, {"type": "Feature", "id": "area_nearby-730703", "properties": {"geocode": "730703", "tambon": "ต.มหาสวัสดิ์", "amphoe": "อ.พุทธมณฑล", "province": "จ.นครปฐม", "region_id": "7", "region_name": "กรุงเทพมหานครและปริมณฑล", "station": "ศาลาดิน", "latitude": 13.80777, "longitude": 100.27417, "sum_rainfall_mm": 101.4, "observed_at": "2026-09-27T14:00:00+07:00", "warning_group": "area_nearby"}, "geometry": null}, {"type": "Feature", "id": "area_nearby-730701", "properties": {"geocode": "730701", "tambon": "ต.ศาลายา", "amphoe": "อ.พุทธมณฑล", "province": "จ.นครปฐม", "region_id": "7", "region_name": "กรุงเทพมหานครและปริมณฑล", "station": "ปตร.คลองทวีวัฒนา", "latitude": 13.80042, "longitude": 100.32959, "sum_rainfall_mm": 42.5, "observed_at": "2026-09-27T14:00:00+07:00", "warning_group": "area_nearby"}, "geometry": null}, {"type": "Feature", "id": "area_nearby-120501", "properties": {"geocode": "120501", "tambon": "ต.ไทรน้อย", "amphoe": "อ.ไทรน้อย", "province": "จ.นนทบุรี", "region_id": "7", "region_name": "กรุงเทพมหานครและปริมณฑล", "station": "คลองพระพิมล (ไทรน้อย)", "latitude": 13.97396, "longitude": 100.31901, "sum_rainfall_mm": 111.4, "observed_at": "2026-09-27T14:00:00+07:00", "warning_group": "area_nearby"}, "geometry": null}, {"type": "Feature", "id": "area_nearby-120502", "properties": {"geocode": "120502", "tambon": "ต.ราษฎร์นิยม", "amphoe": "อ.ไทรน้อย", "province": "จ.นนทบุรี", "region_id": "7", "region_name": "กรุงเทพมหานครและปริมณฑล", "station": "อบต.ราษฎร์นิยม", "latitude": 14.10388, "longitude": 100.32209, "sum_rainfall_mm": 88.6, "observed_at": "2026-09-27T14:00:00+07:00", "warning_group": "area_nearby"}, "geometry": null}, {"type": "Feature", "id": "area_nearby-120603", "properties": {"geocode": "120603", "tambon": "ต.บ้านใหม่", "amphoe": "อ.ปากเกร็ด", "province": "จ.นนทบุรี", "region_id": "7", "region_name": "กรุงเทพมหานครและปริมณฑล", "station": "สะพานนวลฉวี", "latitude": 13.94749, "longitude": 100.53507, "sum_rainfall_mm": 144.2, "observed_at": "2026-09-27T14:00:00+07:00", "warning_group": "area_nearby"}, "geometry": null}, {"type": "Feature", "id": "area_nearby-130207", "properties": {"geocode": "130207", "tambon": "ต.คลองเจ็ด", "amphoe": "อ.คลองหลวง", "province": "จ.ปทุมธานี", "region_id": "7", "region_name": "กรุงเทพมหานครและปริมณฑล", "station": "คลองระพีพัฒน์แยกตก", "latitude": 14.20612, "longitude": 100.74476, "sum_rainfall_mm": 197.6, "observed_at": "2026-09-27T14:00:00+07:00", "warning_group": "area_nearby"}, "geometry": null}, {"type": "Feature", "id": "area_nearby-130207", "properties": {"geocode": "130207", "tambon": "ต.คลองเจ็ด", "amphoe": "อ.คลองหลวง", "province": "จ.ปทุมธานี", "region_id": "7", "region_name": "กรุงเทพมหานครและปริมณฑล", "station": "รร.วัดอู่ข้าว", "latitude": 14.19111, "longitude": 100.75421, "sum_rainfall_mm": 166.4, "observed_at": "2026-09-27T14:00:00+07:00", "warning_group": "area_nearby"}, "geometry": null}, {"type": "Feature", "id": "area_nearby-130306", "properties": {"geocode": "130306", "tambon": "ต.บึงน้ำรักษ์", "amphoe": "อ.ธัญบุรี", "province": "จ.ปทุมธานี", "region_id": "7", "region_name": "กรุงเทพมหานครและปริมณฑล", "station": "ท้ายไซฟอน ปตร.พระธรรมราชา", "latitude": 14.076805, "longitude": 100.89407, "sum_rainfall_mm": 5.0, "observed_at": "2026-09-27T14:00:00+07:00", "warning_group": "area_nearby"}, "geometry": null}, {"type": "Feature", "id": "area_nearby-130306", "properties": {"geocode": "130306", "tambon": "ต.บึงน้ำรักษ์", "amphoe": "อ.ธัญบุรี", "province": "จ.ปทุมธานี", "region_id": "7", "region_name": "กรุงเทพมหานครและปริมณฑล", "station": "ท้ายปตร.พระธรรมราชา", "latitude": 14.07636, "longitude": 100.89392, "sum_rainfall_mm": 196.0, "observed_at": "2026-09-27T14:00:00+07:00", "warning_group": "area_nearby"}, "geometry": null}, {"type": "Feature", "id": "area_nearby-130306", "properties": {"geocode": "130306", "tambon": "ต.บึงน้ำรักษ์", "amphoe": "อ.ธัญบุรี", "province": "จ.ปทุมธานี", "region_id": "7", "region_name": "กรุงเทพมหานครและปริมณฑล", "station": "เหนือปตร.พระธรรมราชา", "latitude": 14.07771, "longitude": 100.89208, "sum_rainfall_mm": 197.8, "observed_at": "2026-09-27T14:00:00+07:00", "warning_group": "area_nearby"}, "geometry": null}, {"type": "Feature", "id": "area_nearby-130301", "properties": {"geocode": "130301", "tambon": "ต.ประชาธิปัตย์", "amphoe": "อ.ธัญบุรี", "province": "จ.ปทุมธานี", "region_id": "7", "region_name": "กรุงเทพมหานครและปริมณฑล", "station": "ปตร.จุฬาลงกรณ์", "latitude": 13.98135, "longitude": 100.6057, "sum_rainfall_mm": 142.6, "observed_at": "2026-09-27T14:00:00+07:00", "warning_group": "area_nearby"}, "geometry": null}, {"type": "Feature", "id": "area_nearby-130114", "properties": {"geocode": "130114", "tambon": "ต.หลักหก", "amphoe": "อ.เมืองปทุมธานี", "province": "จ.ปทุมธานี", "region_id": "7", "region_name": "กรุงเทพมหานครและปริมณฑล", "station": "คลองเปรมประชากร หลักหก", "latitude": 13.96562, "longitude": 100.60262, "sum_rainfall_mm": 132.0, "observed_at": "2026-09-27T14:00:00+07:00", "warning_group": "area_nearby"}, "geometry": null}, {"type": "Feature", "id": "area_nearby-130604", "properties": {"geocode": "130604", "tambon": "ต.ลำลูกกา", "amphoe": "อ.ลำลูกกา", "province": "จ.ปทุมธานี", "region_id": "7", "region_name": "กรุงเทพมหานครและปริมณฑล", "station": "คลองหกวา ลำลูกกา คลอง8", "latitude": 13.9416, "longitude": 100.77499, "sum_rainfall_mm": 161.8, "observed_at": "2026-09-27T14:00:00+07:00", "warning_group": "area_nearby"}, "geometry": null}, {"type": "Feature", "id": "area_nearby-130407", "properties": {"geocode": "130407", "tambon": "ต.นพรัตน์", "amphoe": "อ.หนองเสือ", "province": "จ.ปทุมธานี", "region_id": "7", "region_name": "กรุงเทพมหานครและปริมณฑล", "station": "คลองระพีพัฒน์แยกใต้ หนองเสือ", "latitude": 14.2206, "longitude": 100.89168, "sum_rainfall_mm": 143.8, "observed_at": "2026-09-27T14:00:00+07:00", "warning_group": "area_nearby"}, "geometry": null}, {"type": "Feature", "id": "area_nearby-130404", "properties": {"geocode": "130404", "tambon": "ต.บึงชำอ้อ", "amphoe": "อ.หนองเสือ", "province": "จ.ปทุมธานี", "region_id": "7", "region_name": "กรุงเทพมหานครและปริมณฑล", "station": "บ้านน้อยสว่าง", "latitude": 14.1652, "longitude": 100.77855, "sum_rainfall_mm": 142.2, "observed_at": "2026-09-27T14:00:00+07:00", "warning_group": "area_nearby"}, "geometry": null}, {"type": "Feature", "id": "area_nearby-110602", "properties": {"geocode": "110602", "tambon": "ต.ศีรษะจรเข้น้อย", "amphoe": "อ.บางเสาธง", "province": "จ.สมุทรปราการ", "region_id": "7", "region_name": "กรุงเทพมหานครและปริมณฑล", "station": "อบต.ศีรษะจรเข้น้อย", "latitude": 13.67777, "longitude": 100.7945, "sum_rainfall_mm": 196.2, "observed_at": "2026-09-27T14:00:00+07:00", "warning_group": "area_nearby"}, "geometry": null}, {"type": "Feature", "id": "area_nearby-110603", "properties": {"geocode": "110603", "tambon": "ต.ศีรษะจรเข้ใหญ่", "amphoe": "อ.บางเสาธง", "province": "จ.สมุทรปราการ", "region_id": "7", "region_name": "กรุงเทพมหานครและปริมณฑล", "station": "คลองจระเข้ใหญ่ บางเสาธง (วัดศรีวารีน้อย)", "latitude": 13.66949, "longitude": 100.80058, "sum_rainfall_mm": 174.60000000000002, "observed_at": "2026-09-27T14:00:00+07:00", "warning_group": "area_nearby"}, "geometry": null}, {"type": "Feature", "id": "area_nearby-110413", "properties": {"geocode": "110413", "tambon": "ต.ทรงคนอง", "amphoe": "อ.พระประแดง", "province": "จ.สมุทรปราการ", "region_id": "7", "region_name": "กรุงเทพมหานครและปริมณฑล", "station": "ปตร.คลองวัดด่าน", "latitude": 13.67071, "longitude": 100.54018, "sum_rainfall_mm": 48.5, "observed_at": "2026-09-27T14:00:00+07:00", "warning_group": "area_nearby"}, "geometry": null}, {"type": "Feature", "id": "area_nearby-110409", "properties": {"geocode": "110409", "tambon": "ต.บางกระเจ้า", "amphoe": "อ.พระประแดง", "province": "จ.สมุทรปราการ", "region_id": "7", "region_name": "กรุงเทพมหานครและปริมณฑล", "station": "ปตร.วัดบางกระเจ้านอก", "latitude": 13.689612, "longitude": 100.554886, "sum_rainfall_mm": 106.6, "observed_at": "2026-09-27T14:00:00+07:00", "warning_group": "area_nearby"}, "geometry": null}, {"type": "Feature", "id": "area_nearby-110410", "properties": {"geocode": "110410", "tambon": "ต.บางน้ำผึ้ง", "amphoe": "อ.พระประแดง", "province": "จ.สมุทรปราการ", "region_id": "7", "region_name": "กรุงเทพมหานครและปริมณฑล", "station": "ตลาดน้ำบางน้ำผึ้ง", "latitude": 13.678656, "longitude": 100.57356, "sum_rainfall_mm": 82.80000000000001, "observed_at": "2026-09-27T14:00:00+07:00", "warning_group": "area_nearby"}, "geometry": null}, {"type": "Feature", "id": "area_nearby-110402", "properties": {"geocode": "110402", "tambon": "ต.บางพึ่ง", "amphoe": "อ.พระประแดง", "province": "จ.สมุทรปราการ", "region_id": "7", "region_name": "กรุงเทพมหานครและปริมณฑล", "station": "ส.คลองแจงร้อน", "latitude": 13.67627, "longitude": 100.52097, "sum_rainfall_mm": 35.5, "observed_at": "2026-09-27T14:00:00+07:00", "warning_group": "area_nearby"}, "geometry": null}, {"type": "Feature", "id": "area_nearby-110408", "properties": {"geocode": "110408", "tambon": "ต.บางยอ", "amphoe": "อ.พระประแดง", "province": "จ.สมุทรปราการ", "region_id": "7", "region_name": "กรุงเทพมหานครและปริมณฑล", "station": "ปตร. คลองลัดบางยอ 1", "latitude": 13.676162, "longitude": 100.553085, "sum_rainfall_mm": 105.6, "observed_at": "2026-09-27T14:00:00+07:00", "warning_group": "area_nearby"}, "geometry": null}, {"type": "Feature", "id": "area_nearby-110503", "properties": {"geocode": "110503", "tambon": "ต.แหลมฟ้าผ่า", "amphoe": "อ.พระสมุทรเจดีย์", "province": "จ.สมุทรปราการ", "region_id": "7", "region_name": "กรุงเทพมหานครและปริมณฑล", "station": "อบต.แหลมฟ้าผ่า", "latitude": 13.54701, "longitude": 100.53756, "sum_rainfall_mm": 114.8, "observed_at": "2026-09-27T14:00:00+07:00", "warning_group": "area_nearby"}, "geometry": null}, {"type": "Feature", "id": "area_nearby-740108", "properties": {"geocode": "740108", "tambon": "ต.ท่าจีน", "amphoe": "อ.เมืองสมุทรสาคร", "province": "จ.สมุทรสาคร", "region_id": "7", "region_name": "กรุงเทพมหานครและปริมณฑล", "station": "เมืองสมุทรสาคร", "latitude": 13.58598, "longitude": 100.23048, "sum_rainfall_mm": 123.39999999999999, "observed_at": "2026-09-27T14:00:00+07:00", "warning_group": "area_nearby"}, "geometry": null}, {"type": "Feature", "id": "area_nearby-740116", "properties": {"geocode": "740116", "tambon": "ต.บางกระเจ้า", "amphoe": "อ.เมืองสมุทรสาคร", "province": "จ.สมุทรสาคร", "region_id": "7", "region_name": "กรุงเทพมหานครและปริมณฑล", "station": "อบต.บางกระเจ้า", "latitude": 13.52146, "longitude": 100.19283, "sum_rainfall_mm": 87.19999999999999, "observed_at": "2026-09-27T14:00:00+07:00", "warning_group": "area_nearby"}, "geometry": null}, {"type": "Feature", "id": "area_nearby-740117", "properties": {"geocode": "740117", "tambon": "ต.บางหญ้าแพรก", "amphoe": "อ.เมืองสมุทรสาคร", "province": "จ.สมุทรสาคร", "region_id": "7", "region_name": "กรุงเทพมหานครและปริมณฑล", "station": "ปากแม่น้ำท่าจีน", "latitude": 13.5178, "longitude": 100.27499, "sum_rainfall_mm": 0.0, "observed_at": "2026-09-27T14:00:00+07:00", "warning_group": "area_nearby"}, "geometry": null}, {"type": "Feature", "id": "area_nearby-740113", "properties": {"geocode": "740113", "tambon": "ต.พันท้ายนรสิงห์", "amphoe": "อ.เมืองสมุทรสาคร", "province": "จ.สมุทรสาคร", "region_id": "7", "region_name": "กรุงเทพมหานครและปริมณฑล", "station": "คลองมหาชัย วัดพันท้ายนรสิงห์", "latitude": 13.58184, "longitude": 100.36587, "sum_rainfall_mm": 85.8, "observed_at": "2026-09-27T14:00:00+07:00", "warning_group": "area_nearby"}, "geometry": null}]}
