{"type":"FeatureCollection","source":"OpenStreetMap contributors via Overpass","license":"ODbL","direction_note":"Way order follows mapped downstream direction; not real-time measured flow. Tidal/reversible ways excluded from arrows.","features":[{"type":"Feature","properties":{"name":"แม่น้ำเจ้าพระยา","osm_id":27448887,"direction":"downstream"},"geometry":{"type":"LineString","coordinates":[[100.14091,15.70042],[100.1361,15.69472],[100.1289,15.68993],[100.12316,15.68815],[100.11672,15.68829],[100.11455,15.68771],[100.11299,15.68691],[100.11076,15.68416],[100.11004,15.68259],[100.11042,15.67664],[100.10895,15.67204],[100.10134,15.66254],[100.10036,15.66021],[100.10043,15.65409],[100.10392,15.6446],[100.10339,15.63784],[100.09769,15.6307],[100.09493,15.62841],[100.0935,15.62827],[100.0885,15.6254],[100.08496,15.61846],[100.08472,15.61575],[100.0859,15.61268],[100.09374,15.60761]]}},{"type":"Feature","properties":{"name":"แม่น้ำยม","osm_id":27449040,"direction":"downstream"},"geometry":{"type":"LineString","coordinates":[[100.28087,19.1566],[100.27932,19.15404],[100.27587,19.15426],[100.27543,19.15144],[100.27715,19.14835],[100.27973,19.1464],[100.28019,19.14425],[100.2802,19.14243],[100.27834,19.13957],[100.28019,19.13736],[100.28014,19.13625],[100.27595,19.13471],[100.27522,19.13289],[100.27884,19.12913],[100.27921,19.12581],[100.27848,19.12477],[100.27653,19.12452],[100.27418,19.12645],[100.2728,19.12579],[100.27384,19.12375],[100.27238,19.12249],[100.27429,19.11952],[100.27514,19.11649],[100.27486,19.11466],[100.27372,19.11401],[100.27417,19.11299],[100.27176,19.10966],[100.26646,19.10965],[100.26499,19.10566],[100.26504,19.10126],[100.26639,19.09989],[100.26661,19.09788],[100.26597,19.09653],[100.26628,19.09342],[100.26478,19.09068],[100.26699,19.08649],[100.26337,19.08139],[100.2658,19.07871],[100.26261,19.07112],[100.26237,19.0682],[100.26343,19.06479],[100.25992,19.06055],[100.25836,19.06081],[100.25424,19.05907],[100.24927,19.05879],[100.24853,19.05723],[100.24938,19.05624],[100.25075,19.05733],[100.25385,19.05526],[100.25559,19.05286],[100.25663,19.04667],[100.2609,19.04745],[100.26326,19.04671],[100.27134,19.04797],[100.27378,19.04687],[100.27391,19.04566],[100.2765,19.04256],[100.27465,19.03964],[100.27367,19.03642],[100.27098,19.03401],[100.26847,19.02477],[100.26856,19.02275],[100.26663,19.01963],[100.26689,19.01867],[100.26803,19.01757],[100.27056,19.01687],[100.27731,19.01821],[100.28241,19.01764],[100.2844,19.01642],[100.28767,19.01569],[100.29121,19.01289],[100.29085,19.01058],[100.2926,19.00946],[100.29271,19.00784],[100.29643,19.00329],[100.2942,18.99985],[100.29017,18.99816],[100.2878,19.00097],[100.2877,19.00224],[100.28846,19.00278],[100.28813,19.00425],[100.2867,19.00549],[100.28558,19.00533],[100.28498,19.00391],[100.28589,19.00292],[100.28425,19.00197],[100.28299,19.00269],[100.28226,19.00219],[100.28671,18.99448],[100.28614,18.9926],[100.283,18.99101],[100.28158,18.99106],[100.28086,18.99193],[100.28186,18.99326],[100.28144,18.99437],[100.27541,18.99342],[100.27126,18.99048],[100.26988,18.98857],[100.27095,18.98797],[100.27225,18.9888],[100.27031,18.98622],[100.27213,18.985],[100.27081,18.98244],[100.27186,18.98109],[100.27491,18.97968],[100.27645,18.98022],[100.2767,18.97951],[100.27448,18.97654],[100.27427,18.97505],[100.27192,18.97272],[100.2721,18.97098],[100.26966,18.9705],[100.26876,18.97135],[100.26369,18.97138],[100.26265,18.97116],[100.26077,18.9686],[100.26148,18.96739],[100.26094,18.96508],[100.26168,18.96262],[100.26106,18.9607],[100.26355,18.96031],[100.26496,18.95684],[100.26336,18.95546],[100.25563,18.95482],[100.2543,18.95345],[100.25519,18.9525],[100.25737,18.95196],[100.25914,18.94683],[100.25485,18.94259],[100.25381,18.93823],[100.25112,18.93819],[100.25177,18.93631],[100.25365,18.93541],[100.25436,18.93403],[100.25222,18.9318],[100.25899,18.92996],[100.25949,18.92869],[100.25893,18.92648],[100.25957,18.92601],[100.26254,18.9263],[100.26191,18.92767],[100.26281,18.92862],[100.26478,18.92732],[100.26371,18.92639],[100.26391,18.92536],[100.27248,18.92555],[100.27362,18.92267],[100.2714,18.92096],[100.27022,18.91883],[100.26982,18.91589],[100.27138,18.91323],[100.26913,18.91127],[100.27387,18.90584],[100.27718,18.906],[100.27856,18.90343],[100.27047,18.90145],[100.26816,18.89976],[100.26751,18.89846],[100.26788,18.89721],[100.2704,18.89377],[100.27156,18.89353],[100.27199,18.89426],[100.27428,18.89332],[100.27406,18.89148],[100.26744,18.88644],[100.26285,18.88648],[100.2617,18.8835],[100.26227,18.88117],[100.26031,18.88044],[100.25971,18.87934],[100.26073,18.87725],[100.2604,18.87615],[100.25839,18.87442],[100.25401,18.87345],[100.25418,18.87042],[100.25151,18.86826],[100.24975,18.86772],[100.24233,18.86088],[100.24066,18.85594],[100.24227,18.85315],[100.24085,18.85014],[100.23922,18.8485],[100.23924,18.84708],[100.24232,18.84394],[100.23892,18.8359],[100.2371,18.83452],[100.23672,18.82815],[100.23959,18.82438],[100.23989,18.81925],[100.23873,18.81856],[100.23537,18.81866],[100.23282,18.81717],[100.23255,18.81202],[100.23434,18.80925],[100.23767,18.80843],[100.23862,18.80663],[100.23737,18.80466],[100.23231,18.80276],[100.23152,18.7992],[100.23209,18.79614],[100.23003,18.79143],[100.22943,18.78619],[100.22613,18.78506],[100.22507,18.7854],[100.22277,18.78871],[100.22068,18.78968],[100.21854,18.78871],[100.21803,18.78655],[100.21881,18.7835],[100.22318,18.77814],[100.2249,18.77039],[100.22411,18.76513],[100.22316,18.76457],[100.22121,18.7647],[100.21918,18.76724],[100.21707,18.76744],[100.21441,18.76493],[100.21509,18.76247],[100.22307,18.75411],[100.22275,18.753],[100.22023,18.75391],[100.2171,18.75279],[100.21593,18.75164],[100.21644,18.74981],[100.21836,18.74795],[100.21929,18.73506],[100.21981,18.73385],[100.22294,18.7339],[100.22591,18.73647],[100.22763,18.73636],[100.23026,18.73413],[100.23085,18.73125],[100.22993,18.73009],[100.22478,18.72861],[100.22394,18.7265],[100.224,18.72295],[100.2233,18.72195],[100.2216,18.72136],[100.22006,18.72199],[100.21856,18.7243],[100.21608,18.7256],[100.21432,18.72518],[100.2117,18.72249],[100.21057,18.72252],[100.2097,18.7239],[100.2078,18.72254],[100.20916,18.72026],[100.20804,18.71895],[100.20447,18.71839],[100.20333,18.71569],[100.20469,18.71326],[100.2119,18.71169],[100.21462,18.70751],[100.21732,18.70715],[100.21846,18.70809],[100.22093,18.70836],[100.22261,18.70539],[100.21395,18.70251],[100.20957,18.7031],[100.20897,18.70171],[100.21011,18.69932],[100.21044,18.69622],[100.20943,18.69495],[100.20834,18.69483],[100.20422,18.68893],[100.2003,18.68836],[100.2,18.68107],[100.19902,18.67964],[100.19802,18.67902],[100.19626,18.67971],[100.19266,18.67771],[100.19114,18.67633],[100.19146,18.67348],[100.18992,18.67148],[100.18621,18.66969],[100.18503,18.66729],[100.17494,18.65958],[100.17183,18.66056],[100.16982,18.65995],[100.16888,18.65805],[100.16956,18.65212],[100.1607,18.6466],[100.15858,18.64265],[100.1549,18.63965],[100.15786,18.63711],[100.15794,18.63043],[100.16052,18.62717],[100.16047,18.62465],[100.16253,18.62082],[100.16155,18.61824],[100.16176,18.61438],[100.15748,18.60997],[100.15602,18.60581],[100.15187,18.60242],[100.14809,18.59759],[100.14945,18.59569],[100.15024,18.58929],[100.15119,18.58721],[100.15094,18.57292],[100.15122,18.56968],[100.15191,18.56885],[100.15119,18.55871],[100.15282,18.55277],[100.15314,18.54035],[100.15503,18.53465],[100.15492,18.52696],[100.15657,18.52291],[100.15916,18.52202],[100.16141,18.51729],[100.16116,18.50961],[100.16337,18.5053],[100.16693,18.50117],[100.167,18.49912],[100.16624,18.49706],[100.1642,18.49609],[100.15649,18.4992],[100.15592,18.50165],[100.15791,18.50698],[100.15476,18.50795],[100.15358,18.50778],[100.15232,18.50646],[100.15073,18.50275],[100.15031,18.49919],[100.15401,18.49052],[100.15718,18.48538],[100.15836,18.47748],[100.16033,18.47299]]}},{"type":"Feature","properties":{"name":"แม่น้ำป่าสัก","osm_id":27449845,"direction":"downstream"},"geometry":{"type":"LineString","coordinates":[[101.06607,14.86168],[101.06577,14.84048]]}},{"type":"Feature","properties":{"name":"แม่น้ำเจ้าพระยา","osm_id":27450077,"direction":"downstream"},"geometry":{"type":"LineString","coordinates":[[100.06306,15.25758],[100.06588,15.25539],[100.07053,15.25402],[100.08038,15.25655],[100.08401,15.25566],[100.08473,15.25224],[100.08069,15.2466],[100.07567,15.23649],[100.07661,15.2322],[100.07866,15.22792],[100.08,15.22663],[100.09338,15.22039],[100.09891,15.21445],[100.10079,15.21056],[100.10621,15.20288],[100.11021,15.20227],[100.11518,15.20318],[100.11785,15.20189],[100.11836,15.19994],[100.11647,15.19574],[100.11672,15.19267],[100.12488,15.17816],[100.12629,15.16715],[100.12715,15.16505],[100.13078,15.16415],[100.13737,15.16568],[100.14583,15.16607],[100.15325,15.16285],[100.15946,15.15675],[100.16348,15.15408],[100.16768,15.15374],[100.17209,15.15463]]}},{"type":"Feature","properties":{"name":"แม่น้ำเจ้าพระยา","osm_id":27450079,"direction":"downstream"},"geometry":{"type":"LineString","coordinates":[[100.50722,13.81622],[100.51357,13.81422]]}},{"type":"Feature","properties":{"name":"แม่น้ำลพบุรี","osm_id":27450927,"direction":"downstream"},"geometry":{"type":"LineString","coordinates":[[100.41021,14.8771],[100.41479,14.87691],[100.42041,14.87226],[100.41995,14.86883],[100.41627,14.8671],[100.41531,14.86555],[100.4188,14.86129],[100.42359,14.85906],[100.42723,14.85941],[100.43875,14.86896],[100.44102,14.8682],[100.44275,14.86916],[100.44377,14.86895],[100.44598,14.86607],[100.44609,14.86478]]}},{"type":"Feature","properties":{"name":"แม่น้ำเจ้าพระยา","osm_id":27847887,"direction":"downstream"},"geometry":{"type":"LineString","coordinates":[[100.11765,15.50325],[100.10932,15.47105],[100.1076,15.46739],[100.10665,15.46146],[100.10956,15.45468],[100.11447,15.45154],[100.11881,15.45006],[100.12159,15.45077],[100.12401,15.45385],[100.12592,15.45883],[100.12824,15.46156],[100.13001,15.4621],[100.13177,15.4612],[100.1329,15.45917],[100.13369,15.45434],[100.13181,15.44022],[100.13555,15.42536],[100.13541,15.42148],[100.13423,15.41912],[100.13026,15.41515],[100.12523,15.41278]]}},{"type":"Feature","properties":{"name":"แม่น้ำท่าจีน","osm_id":30694819,"direction":"downstream"},"geometry":{"type":"LineString","coordinates":[[100.08,15.22663],[100.07456,15.22063],[100.07283,15.21734]]}},{"type":"Feature","properties":{"name":"แม่น้ำเจ้าพระยา","osm_id":32069903,"direction":"downstream"},"geometry":{"type":"LineString","coordinates":[[100.51238,13.72891],[100.51276,13.72577],[100.51208,13.71931]]}},{"type":"Feature","properties":{"name":"แม่น้ำแม่กลอง","osm_id":36836222,"direction":"downstream"},"geometry":{"type":"LineString","coordinates":[[99.52689,14.01867],[99.52876,14.01766],[99.53018,14.01494],[99.5318,14.00846],[99.53162,14.00373],[99.53423,13.99758],[99.54011,13.99367],[99.55229,13.99127],[99.58033,13.97137],[99.59248,13.96627],[99.61762,13.95753]]}},{"type":"Feature","properties":{"name":"แม่น้ำน่าน","osm_id":36848429,"direction":"downstream"},"geometry":{"type":"LineString","coordinates":[[100.56279,17.76444],[100.56324,17.76037]]}},{"type":"Feature","properties":{"name":"แม่น้ำน่าน","osm_id":36851899,"direction":"downstream"},"geometry":{"type":"LineString","coordinates":[[101.15475,19.38151],[101.15526,19.38526],[101.15444,19.39059],[101.15256,19.39195],[101.15247,19.39515],[101.15403,19.39657],[101.15423,19.39847],[101.15305,19.39997],[101.15093,19.40581],[101.15249,19.40815],[101.15462,19.40926],[101.15405,19.41084],[101.15234,19.41201],[101.15213,19.41504],[101.15059,19.41641],[101.15021,19.41813],[101.15259,19.42137],[101.15178,19.42205],[101.14937,19.42202],[101.14915,19.42372],[101.15338,19.42934],[101.1527,19.43214],[101.15127,19.43385],[101.15089,19.43712],[101.15153,19.43802],[101.15329,19.43815],[101.15302,19.44278],[101.15368,19.44453],[101.15066,19.44641],[101.15031,19.44776],[101.14917,19.44846],[101.14955,19.44928],[101.14844,19.44885],[101.14623,19.45033],[101.14644,19.45205],[101.14487,19.4535],[101.1419,19.45367],[101.14258,19.45484],[101.13863,19.45949],[101.13656,19.45876],[101.13624,19.46074],[101.13487,19.46026],[101.13396,19.46097],[101.13305,19.46095],[101.13119,19.45926],[101.12991,19.45951],[101.12822,19.46091],[101.12597,19.4645],[101.12197,19.46581],[101.12057,19.46972],[101.11924,19.46837],[101.11812,19.46877],[101.11981,19.47027],[101.11695,19.47065],[101.11824,19.4724],[101.11616,19.47342],[101.11633,19.47483],[101.11408,19.47996],[101.11227,19.47878],[101.1107,19.47948],[101.11158,19.48061],[101.11314,19.48081],[101.11126,19.48271],[101.1134,19.48479],[101.11238,19.48609],[101.11138,19.48528],[101.11032,19.48543],[101.11,19.48754],[101.11105,19.48958],[101.10806,19.4914],[101.10712,19.49333],[101.10676,19.49608],[101.10854,19.4955],[101.10895,19.4961],[101.10622,19.4987],[101.10652,19.50091],[101.10744,19.50102],[101.1071,19.50197],[101.10154,19.50375],[101.10141,19.50482],[101.10241,19.50642],[101.09831,19.50733],[101.09924,19.51],[101.09837,19.5118],[101.0971,19.51153],[101.097,19.51276],[101.09885,19.5148],[101.09512,19.51631],[101.09503,19.51922],[101.09821,19.51946],[101.0957,19.52255],[101.09478,19.52571],[101.09216,19.52432],[101.0913,19.52615],[101.08731,19.5283],[101.08575,19.52836],[101.08466,19.52954],[101.07927,19.5295],[101.07868,19.53278],[101.07674,19.53394],[101.07657,19.53753],[101.07388,19.53472],[101.07253,19.53773],[101.07178,19.53765],[101.07042,19.53463],[101.0693,19.53621],[101.06489,19.53732],[101.06048,19.54277],[101.06098,19.5453],[101.05756,19.55077],[101.05628,19.55107],[101.05474,19.54986],[101.05325,19.55131],[101.0502,19.55197]]}},{"type":"Feature","properties":{"name":"แม่น้ำโขง","osm_id":36874501,"direction":"downstream"},"geometry":{"type":"LineString","coordinates":[[104.75456,16.51324],[104.76184,16.505],[104.77086,16.49704],[104.79561,16.48027],[104.81051,16.4735],[104.83202,16.4658],[104.84465,16.4573],[104.85403,16.44166],[104.87066,16.4064],[104.88145,16.37444],[104.89121,16.35751],[104.90418,16.34545],[104.91233,16.33932],[104.92067,16.33749],[104.92635,16.33456],[104.97183,16.3008],[104.98132,16.29259]]}},{"type":"Feature","properties":{"name":"แม่น้ำโขง","osm_id":36874588,"direction":"downstream"},"geometry":{"type":"LineString","coordinates":[[103.61456,18.40105],[103.63235,18.39112],[103.65816,18.37462],[103.67386,18.36156],[103.68787,18.34875],[103.69609,18.34348],[103.70756,18.34154],[103.71637,18.34133],[103.74895,18.3438],[103.77739,18.34827],[103.78329,18.34762],[103.79641,18.34421],[103.80136,18.34385],[103.81718,18.33908],[103.83073,18.33094],[103.83707,18.32381],[103.85106,18.29244],[103.85394,18.28946],[103.86205,18.28687],[103.86651,18.28667],[103.87509,18.28871],[103.88575,18.29413],[103.92253,18.33255],[103.93116,18.33723],[103.9442,18.34133],[103.95553,18.34167],[103.96617,18.33916],[103.97748,18.33316],[103.9853,18.32642],[104.01003,18.28735],[104.02791,18.2652],[104.04818,18.23542],[104.05526,18.22765],[104.06208,18.21867],[104.0964,18.14473],[104.10593,18.12579],[104.11211,18.11053],[104.11599,18.10305],[104.19697,18.01647],[104.21381,17.99588],[104.22303,17.98302],[104.23416,17.95985],[104.24159,17.93881],[104.24885,17.92524],[104.26362,17.88503],[104.27216,17.86638],[104.27757,17.85733],[104.28225,17.85292],[104.29008,17.84904],[104.29502,17.84813],[104.30489,17.84767],[104.31321,17.84612],[104.32143,17.84392],[104.33253,17.83977],[104.35317,17.82527],[104.3588,17.81828],[104.3635,17.81103],[104.38162,17.7795],[104.39262,17.7619],[104.39823,17.74856],[104.40995,17.72969],[104.42661,17.71116],[104.43745,17.69782],[104.45668,17.66835],[104.46208,17.66145],[104.4747,17.64903],[104.48813,17.64098],[104.51767,17.62705],[104.53903,17.61519],[104.55416,17.60578],[104.57945,17.59403],[104.59868,17.5867],[104.60873,17.58212],[104.6222,17.57442],[104.64641,17.55738],[104.65529,17.5521],[104.66548,17.54779],[104.70017,17.5309],[104.70884,17.51937],[104.72253,17.50492],[104.72619,17.49898],[104.73407,17.47766],[104.75789,17.44142],[104.77903,17.42545],[104.78446,17.41531],[104.79314,17.40412],[104.79741,17.39479],[104.79924,17.38757],[104.80205,17.35131],[104.80389,17.34513],[104.80425,17.32705],[104.80755,17.30816],[104.80633,17.27876],[104.80666,17.26987],[104.80841,17.26628],[104.81103,17.25147],[104.81085,17.23198],[104.80462,17.20969],[104.80156,17.16745],[104.7902,17.13651],[104.77848,17.1148],[104.76345,17.06868],[104.7447,17.02967],[104.74262,17.0167],[104.73897,16.97623],[104.73651,16.96152],[104.73421,16.96051],[104.73323,16.93661],[104.73878,16.90581],[104.76046,16.86022],[104.76355,16.84714],[104.76231,16.84007],[104.75,16.8274],[104.74153,16.81487],[104.73969,16.80411],[104.74629,16.78591],[104.75417,16.75957],[104.75595,16.74695],[104.76263,16.716],[104.76352,16.70612],[104.76247,16.69105],[104.7597,16.68043],[104.75323,16.66441],[104.74299,16.62693],[104.74206,16.59429],[104.73794,16.56798],[104.74069,16.55032],[104.74206,16.53561],[104.74864,16.52224],[104.75456,16.51324]]}},{"type":"Feature","properties":{"name":"แม่น้ำโขง","osm_id":36874677,"direction":"downstream"},"geometry":{"type":"LineString","coordinates":[[102.76011,17.89462],[102.7651,17.89818],[102.77075,17.90438],[102.77289,17.9081],[102.78131,17.92827],[102.78588,17.93399],[102.78985,17.93697],[102.79654,17.93948],[102.80446,17.94001],[102.8125,17.93962],[102.81759,17.94123],[102.82295,17.94424],[102.82761,17.94791],[102.84851,17.96681],[102.85611,17.97224],[102.86533,17.97583],[102.89563,17.98086],[102.9016,17.98257],[102.90688,17.98473],[102.93065,17.99869],[102.94061,18.00288],[102.94754,18.00459],[102.96219,18.00475],[102.97204,18.00241],[102.98247,17.99835],[102.99788,17.98959],[103.00125,17.98649],[103.00845,17.97725],[103.01716,17.97147],[103.02097,17.97096],[103.02532,17.97165],[103.0335,17.97492],[103.03635,17.97722],[103.0524,17.99347],[103.07391,18.02623],[103.08036,18.04354],[103.08135,18.0487],[103.07967,18.05658],[103.07117,18.07376],[103.06986,18.0804],[103.06961,18.10939],[103.07231,18.12079],[103.07671,18.12838],[103.08212,18.13327],[103.09133,18.13892],[103.10178,18.14258],[103.13561,18.16108],[103.13896,18.16408],[103.14766,18.17549],[103.15141,18.18233],[103.15466,18.1918],[103.15548,18.19974],[103.15454,18.20665],[103.14983,18.2203],[103.14903,18.2257],[103.14935,18.22854],[103.15091,18.23192],[103.16912,18.25759],[103.17398,18.26224],[103.18247,18.26637],[103.21032,18.27139],[103.23784,18.28343],[103.26024,18.28741],[103.28139,18.29407],[103.28818,18.29724],[103.29266,18.30118],[103.29476,18.30529],[103.29599,18.30996],[103.29592,18.31242],[103.29322,18.3192],[103.2903,18.323],[103.2872,18.32565],[103.27783,18.33057],[103.27082,18.33275],[103.25841,18.3344],[103.25237,18.33634],[103.2507,18.33755],[103.24615,18.34294],[103.2432,18.34864],[103.24222,18.36039],[103.24267,18.36338],[103.24461,18.36765],[103.24977,18.37304],[103.25097,18.37709],[103.25933,18.38647],[103.26398,18.39345],[103.27446,18.40515],[103.30235,18.42865],[103.30773,18.43202],[103.31451,18.43408],[103.33928,18.43383],[103.34849,18.43481],[103.36978,18.4394],[103.3977,18.44723],[103.40969,18.44841],[103.41853,18.4465],[103.42306,18.44468],[103.45619,18.42675],[103.45973,18.42549],[103.46226,18.42521],[103.47156,18.42716],[103.47819,18.42766],[103.49029,18.42488],[103.51546,18.42695],[103.52786,18.42612],[103.53203,18.42528],[103.54632,18.42002],[103.55599,18.41519],[103.56668,18.40733],[103.56964,18.4059],[103.57588,18.40478],[103.59953,18.40521],[103.60594,18.40423],[103.61456,18.40105]]}},{"type":"Feature","properties":{"name":"แม่น้ำมูล","osm_id":36938452,"direction":"downstream"},"geometry":{"type":"LineString","coordinates":[[104.10086,15.34264],[104.10397,15.34119],[104.10555,15.34123],[104.10954,15.34479],[104.11169,15.34577],[104.1274,15.34603],[104.12943,15.34541],[104.13285,15.34167],[104.13288,15.33988],[104.13038,15.33205],[104.131,15.32931],[104.13665,15.32594],[104.14383,15.32409],[104.1458,15.32434],[104.1474,15.32566],[104.1482,15.329],[104.14839,15.33518],[104.1496,15.33825],[104.15161,15.33956],[104.1542,15.33898],[104.16144,15.33386],[104.16401,15.33105],[104.16668,15.32437],[104.1713,15.32],[104.1725,15.31734],[104.17328,15.31224],[104.18404,15.30897],[104.19518,15.30077],[104.20206,15.30356],[104.20392,15.3034],[104.20563,15.30133],[104.20523,15.29629],[104.20573,15.29197],[104.2037,15.28696],[104.20355,15.28379],[104.20453,15.27964],[104.20634,15.27618],[104.20917,15.27347],[104.2215,15.26601],[104.2256,15.26471],[104.23332,15.26509],[104.23791,15.27304],[104.23903,15.27343],[104.24079,15.27196],[104.24204,15.26405],[104.24188,15.25803],[104.2449,15.24301],[104.24459,15.2381],[104.2424,15.23047],[104.24259,15.22887],[104.2439,15.22736],[104.24721,15.22635],[104.2563,15.22778],[104.2662,15.22579],[104.2703,15.22693],[104.27068,15.22802],[104.26942,15.23532],[104.26979,15.24658],[104.2707,15.24833],[104.27256,15.25079],[104.27559,15.25284],[104.27951,15.25257],[104.28409,15.2511],[104.29388,15.24516],[104.29774,15.2408],[104.30937,15.22064],[104.31816,15.21347],[104.32512,15.20414],[104.32809,15.20321],[104.33347,15.20667],[104.33582,15.20586],[104.34341,15.19258],[104.3527,15.18529],[104.35736,15.18311],[104.36373,15.18418],[104.37848,15.19458],[104.38539,15.1937],[104.38718,15.19277],[104.38828,15.18969],[104.38804,15.18555],[104.38539,15.17222],[104.38049,15.16436],[104.38063,15.1622],[104.38184,15.15989],[104.38529,15.1579],[104.38952,15.15665],[104.40036,15.15486],[104.41122,15.15068],[104.41579,15.14722],[104.41974,15.14604],[104.42442,15.14624],[104.42883,15.14817],[104.43322,15.15163],[104.43535,15.15144],[104.43989,15.14594],[104.44202,15.13796],[104.44485,15.13507],[104.46133,15.13361],[104.46867,15.13413],[104.48097,15.132],[104.49612,15.13359],[104.50023,15.13306],[104.50501,15.13349],[104.5101,15.13625],[104.51996,15.14392],[104.52125,15.14531],[104.52334,15.15156],[104.52579,15.15595],[104.52932,15.1575],[104.53065,15.15723],[104.5414,15.14979],[104.5451,15.1482],[104.55565,15.14165],[104.56719,15.14378],[104.57517,15.14397],[104.58159,15.1431],[104.5893,15.14082],[104.59673,15.14165],[104.59971,15.14286],[104.6012,15.14476],[104.60116,15.14597],[104.59883,15.14936],[104.59835,15.15099],[104.59886,15.15266],[104.60232,15.15385],[104.6045,15.15335],[104.61188,15.15068],[104.61649,15.14712],[104.61883,15.14457],[104.62922,15.127],[104.63167,15.12572],[104.64198,15.12631],[104.64518,15.12765],[104.64551,15.13018],[104.64409,15.13398],[104.64381,15.13743],[104.64209,15.14173],[104.63925,15.14537],[104.63856,15.14751],[104.63874,15.14918],[104.64001,15.15026],[104.64169,15.15048],[104.6505,15.14538],[104.6533,15.14495],[104.66124,15.14629],[104.6636,15.14602],[104.66575,15.14492],[104.67509,15.13685],[104.68106,15.12991],[104.68492,15.12849],[104.69457,15.12862],[104.70594,15.13606],[104.70894,15.13678],[104.72158,15.14919],[104.73402,15.15788],[104.73592,15.16002],[104.73667,15.16327],[104.73559,15.16588],[104.73131,15.16954],[104.7261,15.171],[104.72139,15.16969],[104.71504,15.16427],[104.7058,15.15802],[104.70029,15.15698],[104.69873,15.15759],[104.69754,15.16316],[104.69876,15.1709],[104.70031,15.17457],[104.70337,15.17819],[104.70889,15.18221],[104.71173,15.18295],[104.71442,15.18254]]}},{"type":"Feature","properties":{"name":"แม่น้ำยม","osm_id":37677492,"direction":"downstream"},"geometry":{"type":"LineString","coordinates":[[99.85386,17.1697],[99.85031,17.16721],[99.84303,17.16618],[99.8415,17.16341],[99.83652,17.16488],[99.83447,17.16444],[99.83347,17.16332],[99.83181,17.15851],[99.83231,17.15332],[99.83185,17.15088],[99.83262,17.14825],[99.82909,17.14368],[99.82889,17.14027],[99.82771,17.13796],[99.82884,17.13432],[99.82312,17.12945],[99.82345,17.12665],[99.82749,17.12371],[99.82684,17.1204],[99.82714,17.11542],[99.82492,17.11094],[99.82145,17.10795],[99.82194,17.10103],[99.81815,17.09808],[99.82036,17.09605],[99.82058,17.09368],[99.81976,17.09155],[99.82159,17.0886],[99.82484,17.08743],[99.82852,17.08329],[99.83125,17.08338],[99.83428,17.08214],[99.83345,17.08007],[99.83388,17.07827],[99.83326,17.07567],[99.83587,17.0735],[99.83721,17.07045],[99.83634,17.06915],[99.83378,17.06789],[99.83379,17.06674],[99.83568,17.0648],[99.83486,17.06289],[99.83493,17.06071],[99.83348,17.05951],[99.83148,17.06076],[99.83075,17.06053],[99.8275,17.05483],[99.82654,17.05436],[99.82525,17.05495],[99.82428,17.05337],[99.82259,17.05287],[99.82019,17.05041],[99.81759,17.04471],[99.81863,17.04257],[99.81753,17.04073],[99.81883,17.04017],[99.82053,17.04127],[99.82125,17.0395],[99.82002,17.03768],[99.82271,17.03608],[99.82164,17.0343],[99.8246,17.03292],[99.82541,17.03158],[99.8227,17.02844],[99.82076,17.02943],[99.81939,17.02661],[99.81885,17.02407],[99.81999,17.0223],[99.82009,17.01813],[99.81657,17.01437],[99.8179,17.01182],[99.8171,17.00937],[99.81831,17.00783],[99.82744,17.00377],[99.83283,17.00297],[99.83578,16.99409],[99.83578,16.9919],[99.83065,16.98534],[99.83231,16.9833],[99.83092,16.98152],[99.83169,16.9792],[99.82999,16.97851],[99.82993,16.9755],[99.82662,16.97573],[99.82535,16.97377],[99.82571,16.97293],[99.8295,16.97303],[99.82912,16.97213],[99.82599,16.97065],[99.82774,16.96988],[99.82802,16.96903],[99.82699,16.9682],[99.82481,16.96878],[99.82414,16.96684],[99.82207,16.96647],[99.82324,16.96518],[99.82646,16.96554],[99.82675,16.96439],[99.82533,16.96314],[99.82526,16.96222],[99.8277,16.96116],[99.82865,16.95908],[99.8303,16.95813],[99.82801,16.95649],[99.8278,16.95445],[99.8261,16.95306],[99.82648,16.95101],[99.82536,16.95059],[99.8226,16.94474],[99.82388,16.94402],[99.82455,16.94249],[99.82621,16.94219],[99.8252,16.94028],[99.82572,16.93894],[99.82502,16.93765],[99.82697,16.9373],[99.82725,16.93581],[99.82881,16.93605],[99.82806,16.93319],[99.82923,16.93291],[99.83188,16.93389],[99.83093,16.93071],[99.83381,16.92975],[99.83443,16.9279],[99.83523,16.92805],[99.83608,16.92955],[99.83903,16.92798],[99.83901,16.9267],[99.84153,16.92731],[99.84064,16.92552],[99.83628,16.92598],[99.83729,16.9238],[99.83612,16.92233],[99.83762,16.92107],[99.84072,16.92072],[99.84028,16.91933],[99.8409,16.91795],[99.84023,16.91674],[99.84171,16.91673],[99.84467,16.91468],[99.84467,16.91718],[99.84585,16.91897],[99.84894,16.91823],[99.85023,16.91728],[99.84932,16.91549],[99.85113,16.91468],[99.85011,16.9127],[99.85069,16.912],[99.85416,16.91354],[99.85451,16.91686],[99.85537,16.91739],[99.85668,16.91655],[99.85579,16.91449],[99.85704,16.91273],[99.85826,16.91475],[99.86125,16.91444],[99.86065,16.91298],[99.86131,16.91264],[99.86275,16.9133],[99.86329,16.9145],[99.86457,16.91421],[99.86515,16.91328],[99.86579,16.91473],[99.86716,16.91317],[99.86951,16.9123],[99.87098,16.91297],[99.87021,16.91445],[99.87186,16.91449],[99.87173,16.91599],[99.87258,16.9162],[99.87373,16.91532],[99.87299,16.91373],[99.87375,16.90989],[99.87478,16.90988],[99.87511,16.91134],[99.87574,16.91127],[99.87677,16.90923],[99.87585,16.90836],[99.87597,16.90756],[99.87703,16.90648],[99.87855,16.90735],[99.87894,16.90528],[99.87996,16.90494]]}},{"type":"Feature","properties":{"name":"แม่น้ำปิง","osm_id":37704725,"direction":"downstream"},"geometry":{"type":"LineString","coordinates":[[99.036,19.16424],[99.03523,19.16184]]}},{"type":"Feature","properties":{"name":"แม่น้ำน้อย","osm_id":37759944,"direction":"downstream"},"geometry":{"type":"LineString","coordinates":[[100.41596,14.36025],[100.41347,14.3587],[100.41341,14.35426],[100.41199,14.35145],[100.40892,14.35033],[100.40851,14.3471],[100.40747,14.34714],[100.40545,14.34975],[100.40401,14.34898],[100.40449,14.34578],[100.40599,14.34447],[100.40574,14.34285],[100.40485,14.34211],[100.40157,14.34169],[100.40037,14.33944],[100.40254,14.33422],[100.40228,14.33192]]}},{"type":"Feature","properties":{"name":"แม่น้ำโขง","osm_id":39977210,"direction":"downstream"},"geometry":{"type":"LineString","coordinates":[[100.76088,19.87254],[100.76922,19.87764],[100.77945,19.88537],[100.78721,19.89185],[100.79773,19.90263],[100.80673,19.90665],[100.81213,19.90727],[100.81605,19.90589],[100.81808,19.90257],[100.8271,19.897],[100.83271,19.89087],[100.84637,19.88251],[100.85029,19.88234],[100.85896,19.88534],[100.87515,19.88852],[100.88262,19.88789],[100.90058,19.88449],[100.91573,19.88284],[100.93768,19.87763],[100.94226,19.87526],[100.95118,19.86806],[100.96378,19.86171],[100.97087,19.85994],[100.97541,19.86045],[100.98395,19.8596],[100.98647,19.85865],[100.98979,19.85609],[100.99234,19.8522],[100.99275,19.84314],[100.99473,19.84131],[101.00061,19.83927],[101.01086,19.8375],[101.01326,19.83794],[101.01614,19.84054],[101.01809,19.84773],[101.01929,19.84961],[101.0266,19.85088],[101.03047,19.84981],[101.0341,19.84727],[101.03703,19.84097],[101.03845,19.83934],[101.04536,19.84153],[101.0559,19.8394],[101.06053,19.84001],[101.06379,19.84159],[101.06997,19.848],[101.07669,19.85242],[101.07966,19.85894],[101.08179,19.86144],[101.09224,19.86984],[101.10248,19.87462],[101.10918,19.88167],[101.11557,19.8871],[101.11828,19.88848],[101.13163,19.89154],[101.13747,19.88947],[101.14233,19.88437],[101.14726,19.87615],[101.15045,19.86856],[101.15786,19.86022],[101.16662,19.85538],[101.17768,19.85264],[101.18365,19.84888],[101.1912,19.84779],[101.2062,19.84197],[101.23816,19.82323],[101.24966,19.81801],[101.26367,19.81828],[101.27059,19.82185],[101.28669,19.82834],[101.28957,19.82891],[101.29491,19.83199],[101.30467,19.83355],[101.32966,19.82986],[101.33252,19.82815],[101.3506,19.82184],[101.35328,19.81992],[101.35911,19.82064],[101.36354,19.81898],[101.38559,19.82089],[101.39004,19.82541],[101.3934,19.82681],[101.39632,19.82686],[101.40752,19.82407],[101.41243,19.82633],[101.41574,19.82639],[101.42025,19.82784],[101.42712,19.82859],[101.44092,19.83172],[101.44675,19.83165],[101.45084,19.83031],[101.46116,19.83262],[101.46624,19.83268],[101.47873,19.82909],[101.48635,19.82853],[101.49932,19.82523],[101.5021,19.82588],[101.51086,19.83057],[101.5195,19.83386],[101.54016,19.83454],[101.54783,19.83275],[101.5558,19.82936],[101.56677,19.82875],[101.57861,19.83153],[101.59101,19.83697],[101.60215,19.83774],[101.61319,19.83641],[101.61852,19.83785],[101.62171,19.83971],[101.6222,19.84131],[101.62151,19.84572],[101.62262,19.84977],[101.62108,19.85338],[101.61841,19.8552],[101.60923,19.85466],[101.60304,19.85685],[101.60196,19.85935],[101.60428,19.86476],[101.61277,19.87029],[101.6188,19.8726],[101.62653,19.87418],[101.63832,19.87358],[101.6406,19.87401],[101.64594,19.87784],[101.65731,19.88827],[101.66485,19.89323],[101.66714,19.89621],[101.67267,19.90051],[101.677,19.90297],[101.68305,19.905],[101.69061,19.91325],[101.69549,19.91696],[101.69846,19.91797],[101.703,19.92514],[101.70688,19.92916],[101.71823,19.93487],[101.72455,19.93649],[101.73558,19.93314],[101.74134,19.93277],[101.7502,19.93437],[101.7733,19.93537],[101.78109,19.93479],[101.80286,19.94085],[101.80692,19.9431],[101.81044,19.94634],[101.81306,19.94724],[101.82593,19.94886],[101.83458,19.94712],[101.84441,19.94739],[101.86247,19.95708],[101.87397,19.96565],[101.87787,19.96762],[101.89801,19.97312],[101.90409,19.97979],[101.91871,19.98917],[101.92549,20.0014],[101.93058,20.00703],[101.93333,20.01232],[101.94408,20.02441],[101.9642,20.03659],[101.97534,20.04595],[101.98456,20.05114],[101.99132,20.05617],[101.99332,20.05661],[102.00466,20.05275],[102.0166,20.05414],[102.02159,20.05292],[102.03121,20.04901],[102.03639,20.04785],[102.04608,20.04991],[102.0583,20.05052],[102.07281,20.06025],[102.07451,20.06328],[102.07571,20.06803],[102.0772,20.06969],[102.08418,20.07197],[102.08943,20.07559],[102.09917,20.07779],[102.1063,20.08262],[102.12081,20.08667],[102.14238,20.09038],[102.1525,20.08835]]}},{"type":"Feature","properties":{"name":"แม่น้ำโขง","osm_id":39981320,"direction":"downstream"},"geometry":{"type":"LineString","coordinates":[[102.1525,20.08835],[102.15621,20.08566],[102.15825,20.08505],[102.16808,20.08536],[102.17444,20.08173],[102.17893,20.07647],[102.18106,20.07495],[102.18606,20.07484],[102.18855,20.07409],[102.1907,20.06917],[102.19565,20.06325],[102.20548,20.05619],[102.21258,20.04947],[102.22057,20.03266],[102.22539,20.01027],[102.22773,20.00382],[102.22948,20.00222],[102.23713,19.99937],[102.23947,19.99639],[102.24105,19.95826],[102.24051,19.95654],[102.23759,19.95361],[102.22358,19.94665],[102.22138,19.94511],[102.21555,19.93868],[102.21109,19.93602],[102.20706,19.934],[102.19011,19.93054],[102.18435,19.92825],[102.17495,19.92293],[102.15837,19.90954],[102.13991,19.89805],[102.12968,19.89084],[102.11562,19.87718],[102.11122,19.87457],[102.10586,19.87309],[102.1003,19.87299],[102.07673,19.88007],[102.07041,19.8772],[102.06363,19.87008],[102.06138,19.86863],[102.04514,19.86491],[102.03797,19.85815],[102.02194,19.85101],[102.01833,19.84857],[102.01479,19.84491],[102.01328,19.84045],[102.00737,19.83361],[102.00411,19.82784],[102.00179,19.8219],[102.00177,19.81676],[101.99913,19.8111],[101.99495,19.80587],[101.98454,19.80002],[101.97735,19.79265],[101.97619,19.78245],[101.9745,19.77971],[101.95046,19.75962],[101.93639,19.74575],[101.92803,19.74085],[101.92075,19.73964],[101.91194,19.73074],[101.90273,19.72511],[101.89986,19.72149],[101.89654,19.71227],[101.89209,19.70867],[101.89207,19.70531],[101.89048,19.70229],[101.88359,19.69465],[101.87719,19.68978],[101.87407,19.68493],[101.87117,19.6819],[101.85616,19.67342],[101.84652,19.67066],[101.83102,19.66441],[101.82361,19.65996],[101.81507,19.65306],[101.81143,19.64989],[101.80911,19.64562]]}},{"type":"Feature","properties":{"name":"แม่น้ำโขง","osm_id":39982763,"direction":"downstream"},"geometry":{"type":"LineString","coordinates":[[100.08465,20.35227],[100.08544,20.34801],[100.09953,20.31403],[100.09902,20.30144],[100.09086,20.27679],[100.09109,20.27198],[100.09208,20.26836],[100.09489,20.26365],[100.10399,20.2553],[100.11011,20.2512],[100.1224,20.24888],[100.14409,20.24762],[100.15791,20.24484],[100.16413,20.24482],[100.16993,20.24571],[100.17293,20.24734],[100.17509,20.25067],[100.17644,20.25903],[100.1757,20.26212],[100.1707,20.27075],[100.16935,20.27566],[100.16685,20.29723],[100.1678,20.30058],[100.17461,20.30595],[100.18091,20.30972],[100.18785,20.311],[100.21306,20.31336],[100.21943,20.31505],[100.22284,20.31754],[100.22776,20.32638],[100.22947,20.33231],[100.22909,20.33594],[100.2255,20.34903],[100.2253,20.35229],[100.22636,20.35578],[100.22945,20.35909],[100.2423,20.36704],[100.24795,20.37192],[100.25254,20.38442],[100.25956,20.39447],[100.26595,20.39898],[100.2719,20.40122],[100.28106,20.39924],[100.29262,20.39902],[100.31127,20.40252],[100.31329,20.40238],[100.3204,20.39932],[100.33071,20.39902],[100.34548,20.38513],[100.35608,20.37822],[100.35973,20.36951],[100.35879,20.36058],[100.35909,20.35767],[100.36018,20.35649],[100.3614,20.35575],[100.36825,20.3555],[100.37144,20.35452],[100.37357,20.35312],[100.37579,20.35032],[100.37661,20.33744],[100.38109,20.3245],[100.38233,20.31633],[100.38359,20.31285],[100.39237,20.30158],[100.39392,20.29682],[100.39664,20.29213],[100.40445,20.28355],[100.40751,20.27553],[100.40787,20.26833],[100.40929,20.26341],[100.41396,20.25404],[100.41718,20.25081],[100.42016,20.24931],[100.42633,20.24839],[100.43121,20.24668],[100.43344,20.24508],[100.4352,20.24257],[100.43849,20.24039],[100.44837,20.23566],[100.45283,20.23145],[100.45508,20.22658]]}},{"type":"Feature","properties":{"name":"แม่น้ำโขง","osm_id":39982767,"direction":"downstream"},"geometry":{"type":"LineString","coordinates":[[100.45508,20.22658],[100.45639,20.22408],[100.45666,20.22004],[100.45347,20.21352],[100.45154,20.20574],[100.45349,20.19943],[100.4561,20.19771],[100.46065,20.19826],[100.46632,20.19691],[100.47858,20.18943],[100.48112,20.18377],[100.48597,20.18111],[100.49759,20.16732],[100.50617,20.15244],[100.51615,20.14495],[100.52065,20.144],[100.52534,20.14408],[100.53028,20.14623],[100.53928,20.15926],[100.5475,20.1731],[100.55207,20.17672],[100.55463,20.17711],[100.55853,20.17617],[100.56569,20.17606],[100.57262,20.17257],[100.57765,20.16901]]}},{"type":"Feature","properties":{"name":"แม่น้ำน่าน","osm_id":40128360,"direction":"downstream"},"geometry":{"type":"LineString","coordinates":[[100.84683,19.29732],[100.84611,19.29424],[100.84887,19.29405],[100.85141,19.2955],[100.85438,19.29258],[100.85491,19.29022],[100.8572,19.2867],[100.85639,19.28425],[100.8546,19.28296],[100.85523,19.2788],[100.85386,19.27644],[100.85371,19.27338],[100.84895,19.27021],[100.84403,19.27145],[100.842,19.27067],[100.84126,19.26959],[100.84166,19.26885],[100.84379,19.26826],[100.84472,19.26689],[100.84151,19.26501],[100.84024,19.26234],[100.83679,19.26123],[100.83615,19.26021],[100.8366,19.25904],[100.83924,19.25971],[100.83978,19.2593],[100.8431,19.25415],[100.83823,19.24686],[100.83667,19.24303],[100.835,19.2421],[100.83398,19.2428],[100.83255,19.2421],[100.83108,19.23677],[100.83187,19.23175],[100.82997,19.23029],[100.82585,19.22911],[100.82591,19.22658],[100.82475,19.22512],[100.82196,19.22656],[100.81944,19.22631],[100.81361,19.2252],[100.81224,19.22298],[100.81388,19.21865],[100.81555,19.21722],[100.81678,19.21483],[100.81572,19.21117],[100.81611,19.21021],[100.81794,19.20907],[100.82016,19.21094],[100.82203,19.20999],[100.82174,19.20821],[100.81976,19.2055],[100.82052,19.20375],[100.82123,19.20356],[100.82384,19.20522],[100.82585,19.20905],[100.82849,19.20912],[100.82976,19.20422],[100.82813,19.20279],[100.82816,19.19388],[100.83367,19.18814],[100.83434,19.18655],[100.83413,19.1847]]}},{"type":"Feature","properties":{"name":"แม่น้ำน่าน","osm_id":40128686,"direction":"downstream"},"geometry":{"type":"LineString","coordinates":[[101.0502,19.55197],[101.04842,19.54748],[101.04622,19.54603],[101.0445,19.54673],[101.04494,19.54194],[101.04274,19.54089],[101.0455,19.53769],[101.04306,19.53772],[101.03987,19.53464],[101.0381,19.53531],[101.03694,19.53306],[101.0341,19.53066],[101.03314,19.53189],[101.03159,19.53189],[101.03018,19.5303],[101.03021,19.52813],[101.02743,19.52781],[101.02616,19.52523],[101.02356,19.52244],[101.02186,19.52536],[101.01994,19.52394],[101.01825,19.52594],[101.01799,19.52418],[101.01619,19.52341],[101.01405,19.52094],[101.01243,19.52073],[101.01282,19.52362],[101.01177,19.5238],[101.01054,19.52297],[101.01083,19.52425],[101.00942,19.52521],[101.00816,19.5223],[101.01044,19.51775],[101.01007,19.51708],[101.00913,19.5175],[101.00824,19.51977],[101.0052,19.52019],[101.00427,19.52108],[101.00381,19.52023],[101.00524,19.51906],[101.00549,19.51769],[101.00484,19.51633],[101.00426,19.51651],[101.00382,19.51879],[101.00313,19.51798],[101.00267,19.51863],[101.00064,19.51872],[100.99951,19.51803],[101.00219,19.51453],[101.00483,19.51411],[101.00349,19.51233],[101.00109,19.5138],[100.998,19.51349],[100.99592,19.51539],[100.99204,19.51632],[100.99056,19.51927],[100.99054,19.52154],[100.98587,19.52229],[100.98529,19.51952],[100.98473,19.51934],[100.98184,19.52284],[100.97906,19.52299],[100.9784,19.52132],[100.97638,19.52303],[100.97643,19.52447],[100.97465,19.52338],[100.97309,19.52071],[100.97186,19.52166],[100.97026,19.5216],[100.97033,19.51879],[100.96947,19.51636],[100.96732,19.51516],[100.96694,19.51361],[100.96536,19.5153],[100.96331,19.51394],[100.95943,19.51433],[100.95865,19.51249],[100.95772,19.51328],[100.95301,19.51365],[100.9522,19.51542],[100.94934,19.51626],[100.94476,19.51489],[100.93798,19.5156],[100.93589,19.5166],[100.93154,19.51672],[100.92969,19.51583],[100.92927,19.51701],[100.92549,19.51966],[100.92171,19.51857],[100.91929,19.51659],[100.91808,19.51651],[100.91672,19.52231],[100.91435,19.52406],[100.9121,19.52329],[100.91159,19.52248],[100.91206,19.51932],[100.90919,19.5161],[100.9063,19.51554],[100.90452,19.51376],[100.89946,19.51315],[100.89844,19.51006],[100.89605,19.51029],[100.89248,19.50491],[100.89159,19.50611],[100.89255,19.50694],[100.89285,19.51009],[100.8909,19.50994],[100.89076,19.5083],[100.88954,19.50735],[100.88766,19.50734],[100.88697,19.50534],[100.88873,19.50217],[100.88394,19.49754],[100.88451,19.49595],[100.88344,19.49454],[100.882,19.49466],[100.88032,19.49674],[100.87646,19.49675]]}},{"type":"Feature","properties":{"name":"แม่น้ำน่าน","osm_id":40128689,"direction":"downstream"},"geometry":{"type":"LineString","coordinates":[[100.87646,19.49675],[100.87652,19.49605],[100.87863,19.49469],[100.87849,19.49351],[100.8767,19.4925],[100.87572,19.48758],[100.87758,19.47966],[100.87632,19.47924],[100.87404,19.48047],[100.87331,19.48023],[100.87369,19.47657],[100.87125,19.47492],[100.87055,19.47345],[100.87371,19.47176],[100.8757,19.46814],[100.87422,19.46688],[100.87187,19.46697],[100.87187,19.46592],[100.87638,19.46469],[100.87556,19.46367],[100.86911,19.46153],[100.86814,19.46184],[100.86772,19.46372],[100.86598,19.46308],[100.86519,19.46024],[100.86662,19.45867],[100.86949,19.45869],[100.86687,19.45618],[100.86916,19.45425],[100.87064,19.45166],[100.8696,19.45068],[100.86807,19.4517],[100.86653,19.45175],[100.86552,19.45128],[100.86433,19.44879],[100.86501,19.44668],[100.86805,19.44692],[100.86815,19.4451],[100.86618,19.44289],[100.86849,19.43969],[100.86559,19.43572],[100.86638,19.43271],[100.87047,19.43036],[100.87748,19.43393],[100.87945,19.43347],[100.88119,19.4313],[100.88115,19.42742],[100.87819,19.42496],[100.87871,19.42251],[100.87776,19.41578],[100.87367,19.41563],[100.87182,19.41449],[100.8692,19.41427],[100.8678,19.41138],[100.86462,19.41027],[100.86367,19.40649],[100.86164,19.40481],[100.85983,19.40499],[100.85652,19.40355],[100.85382,19.40391],[100.85009,19.39945],[100.84919,19.40008],[100.84972,19.40276],[100.84925,19.40594],[100.84655,19.40583],[100.84599,19.40704],[100.84644,19.40804],[100.84485,19.40909],[100.84251,19.40426],[100.84159,19.4046],[100.84118,19.40581],[100.84151,19.40911],[100.84015,19.40919]]}},{"type":"Feature","properties":{"name":"แม่น้ำน่าน","osm_id":40128690,"direction":"downstream"},"geometry":{"type":"LineString","coordinates":[[100.84015,19.40919],[100.83922,19.40674],[100.84001,19.40565],[100.83953,19.40496],[100.84086,19.40382],[100.8408,19.40199],[100.84001,19.40113],[100.83667,19.40096],[100.83855,19.39718],[100.83728,19.39546],[100.83825,19.39168],[100.84086,19.38979],[100.84432,19.38853],[100.84699,19.38566],[100.84202,19.382],[100.84274,19.38091],[100.84206,19.37645],[100.84132,19.37598],[100.84076,19.37369],[100.83789,19.37099],[100.83812,19.37029],[100.84013,19.36981],[100.84061,19.36878],[100.84002,19.36736],[100.84055,19.36482],[100.83877,19.3634],[100.83919,19.36231],[100.83676,19.35885],[100.83401,19.35721],[100.83384,19.35344],[100.83496,19.35185],[100.83611,19.35216],[100.83718,19.3511],[100.84309,19.34898],[100.8433,19.34783],[100.84244,19.34697],[100.8441,19.34161],[100.84368,19.34008],[100.83795,19.33905],[100.83647,19.33765],[100.84138,19.32819],[100.8414,19.32522],[100.84322,19.32225],[100.84344,19.31902],[100.84744,19.31587],[100.84853,19.31227],[100.85016,19.31122],[100.8508,19.30984],[100.85066,19.30752],[100.84805,19.30274],[100.84683,19.29732]]}},{"type":"Feature","properties":{"name":"แม่น้ำน่าน","osm_id":40128691,"direction":"downstream"},"geometry":{"type":"LineString","coordinates":[[100.83413,19.1847],[100.83211,19.18323],[100.82625,19.18492],[100.82297,19.18359],[100.81964,19.18354],[100.81822,19.18193],[100.81729,19.17892],[100.81353,19.17575],[100.81247,19.17353],[100.81093,19.16718],[100.81274,19.16509],[100.81266,19.16267],[100.81126,19.16046],[100.80697,19.15901],[100.80628,19.15514],[100.80717,19.15078],[100.80681,19.14968],[100.805,19.14876],[100.80566,19.14666],[100.8075,19.14385],[100.80972,19.14229],[100.81167,19.13831],[100.81185,19.13649],[100.81068,19.13449],[100.81065,19.13217],[100.81232,19.12744],[100.80881,19.1213],[100.80462,19.11826],[100.80218,19.1145],[100.80364,19.11129],[100.80723,19.10932],[100.8081,19.10794],[100.80543,19.1045],[100.80434,19.09962],[100.8006,19.09235],[100.7971,19.08983],[100.78962,19.08852],[100.78709,19.08658],[100.78615,19.08425],[100.78602,19.0762],[100.78777,19.07165],[100.78651,19.07028],[100.78468,19.0697],[100.78524,19.06628]]}},{"type":"Feature","properties":{"name":"แม่น้ำน่าน","osm_id":40128692,"direction":"downstream"},"geometry":{"type":"LineString","coordinates":[[100.78524,19.06628],[100.7854,19.06541],[100.78457,19.06476],[100.78213,19.06596],[100.77968,19.06558],[100.77801,19.06373],[100.77708,19.05953],[100.7783,19.04741],[100.78056,19.04017],[100.78236,19.03838],[100.78458,19.03849],[100.7872,19.03689],[100.78656,19.03434],[100.78161,19.03371],[100.78195,19.02885],[100.78309,19.02658],[100.78137,19.02432],[100.77913,19.01876],[100.78139,19.01192],[100.7882,19.00863],[100.78858,19.00498],[100.78806,19.00389],[100.78588,19.00381],[100.78384,19.00233],[100.78366,19.00145],[100.78468,18.99984],[100.78401,18.99513],[100.78542,18.99014],[100.78291,18.9896],[100.7781,18.99195],[100.77679,18.99112],[100.77733,18.98946],[100.77882,18.98803],[100.77875,18.98621],[100.77652,18.98238],[100.77764,18.98026],[100.77747,18.9771],[100.77523,18.97202],[100.77593,18.96795],[100.77253,18.95978]]}},{"type":"Feature","properties":{"name":"แม่น้ำน่าน","osm_id":40128694,"direction":"downstream"},"geometry":{"type":"LineString","coordinates":[[100.7761,18.51662],[100.77907,18.51953],[100.78045,18.51989],[100.78307,18.51848],[100.78797,18.51404],[100.78992,18.51065],[100.79043,18.50861],[100.78995,18.50593],[100.79128,18.50271],[100.79388,18.50045],[100.79552,18.5004],[100.79886,18.50247],[100.80698,18.49881],[100.80821,18.49605],[100.81336,18.49852],[100.82091,18.49439],[100.82698,18.49373],[100.82731,18.49259],[100.82157,18.48757],[100.82041,18.48326],[100.82041,18.48034],[100.82444,18.47629],[100.82472,18.47459],[100.82746,18.47269],[100.83304,18.47056],[100.83101,18.4625],[100.83306,18.45523],[100.83081,18.44961],[100.83096,18.44812],[100.83216,18.44646],[100.83331,18.44646],[100.84138,18.44103],[100.84128,18.43709],[100.84583,18.43078],[100.84613,18.42381],[100.84974,18.41547],[100.84838,18.41305],[100.84859,18.40378],[100.84738,18.40011],[100.84798,18.39892],[100.84822,18.39267],[100.84897,18.39079],[100.85153,18.38902],[100.85312,18.38657],[100.85799,18.38357],[100.85684,18.37841],[100.8612,18.37139],[100.86602,18.37178],[100.87134,18.36813],[100.87607,18.36826],[100.8779,18.36685],[100.87793,18.36067],[100.88107,18.3531],[100.88331,18.34318],[100.88578,18.33948],[100.88646,18.33613],[100.89365,18.32859],[100.8935,18.32609],[100.89194,18.32383],[100.89187,18.31577],[100.89052,18.31445],[100.89067,18.31346]]}},{"type":"Feature","properties":{"name":"แม่น้ำน่าน","osm_id":40128696,"direction":"downstream"},"geometry":{"type":"LineString","coordinates":[[100.74984,18.70179],[100.74868,18.69815],[100.75199,18.69448],[100.75639,18.69145],[100.76,18.68779],[100.75993,18.68352],[100.75794,18.68007],[100.75937,18.67572],[100.76179,18.67504],[100.76846,18.67638],[100.7721,18.67434],[100.77273,18.6727],[100.77216,18.67101],[100.76854,18.66759],[100.76701,18.66769],[100.76525,18.66897],[100.76202,18.6691],[100.76006,18.66763],[100.75613,18.66707],[100.7526,18.66454],[100.75635,18.65222],[100.76114,18.64828],[100.76079,18.64664],[100.75291,18.64674],[100.74931,18.64836],[100.74711,18.64834],[100.74513,18.64741],[100.74486,18.64445],[100.74572,18.64224],[100.75201,18.63548],[100.75357,18.63247],[100.75366,18.62912],[100.75053,18.62741],[100.74949,18.62593],[100.75069,18.62282],[100.75292,18.62097],[100.76498,18.61821],[100.76617,18.61694],[100.76476,18.60757],[100.76336,18.60496],[100.76007,18.60148],[100.75903,18.59763],[100.75917,18.59546],[100.7618,18.59305],[100.76561,18.58595],[100.76159,18.58255],[100.75474,18.58179],[100.75291,18.58017],[100.7526,18.5787],[100.75652,18.57402],[100.75729,18.5717],[100.75705,18.56695],[100.75818,18.56526],[100.76044,18.56459],[100.76232,18.56538],[100.76343,18.56659],[100.76419,18.57045],[100.76516,18.57171],[100.76684,18.57211],[100.76915,18.57102],[100.77002,18.56846],[100.76928,18.5648],[100.76706,18.56183],[100.76397,18.56041],[100.76359,18.55822],[100.76458,18.55293],[100.76396,18.55169],[100.76126,18.5498],[100.76114,18.54869],[100.76192,18.547],[100.76544,18.5445],[100.7658,18.54152],[100.76489,18.53753],[100.76683,18.53276],[100.76833,18.53151],[100.77292,18.52997],[100.77537,18.52707],[100.77556,18.525],[100.77425,18.51971],[100.77452,18.51819],[100.7761,18.51662]]}},{"type":"Feature","properties":{"name":"แม่น้ำน่าน","osm_id":40137446,"direction":"downstream"},"geometry":{"type":"LineString","coordinates":[[100.89067,18.31346],[100.88652,18.31051],[100.88391,18.30673],[100.87205,18.2978],[100.86478,18.2963],[100.86338,18.29529],[100.85884,18.29496],[100.85617,18.29625],[100.85302,18.29586],[100.8499,18.29073],[100.84657,18.28787],[100.84449,18.28446],[100.84319,18.27578],[100.84653,18.27117],[100.84772,18.26825],[100.84395,18.26093],[100.84297,18.25695],[100.83931,18.25322],[100.83898,18.25007],[100.83754,18.24756],[100.83646,18.24288],[100.83689,18.23844],[100.83422,18.23358],[100.83031,18.23026],[100.82856,18.22721],[100.82644,18.22586],[100.82016,18.2245],[100.81556,18.22003],[100.81212,18.21413],[100.81168,18.20955],[100.81008,18.20619],[100.81183,18.19394],[100.81347,18.19096],[100.81333,18.18822],[100.81183,18.18319],[100.80898,18.1809],[100.80862,18.17771],[100.81055,18.17198],[100.81055,18.16959],[100.80719,18.1648],[100.80734,18.1597],[100.80982,18.15637],[100.80935,18.15304],[100.80657,18.14964],[100.80026,18.14527],[100.79445,18.13944],[100.79167,18.13281],[100.78338,18.12628],[100.77721,18.11803],[100.7694,18.11341],[100.76772,18.10459],[100.76268,18.1013],[100.75958,18.09585],[100.7446,18.08468],[100.73633,18.08073],[100.73013,18.07101],[100.71748,18.06815],[100.71155,18.05916],[100.70018,18.05695],[100.69489,18.05126],[100.69165,18.05001],[100.6859,18.05157]]}},{"type":"Feature","properties":{"name":"แม่น้ำน่าน","osm_id":40137447,"direction":"downstream"},"geometry":{"type":"LineString","coordinates":[[100.23572,17.63655],[100.22685,17.63953],[100.22209,17.64351],[100.22019,17.6462],[100.21949,17.64804],[100.21947,17.65216],[100.22233,17.66416],[100.21996,17.66717],[100.21782,17.6681],[100.21512,17.66844],[100.21311,17.66787],[100.20772,17.66327],[100.20637,17.66296],[100.20219,17.66383],[100.19562,17.66349],[100.18969,17.66604],[100.18442,17.66565],[100.18257,17.66423],[100.18007,17.66053],[100.17752,17.65963],[100.17202,17.66269],[100.1702,17.66302],[100.16589,17.66686],[100.16219,17.66723],[100.15527,17.66519],[100.1494,17.65873],[100.14468,17.66102],[100.14207,17.66133],[100.1377,17.66029],[100.13567,17.65666],[100.1357,17.65279],[100.13482,17.65099],[100.13172,17.65032],[100.12903,17.64712],[100.12621,17.64542],[100.11682,17.64338],[100.1137,17.6402],[100.11289,17.63617],[100.1132,17.63187],[100.11537,17.62806],[100.11876,17.62491],[100.11939,17.62212],[100.11865,17.61992],[100.11635,17.61864],[100.11366,17.61894],[100.10978,17.62088],[100.10539,17.62607],[100.10299,17.62643],[100.1017,17.62547],[100.10134,17.62091],[100.09896,17.61636],[100.09885,17.61304],[100.09971,17.60909],[100.10206,17.60427],[100.10568,17.59967],[100.10683,17.59362],[100.11135,17.59117],[100.11808,17.5904],[100.12032,17.58942],[100.12354,17.58718],[100.12735,17.58129],[100.1342,17.57903],[100.13536,17.57712],[100.13505,17.57584],[100.12627,17.56726],[100.1242,17.55689],[100.12208,17.55444],[100.11934,17.5539],[100.11256,17.55432],[100.11157,17.5535],[100.11103,17.55181],[100.11165,17.54867],[100.11586,17.54555],[100.11616,17.54331],[100.11361,17.54246],[100.10593,17.54306],[100.10269,17.54237],[100.10114,17.5403],[100.10191,17.53896]]}},{"type":"Feature","properties":{"name":"แม่น้ำน่าน","osm_id":40137448,"direction":"downstream"},"geometry":{"type":"LineString","coordinates":[[100.10191,17.53896],[100.10556,17.535],[100.11261,17.53049],[100.11439,17.52803],[100.11629,17.5227],[100.12222,17.51971],[100.12373,17.51592],[100.1239,17.513],[100.12297,17.50998],[100.11896,17.50749],[100.11819,17.50572],[100.1194,17.49334],[100.12194,17.48637],[100.12205,17.48366],[100.12085,17.48274],[100.11213,17.48442],[100.11062,17.48333],[100.11851,17.46112],[100.12014,17.45928],[100.12319,17.45778],[100.13189,17.45632],[100.13729,17.4562],[100.13975,17.45467],[100.13568,17.4353],[100.1308,17.42992],[100.12939,17.42705],[100.12935,17.4251],[100.13127,17.41987],[100.13077,17.41796],[100.12709,17.41499],[100.11946,17.4117],[100.11718,17.41145],[100.1094,17.41504],[100.10708,17.41533],[100.10187,17.41392],[100.09931,17.41062],[100.09902,17.40786],[100.09984,17.40626],[100.10936,17.40368],[100.11295,17.40143],[100.11401,17.39987],[100.11261,17.39487],[100.10963,17.39248],[100.10509,17.39122],[100.09643,17.39112],[100.09494,17.39006],[100.09497,17.38737],[100.09626,17.38536],[100.10545,17.37643],[100.10492,17.37191],[100.10245,17.37056],[100.09639,17.37135],[100.08834,17.37423],[100.08436,17.37475],[100.08214,17.37452],[100.07921,17.37242],[100.07706,17.37194],[100.07006,17.37471],[100.0684,17.37481],[100.06778,17.37402],[100.06915,17.36902],[100.06679,17.36228],[100.06653,17.34617],[100.06856,17.33737],[100.0667,17.3307],[100.06723,17.32772],[100.06911,17.32456],[100.06904,17.32323],[100.06168,17.31513],[100.06102,17.31407],[100.06086,17.31073],[100.06331,17.30492],[100.06807,17.30115],[100.07417,17.29832],[100.08191,17.29624],[100.083,17.29375],[100.08291,17.29083],[100.08078,17.28463],[100.07304,17.27725],[100.07387,17.27577],[100.08477,17.26656],[100.08683,17.26268],[100.08661,17.25973]]}},{"type":"Feature","properties":{"name":"แม่น้ำน่าน","osm_id":40137449,"direction":"downstream"},"geometry":{"type":"LineString","coordinates":[[100.08661,17.25973],[100.08516,17.25693],[100.08181,17.25318],[100.07962,17.25195],[100.07497,17.25095],[100.06753,17.25057],[100.06281,17.246],[100.06111,17.24079],[100.06222,17.23082],[100.06142,17.2271],[100.05717,17.2218],[100.04932,17.21636],[100.04816,17.21401],[100.04853,17.21125],[100.0497,17.20974],[100.05203,17.20945],[100.05763,17.21321],[100.0595,17.21373],[100.06192,17.21328],[100.06422,17.21153],[100.07023,17.18912],[100.06919,17.18586],[100.06425,17.18302],[100.06588,17.17721],[100.06811,17.17437],[100.07065,17.17257],[100.07531,17.17138],[100.08284,17.17107],[100.08663,17.1684],[100.08788,17.16583],[100.0882,17.15993],[100.09134,17.1574],[100.09164,17.15641],[100.09123,17.15476],[100.08854,17.15265],[100.08945,17.15055],[100.0976,17.14507],[100.10559,17.14105],[100.10835,17.13865],[100.10367,17.13271],[100.10277,17.1294],[100.1032,17.12728],[100.11321,17.12957],[100.1169,17.1287],[100.11849,17.12691],[100.12131,17.12028],[100.12332,17.11829],[100.12622,17.11725],[100.13405,17.11139],[100.1418,17.10408],[100.14549,17.09913],[100.14653,17.09891],[100.14805,17.09993],[100.15086,17.1047],[100.1529,17.10644],[100.1589,17.10294],[100.16332,17.09872],[100.16428,17.09676],[100.16401,17.09386],[100.16086,17.0894],[100.15327,17.08242],[100.15347,17.08176],[100.16147,17.0784],[100.16487,17.07609],[100.17007,17.07849],[100.17429,17.08144],[100.17592,17.08152],[100.17644,17.08092],[100.17648,17.07862],[100.1721,17.07052],[100.17186,17.06844],[100.17386,17.0638],[100.18099,17.05798],[100.18169,17.05367],[100.18058,17.05165],[100.17777,17.05015],[100.17501,17.05012],[100.17217,17.05117]]}},{"type":"Feature","properties":{"name":"แม่น้ำน่าน","osm_id":40137450,"direction":"downstream"},"geometry":{"type":"LineString","coordinates":[[100.19964,17.03084],[100.1989,17.0259],[100.19416,17.01755],[100.19111,17.01643],[100.18452,17.01786],[100.18025,17.01776],[100.17738,17.01604],[100.17692,17.01465],[100.18381,17.0064],[100.19199,17.00075],[100.19206,16.99598],[100.19347,16.98928],[100.19455,16.98911],[100.20033,16.99206],[100.20444,16.99227],[100.20571,16.99116],[100.20777,16.98472],[100.20784,16.98266],[100.20658,16.97852],[100.20085,16.97548],[100.19906,16.96975],[100.20031,16.96845],[100.20427,16.9678],[100.20801,16.96564],[100.21216,16.95649],[100.21246,16.95415],[100.21125,16.95268],[100.20684,16.95071],[100.20314,16.95074],[100.19828,16.9522],[100.19751,16.95077],[100.19777,16.94808],[100.2039,16.9408],[100.20676,16.93002],[100.20827,16.92918],[100.21119,16.93001],[100.21789,16.93425],[100.22015,16.92939],[100.2207,16.9244],[100.2199,16.92115],[100.21841,16.91888],[100.21092,16.91549],[100.20869,16.90735],[100.21596,16.89712],[100.21776,16.89564],[100.2204,16.89581],[100.22662,16.89963],[100.22838,16.89966],[100.22989,16.89911],[100.23134,16.896],[100.23215,16.89123],[100.234,16.88998],[100.23821,16.88903],[100.23972,16.87308],[100.24448,16.86693],[100.24481,16.86539],[100.24425,16.86321],[100.24261,16.86118],[100.23639,16.86011],[100.23288,16.85868],[100.23112,16.85668],[100.23116,16.85376],[100.2333,16.85161],[100.23603,16.85091],[100.24042,16.85127],[100.24602,16.85313],[100.24971,16.85225],[100.25373,16.84725],[100.254,16.84247],[100.25182,16.8381],[100.2516,16.83629],[100.25325,16.83565],[100.25889,16.83832],[100.26153,16.83791],[100.26332,16.83563],[100.26394,16.8304]]}},{"type":"Feature","properties":{"name":"แม่น้ำน่าน","osm_id":40137451,"direction":"downstream"},"geometry":{"type":"LineString","coordinates":[[100.26394,16.8304],[100.26242,16.82642],[100.25858,16.82033],[100.25866,16.8182],[100.26063,16.81509],[100.26024,16.81375],[100.25281,16.8077],[100.25016,16.80664],[100.24236,16.80564],[100.24037,16.80446],[100.23816,16.7986],[100.23619,16.79665],[100.23402,16.79702],[100.23297,16.79812],[100.22901,16.80554],[100.22749,16.80639],[100.22499,16.80553],[100.22218,16.80323],[100.22094,16.80065],[100.22169,16.79463],[100.22093,16.79239],[100.21908,16.79156],[100.21124,16.79183],[100.2101,16.79084],[100.2127,16.78149],[100.21205,16.77705],[100.20971,16.77609],[100.20414,16.77699],[100.20235,16.77528],[100.20274,16.77329],[100.2056,16.77079],[100.21166,16.7697],[100.21337,16.76828],[100.21264,16.76727],[100.20627,16.76509],[100.20494,16.76316],[100.20535,16.76078],[100.21137,16.75343],[100.21351,16.75209],[100.21783,16.75085],[100.22218,16.75165],[100.22393,16.75107],[100.22306,16.74641],[100.22349,16.74512],[100.22561,16.74211],[100.23366,16.73618],[100.2357,16.73083],[100.24318,16.7176],[100.24509,16.71198],[100.24966,16.7112],[100.25814,16.70595],[100.26175,16.70454],[100.26534,16.70133],[100.26922,16.69456],[100.2706,16.68627],[100.27234,16.68096],[100.27515,16.67588],[100.27524,16.67438],[100.27453,16.67345],[100.27254,16.67398],[100.26909,16.67359],[100.26535,16.67211],[100.26353,16.67044],[100.26436,16.6693],[100.27101,16.66904],[100.27364,16.66773],[100.27468,16.66591],[100.27448,16.66359],[100.27318,16.66239],[100.27186,16.66241],[100.26487,16.66564],[100.2555,16.6671],[100.25474,16.66795],[100.25536,16.67174],[100.25995,16.67882],[100.25773,16.68005],[100.25203,16.68008],[100.25106,16.67943],[100.25083,16.67791],[100.2546,16.67546],[100.25511,16.67409],[100.2503,16.67159],[100.2482,16.6692],[100.24819,16.66639],[100.25097,16.66376],[100.25098,16.66288],[100.24997,16.6625],[100.2474,16.6636],[100.24375,16.66362],[100.2411,16.66056],[100.23515,16.6583],[100.23419,16.65668]]}},{"type":"Feature","properties":{"name":"แม่น้ำน่าน","osm_id":40137452,"direction":"downstream"},"geometry":{"type":"LineString","coordinates":[[100.23419,16.65668],[100.23954,16.65094],[100.23929,16.64429],[100.23994,16.64091],[100.24071,16.64059],[100.2426,16.64298],[100.24607,16.64498],[100.24805,16.64474],[100.24949,16.64333],[100.24918,16.63993],[100.24186,16.63419],[100.24173,16.63296],[100.25565,16.62529],[100.25736,16.6231],[100.25686,16.622],[100.25164,16.62061],[100.2496,16.61729],[100.24968,16.61529],[100.25162,16.6104],[100.25238,16.60362],[100.24787,16.59867],[100.24717,16.59685],[100.24895,16.59311],[100.25376,16.59167],[100.25509,16.59061],[100.25513,16.58954],[100.25371,16.58845],[100.25185,16.58822],[100.24687,16.59048],[100.24532,16.58963],[100.24477,16.58777],[100.24611,16.58555],[100.24787,16.58461],[100.25361,16.58408],[100.25412,16.58236],[100.2473,16.58243],[100.2404,16.58469],[100.23906,16.58212],[100.23869,16.5773],[100.2397,16.57624],[100.24161,16.57584],[100.24543,16.57706],[100.2478,16.57545],[100.24755,16.57203],[100.24597,16.56912],[100.24475,16.55804],[100.24642,16.55406],[100.24982,16.55145],[100.25174,16.55097],[100.25349,16.54903],[100.25319,16.54117],[100.25114,16.53414],[100.25138,16.53177],[100.25353,16.53033],[100.25607,16.5307],[100.26095,16.53701],[100.26288,16.53775],[100.26544,16.53737],[100.26671,16.53585],[100.26704,16.53355],[100.26502,16.5269],[100.26544,16.52442],[100.26797,16.52245],[100.27291,16.52175],[100.27429,16.52025],[100.27477,16.51201],[100.27303,16.5025],[100.27372,16.49844]]}},{"type":"Feature","properties":{"name":"แม่น้ำน่าน","osm_id":40137453,"direction":"downstream"},"geometry":{"type":"LineString","coordinates":[[100.27372,16.49844],[100.27475,16.49718],[100.27696,16.49629],[100.28014,16.49725],[100.28242,16.50023],[100.28505,16.50736],[100.28649,16.50755],[100.28866,16.50572],[100.28965,16.5058],[100.291,16.50927],[100.2942,16.50958],[100.30165,16.512],[100.31188,16.51927],[100.3133,16.51946],[100.31715,16.51795],[100.32262,16.51973],[100.32649,16.5183],[100.32759,16.51617],[100.32565,16.51242],[100.3256,16.50947],[100.3245,16.50637],[100.32679,16.50143],[100.32472,16.49824],[100.32519,16.49423],[100.32272,16.49045],[100.32581,16.48624],[100.32635,16.48033],[100.32962,16.47706],[100.33265,16.46562],[100.33361,16.46513],[100.33679,16.46675],[100.33852,16.4659],[100.33925,16.46095],[100.33793,16.45679],[100.3424,16.45108],[100.34299,16.44593],[100.34891,16.44536],[100.35313,16.44115],[100.3588,16.44028],[100.36068,16.43863],[100.36255,16.4292],[100.36809,16.42481],[100.37187,16.41888],[100.37189,16.41456],[100.37324,16.41174],[100.37265,16.40721],[100.37416,16.40428],[100.38256,16.40273],[100.38632,16.3997],[100.38733,16.39789],[100.38671,16.3949],[100.38431,16.39068],[100.38467,16.38691],[100.38312,16.38578],[100.37982,16.38573],[100.37837,16.38406],[100.37888,16.38194],[100.38176,16.38025],[100.38178,16.37844],[100.37879,16.3771],[100.3758,16.37746],[100.37391,16.37673],[100.37244,16.37485],[100.36856,16.37301],[100.36773,16.37119],[100.36915,16.36865],[100.37134,16.36706],[100.37386,16.36677],[100.37887,16.36766],[100.38105,16.3669],[100.38045,16.36202],[100.37844,16.35665],[100.37952,16.35415],[100.38273,16.35252],[100.38302,16.35151],[100.38168,16.35056],[100.37726,16.35093],[100.37484,16.35018],[100.37372,16.34864],[100.37396,16.34647],[100.37646,16.3458],[100.38353,16.34992],[100.38686,16.34722],[100.38819,16.34704],[100.38933,16.3483],[100.38979,16.35155],[100.39117,16.35226],[100.39586,16.35013],[100.3992,16.34598],[100.39876,16.34435],[100.39463,16.34299],[100.39426,16.34154],[100.39612,16.34012],[100.39955,16.34071],[100.40233,16.33408],[100.40057,16.3324],[100.39573,16.33228],[100.39558,16.33063],[100.39745,16.32758],[100.3962,16.32205],[100.39734,16.32084],[100.40253,16.31933],[100.40611,16.30955],[100.40464,16.30635],[100.40499,16.30513],[100.41375,16.29483],[100.41687,16.28823],[100.41739,16.28553],[100.41616,16.27435],[100.40988,16.26477],[100.41102,16.25951],[100.40906,16.25127],[100.41206,16.24688],[100.4121,16.2435],[100.41376,16.24018],[100.41156,16.23613],[100.41157,16.23443],[100.4126,16.23237],[100.42139,16.22267],[100.42161,16.22117],[100.42077,16.21858],[100.41381,16.21368],[100.41225,16.20981],[100.41441,16.20524],[100.4112,16.20176],[100.40763,16.19608],[100.40778,16.19361],[100.40978,16.18983],[100.41041,16.18354],[100.40975,16.1815],[100.40851,16.18019],[100.40356,16.17906],[100.4022,16.17798],[100.40129,16.17575],[100.40155,16.17218],[100.39718,16.16744],[100.39759,16.1638],[100.39504,16.16051],[100.3946,16.15821],[100.39646,16.1552],[100.39919,16.15422],[100.39911,16.15304],[100.39751,16.15219],[100.39012,16.15109],[100.38995,16.14929]]}},{"type":"Feature","properties":{"name":"แม่น้ำน่าน","osm_id":40137455,"direction":"downstream"},"geometry":{"type":"LineString","coordinates":[[100.38995,16.14929],[100.39142,16.14772],[100.39282,16.14752],[100.39437,16.14753],[100.39677,16.14911],[100.3981,16.14902],[100.40067,16.14605],[100.40074,16.14332],[100.40227,16.13839],[100.40048,16.13497],[100.4013,16.1267],[100.39938,16.12283],[100.39964,16.11908],[100.40125,16.11516],[100.40297,16.11399],[100.40524,16.11369],[100.40574,16.1126],[100.40472,16.11166],[100.39739,16.1098],[100.39679,16.10908],[100.39687,16.10818],[100.39942,16.10577],[100.39932,16.10032],[100.39771,16.09768],[100.39795,16.09586],[100.40154,16.09308],[100.40214,16.0912],[100.4007,16.0886],[100.39712,16.0861],[100.39751,16.08066],[100.39221,16.07268],[100.3908,16.06923],[100.38673,16.06585],[100.38274,16.06092],[100.3772,16.05772],[100.37554,16.05546],[100.37523,16.05397],[100.37694,16.0472],[100.37572,16.0389],[100.37724,16.03159],[100.37621,16.0292],[100.37244,16.02545],[100.37017,16.01971],[100.37042,16.01194],[100.3696,16.00964],[100.36892,16.00843],[100.36487,16.00613],[100.36224,16.00336],[100.3591,16.00272],[100.35416,15.99946],[100.3479,15.9987],[100.3436,15.99664],[100.34241,15.99554],[100.34194,15.99298],[100.34338,15.98873],[100.34158,15.98631],[100.33926,15.98595],[100.33517,15.99036],[100.3337,15.99072],[100.32873,15.98861],[100.32548,15.98591],[100.32334,15.98761],[100.32161,15.98777],[100.32121,15.98606],[100.32445,15.98204],[100.32326,15.97712],[100.32479,15.9704],[100.32222,15.96794],[100.31559,15.96705],[100.31467,15.96635],[100.31475,15.96416],[100.31567,15.96311],[100.31983,15.96331],[100.32046,15.96238],[100.31437,15.95611],[100.31485,15.95316],[100.31414,15.95143],[100.31193,15.95121],[100.30647,15.95505],[100.30462,15.95472],[100.3026,15.95264],[100.30157,15.95326],[100.30053,15.9555],[100.29891,15.95533],[100.29758,15.95413]]}},{"type":"Feature","properties":{"name":"แม่น้ำน่าน","osm_id":40137457,"direction":"downstream"},"geometry":{"type":"LineString","coordinates":[[100.29758,15.95413],[100.29825,15.95187],[100.30202,15.94883],[100.30305,15.94689],[100.30301,15.93762],[100.30164,15.93578],[100.29776,15.93762],[100.29649,15.93736],[100.29465,15.93463],[100.29247,15.92713],[100.29862,15.9215],[100.29941,15.9183],[100.2983,15.91147],[100.29858,15.90968],[100.30302,15.90846]]}},{"type":"Feature","properties":{"name":"แม่น้ำปิง","osm_id":40138033,"direction":"downstream"},"geometry":{"type":"LineString","coordinates":[[99.5355,16.39217],[99.53999,16.38943],[99.54626,16.38748],[99.55301,16.38635],[99.56507,16.37835],[99.58494,16.37036],[99.59081,16.36183],[99.60575,16.3609],[99.61573,16.36219],[99.6222,16.35996],[99.62518,16.36006],[99.63631,16.36276],[99.64412,16.3628],[99.65029,16.35782],[99.65398,16.35335],[99.65306,16.34939],[99.65641,16.34485],[99.65759,16.34169],[99.65993,16.3396],[99.66183,16.33537],[99.66863,16.32847],[99.66918,16.3271],[99.66858,16.31773],[99.67375,16.31101],[99.67622,16.30933],[99.68592,16.29769],[99.6884,16.29617],[99.69045,16.29329],[99.69274,16.2882],[99.69109,16.28248],[99.69198,16.279],[99.69128,16.27708],[99.69132,16.26966],[99.69403,16.26377],[99.69372,16.26156],[99.69492,16.2604],[99.70358,16.25915],[99.70791,16.25483],[99.70807,16.25279],[99.7046,16.24486],[99.7051,16.24173],[99.70996,16.23907],[99.71164,16.23891],[99.71738,16.2409],[99.71953,16.24034],[99.72582,16.23669],[99.72893,16.23341],[99.72943,16.22999],[99.72733,16.2249],[99.7223,16.2197],[99.72153,16.21498],[99.72267,16.2131],[99.72794,16.20883],[99.73437,16.20813],[99.73706,16.20924],[99.73945,16.20887],[99.74264,16.20584],[99.746,16.20065],[99.74918,16.19883],[99.75292,16.19835],[99.76301,16.20125],[99.76497,16.20097],[99.76737,16.19952],[99.7708,16.19286],[99.77177,16.18712],[99.77764,16.17807],[99.78143,16.17543],[99.78585,16.1709],[99.78896,16.17074],[99.79522,16.16883],[99.79663,16.16731],[99.79697,16.15629],[99.7976,16.15321],[99.80095,16.1495],[99.80223,16.14615],[99.80196,16.14062],[99.79967,16.13857],[99.79637,16.13737],[99.79212,16.1376],[99.78903,16.13668],[99.78659,16.13432],[99.78586,16.13205],[99.78637,16.13025],[99.78784,16.12874],[99.79147,16.12737],[99.80633,16.13256],[99.80721,16.13242],[99.80979,16.12962],[99.8113,16.1295],[99.81587,16.12657],[99.81711,16.11772],[99.82083,16.11247],[99.82644,16.10912],[99.8363,16.0996],[99.83731,16.0958],[99.8413,16.0889],[99.84195,16.08593],[99.84408,16.08381],[99.84878,16.08213],[99.85116,16.07931],[99.85107,16.07649],[99.85948,16.06612],[99.86034,16.06402],[99.86485,16.06187],[99.86883,16.0612],[99.87164,16.0588]]}},{"type":"Feature","properties":{"name":"แม่น้ำปิง","osm_id":40138034,"direction":"downstream"},"geometry":{"type":"LineString","coordinates":[[99.11784,16.98152],[99.11835,16.97511],[99.11732,16.96592],[99.11646,16.96329],[99.11372,16.95935],[99.10445,16.95459],[99.09913,16.95032],[99.08831,16.94605],[99.08093,16.94014],[99.07867,16.93758],[99.07767,16.92766],[99.07801,16.92487],[99.08127,16.91781],[99.08539,16.91304],[99.09549,16.90661],[99.10103,16.89943],[99.10235,16.8964],[99.10874,16.89218],[99.11303,16.88808],[99.11784,16.88085],[99.12264,16.86787],[99.12476,16.85584],[99.12686,16.85167],[99.12688,16.84939],[99.12837,16.84824],[99.13256,16.84185],[99.13604,16.83946],[99.13731,16.83726],[99.14105,16.82795],[99.14462,16.82218],[99.14604,16.81687],[99.14558,16.81493],[99.14767,16.80807],[99.15399,16.80459],[99.1655,16.79627],[99.17251,16.79264],[99.17763,16.79141],[99.18274,16.78695],[99.18569,16.78626],[99.18705,16.78505],[99.19324,16.7756],[99.19418,16.77188],[99.19724,16.76677],[99.2022,16.76233],[99.20491,16.75776],[99.20725,16.75567],[99.21332,16.75314],[99.21522,16.75129],[99.22156,16.7435],[99.22195,16.74166],[99.2282,16.73286],[99.22881,16.731],[99.23975,16.72439],[99.2526,16.71536],[99.25657,16.70964],[99.26687,16.69957],[99.26999,16.69348],[99.27082,16.69036],[99.26983,16.68661],[99.27045,16.68519],[99.27357,16.6846],[99.27745,16.68572],[99.28068,16.68833],[99.28405,16.6894],[99.28795,16.68832],[99.30102,16.68139],[99.30275,16.67869],[99.3091,16.67523],[99.31407,16.67489],[99.31737,16.67368],[99.32037,16.66979],[99.32592,16.65912],[99.33526,16.65106],[99.34361,16.64875],[99.34549,16.64645],[99.34772,16.64564],[99.35017,16.64588],[99.35751,16.64037],[99.36129,16.63477],[99.36489,16.63329],[99.37525,16.63226],[99.38429,16.63395],[99.38821,16.6365],[99.39755,16.63991],[99.40351,16.6399],[99.40848,16.63779],[99.41623,16.63815],[99.41897,16.63741],[99.42649,16.63383],[99.42852,16.63118],[99.43143,16.62958],[99.43501,16.62483],[99.43737,16.61868],[99.44114,16.61274],[99.44344,16.60474],[99.45128,16.5962],[99.45293,16.58685],[99.4561,16.58228],[99.46134,16.57728],[99.46345,16.57642],[99.46702,16.5735],[99.46814,16.56981],[99.47101,16.56679],[99.47882,16.56294],[99.48,16.56123],[99.48093,16.55926],[99.48145,16.55408],[99.48414,16.54918],[99.48668,16.54637],[99.48786,16.54284],[99.49064,16.53968],[99.49085,16.53416],[99.49495,16.52678],[99.49624,16.51551],[99.49533,16.49948],[99.50473,16.49119],[99.50787,16.48634],[99.51686,16.48018],[99.52317,16.47257],[99.52421,16.47014],[99.52491,16.46314],[99.52118,16.45233],[99.522,16.44711],[99.5248,16.44417],[99.52781,16.44284],[99.53239,16.44151],[99.5377,16.44102],[99.53962,16.43936],[99.5418,16.43538],[99.5425,16.43033],[99.5355,16.42844],[99.52976,16.424],[99.52922,16.42278],[99.53078,16.41674],[99.53413,16.41015],[99.53071,16.40185],[99.53052,16.39701],[99.53152,16.39527],[99.5355,16.39217]]}},{"type":"Feature","properties":{"name":"แม่น้ำปิง","osm_id":40138035,"direction":"downstream"},"geometry":{"type":"LineString","coordinates":[[99.87164,16.0588],[99.87266,16.05539],[99.87147,16.04089],[99.87705,16.03119],[99.87748,16.02764],[99.87588,16.023],[99.87609,16.01747],[99.87539,16.01316],[99.86846,16.00841],[99.86664,16.00452],[99.86678,15.99859],[99.86816,15.9975],[99.87001,15.98927],[99.87315,15.98666],[99.90114,15.97608],[99.9055,15.97131],[99.90762,15.96604],[99.91686,15.95812],[99.92918,15.9563],[99.93316,15.95473],[99.93969,15.9475],[99.9451,15.94321],[99.95321,15.9453],[99.95613,15.9453],[99.95826,15.94413],[99.96473,15.9309],[99.96624,15.92975],[99.96892,15.92938],[99.97325,15.93142],[99.9798,15.93948],[99.98229,15.94023],[99.9853,15.93895],[99.98868,15.93278],[99.99421,15.9273],[99.99555,15.92497],[100.0002,15.92379],[100.00353,15.92179],[100.00597,15.91773],[100.00604,15.91088],[100.00736,15.90886],[100.00789,15.90276],[100.01245,15.89787],[100.0139,15.89437],[100.01662,15.89324],[100.01917,15.89312],[100.02696,15.89675],[100.03054,15.89709],[100.03995,15.89174],[100.05185,15.88209],[100.05394,15.87711],[100.05566,15.87489],[100.0591,15.87255],[100.05969,15.87027],[100.05833,15.86675],[100.05586,15.86347],[100.05389,15.85765],[100.05242,15.85148],[100.05316,15.84714],[100.05696,15.84512],[100.05895,15.84496],[100.06819,15.8472],[100.06955,15.84661],[100.07055,15.84529],[100.07011,15.84113],[100.0706,15.83888],[100.07401,15.83237],[100.07495,15.82841]]}},{"type":"Feature","properties":{"name":"แม่น้ำปิง","osm_id":40141952,"direction":"downstream"},"geometry":{"type":"LineString","coordinates":[[98.70223,17.52975],[98.70178,17.52409],[98.69679,17.51546],[98.69781,17.51064],[98.70131,17.50477],[98.7045,17.50359],[98.70579,17.50038],[98.7041,17.4929],[98.70552,17.48601],[98.70127,17.48133],[98.69994,17.47854],[98.69387,17.47643],[98.68678,17.4692],[98.68271,17.4594],[98.68399,17.45306],[98.68107,17.44744],[98.68267,17.44377],[98.68622,17.44184],[98.69059,17.43455],[98.69107,17.43007],[98.69001,17.42622],[98.69089,17.42452],[98.6942,17.42368],[98.69727,17.4253],[98.71278,17.42636],[98.71965,17.42796],[98.72612,17.43265],[98.73675,17.4425],[98.73878,17.44782],[98.74259,17.45099],[98.74959,17.4515],[98.7619,17.4586],[98.77311,17.47321],[98.77825,17.47541],[98.8007,17.47702],[98.84666,17.46428],[98.86153,17.45512],[98.87626,17.45358],[98.886,17.4421],[98.89505,17.43991],[98.89642,17.43781],[98.89631,17.43099],[98.89232,17.42302],[98.89376,17.41847],[98.90113,17.41493],[98.9019,17.41245],[98.89853,17.40865],[98.9019,17.39359],[98.90013,17.3845],[98.89758,17.3835],[98.891,17.38604],[98.88718,17.38466],[98.88125,17.3769],[98.88017,17.34136],[98.88659,17.32604],[98.90096,17.31426],[98.9094,17.29426],[98.92598,17.24812],[98.93382,17.24296],[98.94814,17.24115],[98.96458,17.24652],[98.96863,17.24554],[98.97153,17.24272]]}},{"type":"Feature","properties":{"name":"แม่น้ำปิง","osm_id":40142967,"direction":"downstream"},"geometry":{"type":"LineString","coordinates":[[98.97147,18.67343],[98.96937,18.66513],[98.96653,18.66333],[98.96414,18.65998],[98.96477,18.65784],[98.9617,18.65454],[98.95928,18.65344],[98.95792,18.65187],[98.95403,18.64472],[98.95446,18.63981],[98.95344,18.63599],[98.9536,18.63321],[98.9566,18.62607],[98.9562,18.62415],[98.95402,18.62196],[98.95445,18.6199],[98.95804,18.61918],[98.95899,18.61754],[98.96595,18.61358],[98.96627,18.61255],[98.96493,18.61039],[98.96507,18.60894],[98.96908,18.60468],[98.96949,18.60273],[98.96467,18.59729],[98.96042,18.59547],[98.95709,18.59213],[98.9561,18.58808],[98.95326,18.58564],[98.95326,18.57929],[98.95211,18.57798],[98.94774,18.57614],[98.94798,18.57118],[98.94502,18.56763],[98.94319,18.56328],[98.94172,18.56276],[98.93834,18.56383],[98.93577,18.5564],[98.93243,18.55416],[98.93354,18.54905],[98.93214,18.54541],[98.93476,18.54257],[98.93335,18.54159],[98.92885,18.54071],[98.92246,18.53591],[98.91753,18.53679],[98.91486,18.53615],[98.90726,18.52881],[98.89753,18.52488],[98.89354,18.52242],[98.88791,18.51743],[98.88164,18.51374],[98.87907,18.51046],[98.87657,18.51104],[98.87394,18.51544],[98.87205,18.51668]]}},{"type":"Feature","properties":{"name":"แม่น้ำปิง","osm_id":40142971,"direction":"downstream"},"geometry":{"type":"LineString","coordinates":[[98.9673,18.99629],[98.96399,18.99411],[98.96116,18.98814],[98.96086,18.98093],[98.96416,18.97663],[98.96635,18.97494],[98.9639,18.97109],[98.96458,18.96912],[98.96533,18.9683],[98.97206,18.96632],[98.97307,18.9651],[98.97344,18.95996],[98.97695,18.95052],[98.97643,18.9471],[98.97498,18.9466],[98.97449,18.94553],[98.97665,18.94008],[98.97794,18.93906],[98.97677,18.93534],[98.97386,18.93241],[98.97049,18.93091],[98.96762,18.93085],[98.96683,18.92972],[98.96883,18.92668],[98.9718,18.92673],[98.97376,18.92497],[98.97156,18.92202],[98.96846,18.9213],[98.96778,18.92026],[98.96975,18.91768],[98.97091,18.91436],[98.97152,18.90801],[98.97574,18.90413],[98.97629,18.90275],[98.97592,18.90085],[98.9728,18.89554],[98.97479,18.89398],[98.97251,18.88937],[98.97488,18.88635],[98.97824,18.87941],[98.97439,18.87345],[98.97351,18.8709],[98.97786,18.86713],[98.97866,18.86445],[98.978,18.86295],[98.97507,18.86117],[98.97446,18.85957],[98.97573,18.85869],[98.9791,18.85915],[98.98123,18.85834],[98.98041,18.85154],[98.98506,18.85159],[98.98607,18.85084],[98.98647,18.84932],[98.98495,18.84594],[98.98541,18.84366],[98.98943,18.83986],[98.992,18.83323],[98.99622,18.83063],[98.99768,18.82873],[98.99756,18.82729],[98.99494,18.82281],[98.99573,18.82108],[99.00115,18.81582],[99.00377,18.80854],[99.00337,18.80033],[99.00015,18.79705],[98.99959,18.79455],[99.00444,18.78784],[99.00461,18.78303],[99.00705,18.77732],[99.00649,18.77584],[99.00327,18.7728],[99.00205,18.77018],[99.00221,18.76807],[99.00432,18.76447],[99.00393,18.76253],[98.99794,18.76071],[98.99561,18.75771],[98.99481,18.75452],[98.98833,18.75144],[98.98806,18.74866],[98.98513,18.74639],[98.98301,18.74066],[98.98097,18.73915],[98.98452,18.73596],[98.98522,18.73366],[98.98487,18.72955],[98.98706,18.72609],[98.98654,18.72237],[98.98697,18.7165],[98.98272,18.70943],[98.98419,18.70584],[98.98412,18.70256],[98.98661,18.69856],[98.98566,18.69503],[98.98729,18.69185],[98.9872,18.69065]]}},{"type":"Feature","properties":{"name":"แม่น้ำท่าจีน","osm_id":40194978,"direction":"downstream"},"geometry":{"type":"LineString","coordinates":[[100.0453,15.08753],[100.04365,15.08604],[100.03941,15.08583],[100.03777,15.08004],[100.0353,15.07901],[100.03418,15.07686],[100.03101,15.07705]]}},{"type":"Feature","properties":{"name":"แม่น้ำท่าจีน","osm_id":40194980,"direction":"downstream"},"geometry":{"type":"LineString","coordinates":[[100.08463,14.78443],[100.08728,14.77998],[100.09348,14.75881],[100.09558,14.7554],[100.09608,14.74967],[100.09812,14.74659],[100.09812,14.74418],[100.09586,14.74167],[100.09461,14.73827],[100.09755,14.73684],[100.10171,14.7371],[100.09979,14.73342],[100.0998,14.73212],[100.10313,14.73102],[100.10257,14.72362]]}},{"type":"Feature","properties":{"name":"แม่น้ำท่าจีน","osm_id":40194983,"direction":"downstream"},"geometry":{"type":"LineString","coordinates":[[100.12809,14.19716],[100.12577,14.19496],[100.12018,14.19198],[100.11872,14.19008],[100.11861,14.18761],[100.12147,14.18211],[100.12032,14.17929],[100.11686,14.17556],[100.11594,14.17359],[100.1162,14.17079],[100.11819,14.16715],[100.12498,14.1643]]}},{"type":"Feature","properties":{"name":"แม่น้ำท่าจีน","osm_id":40194985,"direction":"downstream"},"geometry":{"type":"LineString","coordinates":[[100.19344,13.79662],[100.20576,13.78445],[100.20908,13.78283],[100.2159,13.78315],[100.22296,13.78535],[100.22697,13.7886],[100.22872,13.79296],[100.22993,13.79347],[100.23192,13.79334],[100.23632,13.7915],[100.24139,13.78719],[100.24377,13.78177],[100.24287,13.77775],[100.23932,13.7746],[100.23869,13.77286],[100.23916,13.77089],[100.24079,13.76924],[100.24643,13.76641],[100.25006,13.76583],[100.25585,13.76677],[100.25955,13.77042],[100.26241,13.77501],[100.26589,13.77579],[100.27985,13.77328],[100.28208,13.77256],[100.28353,13.77035],[100.28391,13.7645],[100.28212,13.75835],[100.27974,13.75335],[100.27308,13.74761],[100.26659,13.74397],[100.26278,13.74325],[100.24944,13.74627],[100.24726,13.74719],[100.24231,13.75166],[100.24055,13.75243],[100.23915,13.75253],[100.23588,13.75018],[100.23215,13.74415],[100.23135,13.7394],[100.23391,13.73611],[100.24086,13.73333],[100.2421,13.73129],[100.2426,13.72618],[100.24191,13.72403],[100.23925,13.72144],[100.23548,13.72049],[100.22293,13.72131],[100.21161,13.72447],[100.20819,13.72321],[100.20708,13.72149],[100.20698,13.7191],[100.20962,13.71041],[100.2076,13.70074],[100.20907,13.69763],[100.21729,13.69625],[100.22084,13.69628],[100.22293,13.69731],[100.22427,13.69865],[100.22508,13.70089],[100.22574,13.70811],[100.22651,13.70867],[100.22918,13.70849],[100.2334,13.70676],[100.23902,13.70192],[100.24153,13.6986],[100.24163,13.69537],[100.23919,13.6901],[100.23938,13.68742],[100.24028,13.68612],[100.24431,13.68389],[100.24826,13.68345],[100.25122,13.68448],[100.25414,13.6878],[100.25626,13.68855],[100.25842,13.68731],[100.2602,13.68471]]}},{"type":"Feature","properties":{"name":"แม่น้ำท่าจีน","osm_id":40194986,"direction":"downstream"},"geometry":{"type":"LineString","coordinates":[[100.26749,13.66595],[100.26682,13.66276],[100.26513,13.66099],[100.25678,13.65647],[100.25237,13.65597],[100.25014,13.65671],[100.24883,13.65828],[100.24658,13.66546],[100.24455,13.66673],[100.24261,13.66675],[100.24013,13.66373],[100.24158,13.65625],[100.24126,13.65475],[100.24021,13.65354],[100.23752,13.65286],[100.2358,13.65352],[100.23401,13.65574],[100.23322,13.66217],[100.23076,13.6639],[100.2237,13.66132],[100.2161,13.65661],[100.2137,13.65459],[100.21247,13.65219],[100.21256,13.64414],[100.21365,13.6412],[100.21779,13.63867],[100.22049,13.63881],[100.2233,13.64011],[100.22627,13.64306],[100.23055,13.64464],[100.23179,13.64392],[100.23317,13.64157],[100.23329,13.63374],[100.23177,13.62869],[100.22976,13.62675],[100.22802,13.6261],[100.22441,13.62602],[100.21885,13.62921],[100.21478,13.62981],[100.21296,13.62607],[100.21302,13.62338],[100.21566,13.62024],[100.21754,13.62014],[100.22458,13.62249],[100.2263,13.62212],[100.22719,13.62102],[100.22818,13.61613],[100.228,13.60388],[100.22361,13.59723],[100.22343,13.59585],[100.22543,13.59389],[100.22891,13.59284],[100.23123,13.58982],[100.23066,13.58666],[100.22834,13.58147],[100.22864,13.57926],[100.23373,13.57442],[100.23933,13.5718],[100.24157,13.56375],[100.2429,13.56211],[100.24993,13.56034],[100.25203,13.55785],[100.25315,13.55196],[100.25035,13.54499],[100.24963,13.54],[100.24973,13.53746],[100.25118,13.53522],[100.25524,13.5321],[100.25738,13.53156],[100.26107,13.53187],[100.26401,13.5342],[100.2664,13.5413],[100.26972,13.54368],[100.27227,13.54378],[100.27437,13.54293],[100.27755,13.53989],[100.27816,13.53609],[100.27736,13.53462],[100.27312,13.53243],[100.2692,13.53181],[100.2669,13.53065],[100.26556,13.52932],[100.26509,13.52657],[100.26542,13.52517],[100.26828,13.52149],[100.27654,13.51278],[100.27926,13.50659]]}},{"type":"Feature","properties":{"name":"แม่น้ำเจ้าพระยา","osm_id":40195070,"direction":"downstream"},"geometry":{"type":"LineString","coordinates":[[100.43706,14.72001],[100.44936,14.7044],[100.45148,14.69366],[100.45161,14.6876],[100.45286,14.68521],[100.45963,14.67989],[100.46154,14.6772],[100.46321,14.66562],[100.46626,14.65916],[100.46569,14.65607],[100.46206,14.65427],[100.45922,14.6498],[100.45909,14.64691],[100.46096,14.63902],[100.46045,14.62938],[100.45932,14.62775],[100.45543,14.62484],[100.45436,14.62211],[100.45831,14.6138],[100.46142,14.61105],[100.4638,14.60716],[100.4638,14.60395],[100.46008,14.59909],[100.46208,14.58974],[100.46131,14.58859],[100.45992,14.58845],[100.45746,14.59137],[100.45479,14.5913],[100.45213,14.58994],[100.44819,14.58462],[100.44747,14.57958],[100.44834,14.57672],[100.4518,14.57154],[100.45193,14.57005],[100.4507,14.56768],[100.44454,14.56072],[100.4474,14.55357],[100.44668,14.547],[100.45059,14.54059],[100.45182,14.53712],[100.45105,14.52977],[100.45175,14.5279],[100.45366,14.52734],[100.45682,14.52767],[100.46034,14.52663],[100.46237,14.52543],[100.46368,14.52342],[100.46287,14.51768],[100.45869,14.51315],[100.45905,14.50665],[100.4584,14.50414],[100.45606,14.50247],[100.45257,14.50265],[100.45005,14.50086],[100.44895,14.49454],[100.44675,14.48877],[100.44773,14.4852],[100.45326,14.4802],[100.45794,14.47099],[100.45971,14.44838],[100.46069,14.44608],[100.46174,14.44491],[100.46754,14.4422]]}},{"type":"Feature","properties":{"name":"แม่น้ำเจ้าพระยา","osm_id":40195071,"direction":"downstream"},"geometry":{"type":"LineString","coordinates":[[100.30952,15.06362],[100.30949,15.05992],[100.30518,15.0544],[100.30497,15.05267],[100.30635,15.05106],[100.31076,15.05061],[100.31559,15.04889],[100.32038,15.04494],[100.32496,15.03812],[100.32621,15.02879],[100.33262,15.0217],[100.33286,15.019],[100.32788,15.0114],[100.32789,15.00919],[100.32876,15.00762],[100.33434,15.00263],[100.33605,14.99897],[100.33784,14.98372],[100.34022,14.9798],[100.34837,14.97001],[100.3492,14.96646],[100.34954,14.95617],[100.35067,14.9537],[100.35408,14.9519],[100.35848,14.95272],[100.36102,14.95421],[100.36341,14.95406],[100.36523,14.95284],[100.36701,14.94901],[100.36873,14.93092],[100.37354,14.91769],[100.37493,14.91542],[100.38309,14.91229],[100.3846,14.91099],[100.38561,14.90924],[100.38626,14.90539],[100.38808,14.90344],[100.38979,14.90337],[100.3952,14.90802],[100.39728,14.90878],[100.40017,14.90871],[100.40221,14.90712],[100.40347,14.90442],[100.40188,14.89614],[100.40294,14.89316],[100.4077,14.88722],[100.41,14.88087],[100.41021,14.8771],[100.4084,14.86763],[100.40854,14.86296],[100.40949,14.86052],[100.41652,14.85264],[100.42105,14.85036],[100.43094,14.84718],[100.44035,14.8473],[100.44253,14.84469],[100.44243,14.84108],[100.43976,14.83617],[100.43633,14.8266],[100.43672,14.82287],[100.44017,14.82093],[100.44186,14.81836],[100.44171,14.81542],[100.4386,14.81032],[100.43804,14.80595],[100.43894,14.80416],[100.44244,14.80194],[100.45218,14.79898],[100.45383,14.79677],[100.45386,14.79524],[100.45328,14.79314],[100.44961,14.78841],[100.44603,14.78608],[100.43897,14.78313],[100.43759,14.78115],[100.43761,14.77824],[100.43891,14.77493],[100.44343,14.76946],[100.4452,14.76512],[100.44497,14.762],[100.44246,14.75811],[100.44213,14.75462],[100.44608,14.75287],[100.44816,14.74977],[100.44752,14.74748],[100.4438,14.74491],[100.44206,14.74252],[100.44014,14.73639],[100.43362,14.72742],[100.4335,14.72496],[100.43706,14.72001]]}},{"type":"Feature","properties":{"name":"แม่น้ำป่าสัก","osm_id":40268409,"direction":"downstream"},"geometry":{"type":"LineString","coordinates":[[101.10333,15.13943],[101.09801,15.13507],[101.09565,15.13042],[101.09586,15.12919],[101.09964,15.12546],[101.09978,15.12444],[101.09675,15.11581],[101.09121,15.11261],[101.09148,15.10888],[101.09319,15.10528],[101.09279,15.10308],[101.08828,15.09461],[101.0843,15.08978],[101.08515,15.08805],[101.08858,15.08525],[101.08624,15.08053],[101.08857,15.07636],[101.08775,15.07222],[101.09029,15.07117],[101.08768,15.05573],[101.08659,15.05278],[101.08502,15.05156],[101.07486,15.04851]]}},{"type":"Feature","properties":{"name":"แม่น้ำป่าสัก","osm_id":40268410,"direction":"downstream"},"geometry":{"type":"LineString","coordinates":[[100.61146,14.47041],[100.61039,14.46823],[100.60224,14.46279],[100.59867,14.45888],[100.5979,14.45518],[100.59875,14.4537],[100.60039,14.4528]]}},{"type":"Feature","properties":{"name":"แม่น้ำป่าสัก","osm_id":40268411,"direction":"downstream"},"geometry":{"type":"LineString","coordinates":[[100.71659,14.55794],[100.71766,14.55307],[100.71686,14.54507],[100.71627,14.54456],[100.71391,14.54503],[100.71268,14.54778],[100.71038,14.54875],[100.70893,14.54775],[100.707,14.543]]}},{"type":"Feature","properties":{"name":"แม่น้ำป่าสัก","osm_id":40268412,"direction":"downstream"},"geometry":{"type":"LineString","coordinates":[[100.92803,14.5723],[100.92511,14.56945],[100.92512,14.56209],[100.92379,14.55438],[100.92558,14.55029],[100.9268,14.54036],[100.92256,14.5326],[100.92128,14.53161],[100.91534,14.5317],[100.91063,14.53031],[100.90811,14.53104],[100.90302,14.53857],[100.89592,14.54019],[100.89624,14.54194],[100.90151,14.54466],[100.90122,14.54585],[100.897,14.54759],[100.89339,14.54426],[100.89217,14.54438],[100.88803,14.54867],[100.88686,14.55412],[100.88566,14.55503],[100.8816,14.55154],[100.87558,14.54958],[100.87377,14.54994],[100.86893,14.55322],[100.86809,14.557],[100.86682,14.55861],[100.86367,14.55859],[100.8624,14.55801],[100.86035,14.55521],[100.856,14.55629],[100.84497,14.55182],[100.84156,14.55124],[100.84018,14.55264],[100.8411,14.55679],[100.83971,14.55679],[100.83559,14.55457],[100.83358,14.55489],[100.83165,14.55691],[100.83053,14.56018],[100.82856,14.56268],[100.82653,14.56373],[100.82107,14.56207],[100.82009,14.56256],[100.81822,14.56615],[100.81681,14.56568],[100.8156,14.56263],[100.81274,14.55959],[100.80954,14.56149],[100.80651,14.56108],[100.80585,14.56157],[100.8041,14.56736],[100.80281,14.5675],[100.80117,14.56569],[100.80068,14.56401],[100.80178,14.55977],[100.80083,14.55815],[100.79674,14.55924],[100.79162,14.56276],[100.79032,14.56234],[100.78882,14.55999],[100.78759,14.55999],[100.78613,14.56156],[100.78653,14.56673],[100.78476,14.56779],[100.78276,14.567]]}},{"type":"Feature","properties":{"name":"แม่น้ำป่าสัก","osm_id":40268414,"direction":"downstream"},"geometry":{"type":"LineString","coordinates":[[101.07853,14.71366],[101.078,14.71203],[101.07315,14.70819],[101.07237,14.70536],[101.07259,14.69966],[101.06797,14.69884],[101.06629,14.69897],[101.06408,14.70033],[101.06343,14.69978],[101.0663,14.6932],[101.06586,14.6919],[101.06386,14.69375],[101.05892,14.69374],[101.05841,14.69263],[101.06008,14.69034],[101.05942,14.68936],[101.05244,14.68879],[101.05126,14.68989],[101.05048,14.69459],[101.04833,14.69517],[101.04702,14.69416],[101.04497,14.68867],[101.04151,14.68857],[101.04332,14.68503],[101.04293,14.68394],[101.03799,14.68583],[101.03407,14.6848],[101.03314,14.68622],[101.03283,14.68904],[101.03174,14.69001],[101.03107,14.68908],[101.03055,14.68448],[101.02898,14.68215],[101.02725,14.68084],[101.02442,14.68025],[101.02377,14.67938],[101.0239,14.67512],[101.02245,14.67034],[101.02515,14.66849],[101.02539,14.66475],[101.02808,14.66241],[101.0281,14.65659],[101.02654,14.65472],[101.02236,14.65449],[101.02262,14.65885],[101.01971,14.65894],[101.0189,14.65848],[101.01679,14.65338],[101.01627,14.64945],[101.018,14.64208],[101.01863,14.64015],[101.02164,14.63624],[101.02113,14.63477],[101.017,14.63199],[101.01133,14.62561],[101.01015,14.61684],[101.01247,14.59799],[101.00833,14.59114],[100.99989,14.59462],[100.99685,14.59448],[100.98964,14.59804],[100.98267,14.59489],[100.98181,14.59115],[100.9801,14.58923],[100.97742,14.5897],[100.97595,14.59247],[100.9733,14.59334],[100.96919,14.59274],[100.96535,14.58884],[100.96171,14.58753],[100.96103,14.58682],[100.96097,14.58486],[100.96531,14.58204],[100.96604,14.58057],[100.96519,14.57882],[100.96234,14.57752],[100.96184,14.57633],[100.96218,14.56545],[100.96464,14.56108],[100.96115,14.55975],[100.95802,14.55358],[100.9531,14.55275],[100.9511,14.55389],[100.95307,14.55856],[100.95734,14.56362],[100.9569,14.56632],[100.95544,14.56644],[100.95389,14.56509],[100.95222,14.56034],[100.94964,14.55687],[100.94739,14.55564],[100.945,14.55542],[100.94084,14.55793],[100.93967,14.56034],[100.93563,14.5606],[100.93505,14.56117],[100.93158,14.56994],[100.92937,14.57249],[100.92803,14.5723]]}},{"type":"Feature","properties":{"name":"แม่น้ำลพบุรี","osm_id":40550549,"direction":"downstream"},"geometry":{"type":"LineString","coordinates":[[100.59174,14.65876],[100.58864,14.65687],[100.5824,14.65577],[100.57987,14.65431],[100.57615,14.65693]]}},{"type":"Feature","properties":{"name":"แม่น้ำมูล","osm_id":42202275,"direction":"downstream"},"geometry":{"type":"LineString","coordinates":[[102.57556,15.30795],[102.57713,15.30661],[102.5776,15.30494],[102.58003,15.306],[102.58042,15.30551],[102.57934,15.30394],[102.58263,15.30308],[102.58257,15.30048],[102.58678,15.3011],[102.58779,15.30175],[102.58742,15.30356],[102.59252,15.30542],[102.59353,15.30782],[102.59456,15.30853],[102.59607,15.30803],[102.59751,15.31016],[102.59748,15.31138],[102.59646,15.31249],[102.59546,15.31096],[102.59483,15.31184],[102.59479,15.31285],[102.59591,15.31357],[102.59582,15.31547],[102.59453,15.31704],[102.59567,15.32047],[102.59734,15.3204],[102.59841,15.31839],[102.60144,15.31932],[102.60289,15.31827],[102.60365,15.31938],[102.60335,15.32021],[102.60175,15.32074],[102.60178,15.32166],[102.6027,15.32189],[102.6037,15.3208],[102.60454,15.32089],[102.60576,15.32289],[102.60499,15.32484],[102.60606,15.32483],[102.60776,15.32292],[102.60988,15.3235],[102.61047,15.32297],[102.6116,15.32427],[102.61003,15.32671],[102.61092,15.32724],[102.61458,15.32609],[102.61531,15.32855],[102.61735,15.32813],[102.61794,15.32828],[102.61796,15.32949],[102.61935,15.32933]]}},{"type":"Feature","properties":{"name":"แม่น้ำมูล","osm_id":42202278,"direction":"downstream"},"geometry":{"type":"LineString","coordinates":[[102.90297,15.37916],[102.9043,15.37683],[102.90732,15.37481],[102.9068,15.3743],[102.90996,15.37455],[102.91078,15.374],[102.91056,15.37079],[102.91267,15.3705],[102.9132,15.36968],[102.91204,15.36896],[102.91189,15.36688],[102.91097,15.3662],[102.91192,15.36443],[102.91645,15.36269],[102.91595,15.36592],[102.91669,15.36771],[102.91751,15.36882],[102.91922,15.36864],[102.92078,15.36742],[102.92267,15.36233],[102.92438,15.36226],[102.9242,15.36459],[102.92271,15.3667],[102.9233,15.36817],[102.92787,15.36824],[102.92981,15.37036],[102.93152,15.37043],[102.93375,15.36867],[102.93542,15.36867],[102.93739,15.36975],[102.93817,15.37147],[102.93795,15.37412],[102.93887,15.37487],[102.94144,15.37426],[102.94207,15.37484],[102.93954,15.38097],[102.94003,15.38351],[102.94155,15.3844],[102.94389,15.3839],[102.94556,15.38172],[102.94876,15.38247],[102.94909,15.38079],[102.94987,15.38075],[102.95192,15.38326],[102.9551,15.38273]]}},{"type":"Feature","properties":{"name":"แม่น้ำมูล","osm_id":42202281,"direction":"downstream"},"geometry":{"type":"LineString","coordinates":[[103.35087,15.34669],[103.35315,15.34449],[103.35524,15.34414],[103.36035,15.34568],[103.36152,15.34515],[103.36159,15.34283],[103.35992,15.33962],[103.36048,15.33832],[103.36565,15.33778],[103.36879,15.33998],[103.37119,15.34022],[103.37452,15.33927],[103.37747,15.33701],[103.38074,15.32911],[103.38634,15.32614],[103.38763,15.32442],[103.38573,15.3205],[103.38634,15.31848],[103.39607,15.31361],[103.4006,15.31456],[103.40294,15.30892],[103.4039,15.30852],[103.40669,15.30993],[103.40897,15.31415],[103.41107,15.31432],[103.41328,15.31052],[103.4147,15.31052],[103.41655,15.31355],[103.41685,15.31599],[103.41889,15.3167],[103.42474,15.31557],[103.42591,15.31355],[103.42597,15.3091],[103.42732,15.30838],[103.42973,15.30874],[103.43077,15.31034],[103.43126,15.31593],[103.42923,15.31872],[103.4288,15.32098],[103.434,15.32169],[103.43542,15.32258],[103.43591,15.32424],[103.4353,15.32597],[103.43308,15.32763],[103.43247,15.32929],[103.43579,15.33535],[103.43721,15.336],[103.43899,15.33547],[103.44022,15.33416],[103.44115,15.33125],[103.44293,15.33066],[103.44466,15.33137],[103.44577,15.33339],[103.44823,15.3347],[103.45069,15.33487],[103.451,15.33553],[103.44909,15.33784],[103.44226,15.33814],[103.44152,15.34034],[103.44373,15.3442],[103.44534,15.34521],[103.45143,15.34372],[103.45178,15.33799],[103.45341,15.33683],[103.45915,15.3354],[103.46279,15.3376],[103.46385,15.33957]]}},{"type":"Feature","properties":{"name":"แม่น้ำมูล","osm_id":42203326,"direction":"downstream"},"geometry":{"type":"LineString","coordinates":[[102.23936,14.93262],[102.24092,14.93225],[102.24224,14.93375],[102.24092,14.93667],[102.24259,14.93776],[102.23966,14.93902],[102.24119,14.93979],[102.24007,14.94073],[102.2409,14.94176],[102.23905,14.94393],[102.2411,14.9442],[102.24001,14.94579],[102.24181,14.94752],[102.24116,14.94893],[102.24234,14.952],[102.24115,14.95317],[102.24329,14.95427],[102.24196,14.95616],[102.24386,14.95632],[102.24416,14.95754],[102.24287,14.95847],[102.24441,14.95988],[102.24374,14.9609],[102.244,14.9621],[102.24254,14.96168],[102.24293,14.96323],[102.24157,14.9635],[102.24111,14.96474],[102.23986,14.96439],[102.23899,14.96571],[102.23933,14.96703],[102.23768,14.96598],[102.23695,14.96649],[102.23904,14.97104],[102.24052,14.97054],[102.23951,14.97294],[102.24103,14.97349],[102.24114,14.97517],[102.24353,14.97502],[102.24313,14.9769],[102.24112,14.97568],[102.24001,14.97693],[102.24069,14.97788],[102.24191,14.97743],[102.24272,14.97818],[102.2421,14.97929],[102.24316,14.98176],[102.24162,14.98215],[102.24254,14.98456],[102.24123,14.98409],[102.24076,14.98457],[102.24252,14.98613]]}},{"type":"Feature","properties":{"name":"แม่น้ำลพบุรี","osm_id":47271088,"direction":"downstream"},"geometry":{"type":"LineString","coordinates":[[100.57704,14.37074],[100.57421,14.36733]]}},{"type":"Feature","properties":{"name":"แม่น้ำลพบุรี","osm_id":47292011,"direction":"downstream"},"geometry":{"type":"LineString","coordinates":[[100.57583,14.3662],[100.57993,14.36399]]}},{"type":"Feature","properties":{"name":"แม่น้ำชี","osm_id":48741815,"direction":"downstream"},"geometry":{"type":"LineString","coordinates":[[103.90761,15.90109],[103.90975,15.8987],[103.93419,15.88895],[103.93703,15.88602],[103.9394,15.87876],[103.94153,15.87568],[103.9465,15.87292],[103.95359,15.87226]]}},{"type":"Feature","properties":{"name":"แม่น้ำชี","osm_id":48741816,"direction":"downstream"},"geometry":{"type":"LineString","coordinates":[[103.88794,16.08257],[103.89912,16.06839],[103.90331,16.06107]]}},{"type":"Feature","properties":{"name":"แม่น้ำชี","osm_id":48741817,"direction":"downstream"},"geometry":{"type":"LineString","coordinates":[[103.69626,16.2201],[103.69407,16.2215],[103.69106,16.22208],[103.69007,16.2231],[103.69023,16.22487],[103.6916,16.22545],[103.69406,16.22357],[103.70185,16.22252],[103.71252,16.21864],[103.71566,16.21847],[103.72173,16.22082],[103.72731,16.21973],[103.73103,16.21524],[103.73713,16.21301],[103.74448,16.20523],[103.75161,16.2019],[103.75155,16.19992],[103.74833,16.19505],[103.74865,16.19332],[103.7512,16.19059],[103.7539,16.18945],[103.75725,16.19016],[103.75929,16.19163],[103.7618,16.19584],[103.7644,16.19623],[103.76657,16.19292],[103.77082,16.18881],[103.76955,16.18406],[103.77,16.18214],[103.77387,16.18006]]}},{"type":"Feature","properties":{"name":"แม่น้ำชี","osm_id":48741820,"direction":"downstream"},"geometry":{"type":"LineString","coordinates":[[103.00424,16.30341],[103.0088,16.29994],[103.01564,16.30646],[103.01794,16.30759],[103.02041,16.3075],[103.02721,16.29792],[103.03333,16.29356],[103.0455,16.29085],[103.04726,16.29138],[103.04912,16.29487],[103.05498,16.29177],[103.05771,16.28942],[103.05842,16.28789],[103.05745,16.28501],[103.05802,16.28299],[103.05915,16.28209],[103.06226,16.28239],[103.06344,16.28152],[103.06274,16.27772],[103.06798,16.27004],[103.06806,16.26612],[103.0661,16.26205],[103.06915,16.26043],[103.07033,16.25857],[103.06889,16.25419],[103.06936,16.253],[103.07494,16.25059],[103.08263,16.24571],[103.0919,16.24202],[103.09264,16.24039],[103.0923,16.23838],[103.09112,16.23723],[103.08808,16.23627],[103.08841,16.2342],[103.09522,16.23151],[103.09768,16.23292],[103.10519,16.23266],[103.10821,16.23554],[103.10978,16.23612],[103.11113,16.23277],[103.1109,16.23166],[103.10868,16.22946]]}},{"type":"Feature","properties":{"name":"แม่น้ำชี","osm_id":48741821,"direction":"downstream"},"geometry":{"type":"LineString","coordinates":[[102.93786,16.37701],[102.94325,16.37748],[102.94599,16.37661],[102.94601,16.37047],[102.95012,16.36567],[102.95192,16.361],[102.95134,16.35879],[102.94989,16.35831],[102.94213,16.36128],[102.94104,16.35968],[102.94357,16.35568],[102.94981,16.35357],[102.95178,16.35411],[102.95677,16.35843],[102.95982,16.35857],[102.96124,16.35683],[102.96165,16.35346],[102.96022,16.35182],[102.95666,16.35002],[102.95669,16.34921],[102.95924,16.34763],[102.96852,16.34651],[102.96935,16.34521],[102.9672,16.34316],[102.96775,16.34136],[102.97156,16.34077],[102.97758,16.33707],[102.98288,16.33695],[102.98359,16.33463],[102.97894,16.33018],[102.97858,16.32889],[102.97906,16.32774],[102.98078,16.32692],[102.98294,16.32337],[102.98497,16.32362],[102.98775,16.32663],[102.99117,16.32712],[102.99113,16.32832],[102.98953,16.33049],[102.99083,16.33158],[102.99319,16.33052],[102.9957,16.32723],[103.00062,16.32494],[103.00081,16.32426],[102.99952,16.32289],[102.99511,16.32141],[102.99353,16.31662],[102.99221,16.31694],[102.99025,16.32003],[102.98875,16.31973],[102.98835,16.31744],[102.98945,16.31218],[102.99148,16.30969],[103.00424,16.30341]]}},{"type":"Feature","properties":{"name":"แม่น้ำชี","osm_id":48741822,"direction":"downstream"},"geometry":{"type":"LineString","coordinates":[[102.77561,16.2924],[102.77732,16.29289],[102.77777,16.2939],[102.77913,16.30727],[102.77767,16.31373],[102.77731,16.3198],[102.77301,16.32061],[102.77204,16.32143],[102.77205,16.32275],[102.77291,16.32382],[102.7781,16.32482],[102.7797,16.32648],[102.7827,16.32234],[102.78368,16.32216],[102.79167,16.33502],[102.79158,16.33799],[102.79317,16.34086],[102.793,16.34505],[102.79228,16.34669],[102.78872,16.34941],[102.78714,16.35389],[102.78777,16.35468],[102.7911,16.35416],[102.79067,16.35701],[102.79121,16.35836],[102.79364,16.35831],[102.79693,16.36156],[102.79974,16.36211],[102.80038,16.36366],[102.80113,16.36366],[102.80191,16.36253],[102.80178,16.36082],[102.79961,16.35883],[102.79987,16.35687],[102.79794,16.35616],[102.79866,16.35485],[102.80178,16.35588],[102.80993,16.35556],[102.81308,16.35711],[102.8178,16.35784],[102.82429,16.35789],[102.82693,16.36139],[102.82911,16.36294],[102.82842,16.36353],[102.824,16.36364],[102.8232,16.36622],[102.82137,16.36645],[102.82137,16.36747],[102.82225,16.36806],[102.82655,16.36685],[102.82798,16.36752],[102.82938,16.36963],[102.8333,16.36912],[102.83773,16.37105],[102.84031,16.37121],[102.84232,16.36891],[102.84301,16.36925],[102.84363,16.37317],[102.84492,16.3739],[102.84695,16.37404],[102.84817,16.37307],[102.85086,16.37459],[102.85321,16.37404],[102.85459,16.37558],[102.85921,16.37603],[102.85991,16.37837],[102.86092,16.37826],[102.86257,16.37665],[102.86623,16.37591],[102.867,16.37277],[102.86924,16.37244],[102.87171,16.37058],[102.87372,16.37005],[102.87616,16.36778],[102.87832,16.36786],[102.87943,16.37061],[102.88067,16.3707],[102.88335,16.36894],[102.88598,16.37015],[102.88722,16.37152],[102.88951,16.37018],[102.89076,16.37036],[102.89193,16.37185],[102.8915,16.37275],[102.88978,16.37346],[102.88468,16.37821],[102.88329,16.37804],[102.88245,16.37881],[102.88245,16.37993],[102.88496,16.38139],[102.8826,16.38265],[102.88211,16.3837],[102.88276,16.38444],[102.88581,16.38416],[102.88631,16.38472],[102.88596,16.38648],[102.88666,16.38722],[102.88923,16.3875],[102.88864,16.38967],[102.89033,16.39041]]}},{"type":"Feature","properties":{"name":"แม่น้ำชี","osm_id":48741823,"direction":"downstream"},"geometry":{"type":"LineString","coordinates":[[102.67019,16.22411],[102.66857,16.22517],[102.66611,16.22847],[102.66727,16.2292],[102.67289,16.22947],[102.67411,16.23232],[102.67515,16.23288],[102.67681,16.23179],[102.67534,16.23011],[102.67684,16.23004],[102.67846,16.23362],[102.67639,16.23454],[102.67611,16.23596],[102.67827,16.23549],[102.68022,16.23405],[102.68048,16.23124],[102.68157,16.23097],[102.68233,16.2291],[102.68249,16.22568],[102.68542,16.22299],[102.68615,16.2231],[102.68645,16.22603],[102.68827,16.22915],[102.6922,16.22776],[102.69368,16.22817],[102.69328,16.22977],[102.68921,16.23575],[102.68831,16.23889],[102.68635,16.24075],[102.6862,16.24402],[102.68671,16.24424]]}},{"type":"Feature","properties":{"name":"แม่น้ำชี","osm_id":48741824,"direction":"downstream"},"geometry":{"type":"LineString","coordinates":[[102.58202,16.08795],[102.58284,16.0894],[102.58005,16.0917],[102.57998,16.0948],[102.57461,16.09115],[102.57335,16.09105],[102.57188,16.09524],[102.56993,16.09713],[102.56953,16.09869],[102.5726,16.10784],[102.57783,16.10867],[102.58209,16.1108],[102.58224,16.11128],[102.57721,16.11201],[102.57576,16.11313],[102.57794,16.11519],[102.57816,16.117],[102.57938,16.11859],[102.58049,16.11847],[102.58147,16.11476],[102.58306,16.1157],[102.58414,16.11861],[102.58098,16.11926],[102.58006,16.12096],[102.58092,16.122],[102.58442,16.1226],[102.58511,16.12633],[102.58656,16.12798],[102.58649,16.12975],[102.58971,16.12844],[102.58679,16.12629],[102.58758,16.12487],[102.59178,16.12409],[102.59396,16.12543],[102.59623,16.1244],[102.59638,16.12365],[102.59346,16.12235],[102.59406,16.11993],[102.59558,16.12025],[102.59646,16.12164],[102.60129,16.12074],[102.60379,16.12223],[102.60406,16.12379],[102.60072,16.12574],[102.60029,16.12699],[102.60189,16.12808],[102.605,16.12665],[102.60598,16.12986],[102.60897,16.13154],[102.61052,16.13103],[102.60856,16.12939],[102.60868,16.12789],[102.61071,16.12691],[102.61351,16.12719],[102.61525,16.1287],[102.61511,16.13163],[102.61643,16.13431],[102.61794,16.13381],[102.62094,16.13114],[102.62011,16.1266],[102.62164,16.12614],[102.62627,16.12934],[102.62583,16.13055],[102.62194,16.13111],[102.62576,16.13444],[102.62646,16.13645],[102.62652,16.139],[102.62387,16.13801],[102.62287,16.13857],[102.62413,16.14264],[102.63036,16.14017],[102.63364,16.14537]]}},{"type":"Feature","properties":{"name":"แม่น้ำชี","osm_id":48741825,"direction":"downstream"},"geometry":{"type":"LineString","coordinates":[[102.63364,16.14537],[102.63449,16.14541],[102.63529,16.14079],[102.6347,16.14027],[102.63334,16.14083],[102.63318,16.14006],[102.63808,16.13673],[102.63917,16.13671],[102.6396,16.13967],[102.64294,16.14036],[102.64394,16.14396],[102.64632,16.14507],[102.64686,16.1462],[102.64358,16.14834],[102.64436,16.15231],[102.64498,16.15273],[102.64651,16.15173],[102.64735,16.15327],[102.64516,16.15593],[102.64498,16.15768],[102.64812,16.15602],[102.65082,16.1569],[102.65095,16.1579],[102.64914,16.15849],[102.64802,16.15983],[102.64926,16.16077],[102.65349,16.16144],[102.65544,16.16582],[102.65691,16.16526],[102.65754,16.16311],[102.65873,16.16274],[102.66065,16.16355],[102.6623,16.16562],[102.66198,16.16638],[102.65788,16.16747],[102.65593,16.17052],[102.65668,16.17392],[102.6597,16.1758],[102.65836,16.17719],[102.66155,16.17769],[102.66482,16.17442],[102.66617,16.17408],[102.66787,16.17538],[102.66668,16.17753],[102.66716,16.17865],[102.67264,16.17831],[102.67348,16.17962],[102.672,16.18159],[102.66954,16.18007],[102.66824,16.18057],[102.66859,16.18343],[102.66979,16.18491],[102.66925,16.18694],[102.67264,16.18649],[102.67315,16.18482],[102.67388,16.18461],[102.67651,16.18516],[102.67514,16.18902],[102.67724,16.18827],[102.67827,16.18615],[102.67937,16.18544],[102.6807,16.18544],[102.68194,16.18701]]}},{"type":"Feature","properties":{"name":"แม่น้ำชี","osm_id":48741826,"direction":"downstream"},"geometry":{"type":"LineString","coordinates":[[102.44605,16.05343],[102.44609,16.05412],[102.44734,16.05408],[102.45082,16.0568],[102.45322,16.05642],[102.45446,16.05828],[102.45747,16.05732],[102.46449,16.06024],[102.46934,16.05682],[102.4764,16.05389],[102.47901,16.05098],[102.48041,16.05075],[102.48215,16.05373],[102.48104,16.06234],[102.48219,16.06355],[102.48698,16.06286],[102.48958,16.06354],[102.48939,16.06853],[102.49001,16.07014],[102.49247,16.07308],[102.49791,16.07711],[102.50644,16.07659],[102.51302,16.07722],[102.5131,16.08427],[102.51371,16.08706],[102.51454,16.08778],[102.5227,16.08575],[102.52553,16.08375],[102.52851,16.08272],[102.53112,16.07907],[102.54147,16.07267],[102.54649,16.07398],[102.54975,16.07663],[102.54935,16.07745],[102.54556,16.07831],[102.5424,16.078],[102.53825,16.08052],[102.53811,16.08114],[102.53907,16.08158],[102.54169,16.082],[102.5423,16.08275],[102.5419,16.08399],[102.5429,16.08444],[102.54595,16.08427],[102.55501,16.08854],[102.56049,16.08878],[102.56716,16.09019],[102.56988,16.09019],[102.57428,16.08795],[102.57643,16.08788],[102.57822,16.08922],[102.58041,16.08909],[102.58084,16.08805],[102.58202,16.08795]]}},{"type":"Feature","properties":{"name":"แม่น้ำมูล","osm_id":48741827,"direction":"downstream"},"geometry":{"type":"LineString","coordinates":[[104.71442,15.18254],[104.71767,15.18093],[104.72012,15.18094],[104.74352,15.19857],[104.76017,15.21528],[104.77188,15.23216],[104.78029,15.23911],[104.78529,15.24146],[104.78907,15.24205],[104.79438,15.24128],[104.80766,15.23602],[104.81267,15.23181],[104.81536,15.2274],[104.81572,15.2241],[104.81444,15.22069],[104.81243,15.21798],[104.80895,15.21634],[104.79816,15.21557],[104.79499,15.21445],[104.79269,15.21257],[104.79212,15.21101],[104.7926,15.20849],[104.79359,15.20775],[104.80407,15.20653],[104.81734,15.20567],[104.8318,15.20574],[104.8401,15.20786],[104.84209,15.20943],[104.84523,15.21236],[104.84825,15.21943],[104.85065,15.22313],[104.85307,15.22365],[104.86002,15.22258],[104.87236,15.22335],[104.87967,15.22637],[104.88978,15.23359],[104.89288,15.23418],[104.8985,15.23366],[104.91656,15.22632],[104.92401,15.22652],[104.93088,15.23224],[104.93543,15.23413],[104.94564,15.23677],[104.98352,15.26429],[104.99842,15.27827],[105.00494,15.28131],[105.01182,15.28188],[105.01651,15.27981],[105.02385,15.27357],[105.02651,15.27345],[105.03138,15.2779],[105.04366,15.28362],[105.05771,15.28417],[105.06138,15.28526],[105.07465,15.29106],[105.08531,15.2981],[105.10355,15.30606],[105.11259,15.30677],[105.13596,15.30374],[105.15011,15.30797],[105.16488,15.30842],[105.17227,15.31008],[105.18029,15.31332],[105.18395,15.31332],[105.19067,15.31142],[105.20446,15.30503],[105.20803,15.30141],[105.23343,15.25234],[105.24663,15.2472],[105.2494,15.23835],[105.25332,15.23524],[105.25915,15.23396],[105.26734,15.22861],[105.27657,15.22839],[105.28101,15.2314],[105.28891,15.25054],[105.29722,15.25717],[105.30028,15.25789],[105.30305,15.25967],[105.30599,15.26368],[105.30668,15.26869],[105.30778,15.26991],[105.31066,15.27097],[105.32053,15.27197],[105.33108,15.27609],[105.33131,15.28504],[105.34268,15.289],[105.35641,15.28928],[105.36316,15.29134],[105.37138,15.29646],[105.39102,15.30469],[105.40677,15.3043],[105.41589,15.29512],[105.42239,15.29112],[105.43175,15.28049],[105.43827,15.26757],[105.44392,15.26463],[105.44912,15.26513],[105.45131,15.26585],[105.45465,15.2698],[105.45835,15.26969],[105.46181,15.27114],[105.46771,15.27857],[105.46902,15.28238],[105.4674,15.28861],[105.46769,15.29473],[105.47318,15.29865],[105.47361,15.30045],[105.47729,15.30096],[105.48298,15.30052],[105.48655,15.30174],[105.48944,15.30441],[105.49208,15.30916],[105.49423,15.31103],[105.4998,15.31276],[105.50537,15.31579],[105.508,15.31863]]}},{"type":"Feature","properties":{"name":"แม่น้ำมูล","osm_id":48742281,"direction":"downstream"},"geometry":{"type":"LineString","coordinates":[[103.10013,15.4328],[103.10068,15.43007],[103.09492,15.42819],[103.09039,15.4245],[103.0896,15.4226],[103.0899,15.41948],[103.09195,15.41751],[103.09603,15.41697],[103.10673,15.40956]]}},{"type":"Feature","properties":{"name":"แม่น้ำมูล","osm_id":48742282,"direction":"downstream"},"geometry":{"type":"LineString","coordinates":[[103.05078,15.45279],[103.05348,15.4524],[103.05724,15.44921],[103.05731,15.4476],[103.05133,15.44456],[103.05274,15.43929],[103.05627,15.43782],[103.05716,15.43614],[103.05627,15.43463],[103.05742,15.43359],[103.05843,15.43385],[103.06047,15.43682],[103.05988,15.43865],[103.05802,15.4394],[103.05805,15.44079],[103.06092,15.44234],[103.06355,15.43983],[103.06352,15.43879],[103.06207,15.43793],[103.06207,15.43155],[103.06846,15.42643],[103.07024,15.4269],[103.07006,15.43073],[103.07177,15.43137],[103.07247,15.4299],[103.07195,15.42872],[103.07284,15.42779],[103.07481,15.42872],[103.08117,15.42847],[103.08646,15.427],[103.08709,15.4276],[103.08726,15.43013],[103.08573,15.43127],[103.08217,15.43191],[103.08167,15.43342],[103.08232,15.43465],[103.08391,15.43555],[103.08981,15.43193],[103.09259,15.43226],[103.09389,15.43413],[103.0931,15.43754],[103.09376,15.4385],[103.09626,15.43805],[103.09885,15.43366],[103.10013,15.4328]]}},{"type":"Feature","properties":{"name":"แม่น้ำมูล","osm_id":48742283,"direction":"downstream"},"geometry":{"type":"LineString","coordinates":[[102.7491,15.36511],[102.75018,15.3664],[102.74961,15.3727],[102.75068,15.37313],[102.75088,15.3776],[102.75443,15.3799],[102.75675,15.38036],[102.75548,15.38469],[102.75629,15.38593],[102.7581,15.38637],[102.75798,15.38422],[102.75897,15.38338],[102.76243,15.38323],[102.7656,15.38521],[102.76677,15.3841],[102.76701,15.38251],[102.76797,15.3826],[102.76737,15.38698],[102.7683,15.3875],[102.76912,15.38677],[102.77165,15.38675],[102.77138,15.38799],[102.77306,15.38895],[102.77511,15.38611],[102.7786,15.38483],[102.77986,15.38074],[102.78131,15.38071],[102.78284,15.38146],[102.78317,15.38231],[102.78176,15.38451],[102.78363,15.38619],[102.7845,15.38605],[102.78528,15.38309],[102.78929,15.38283],[102.79148,15.38172],[102.79199,15.38286],[102.78956,15.38558],[102.79154,15.38852],[102.79251,15.38843],[102.79446,15.38643],[102.79404,15.38445],[102.79482,15.38321],[102.79934,15.38489],[102.79946,15.38416],[102.7975,15.38274],[102.80292,15.37676],[102.80677,15.3776],[102.80738,15.37859],[102.80644,15.38236],[102.8075,15.38312],[102.80933,15.38283],[102.81033,15.38146],[102.80924,15.37929],[102.81006,15.37795],[102.81123,15.37795],[102.81415,15.38141],[102.81638,15.3826],[102.81758,15.38251],[102.81854,15.3812],[102.82478,15.38361],[102.82444,15.38651],[102.82592,15.38738],[102.82773,15.38759],[102.82872,15.3868],[102.8289,15.38541],[102.83185,15.38524],[102.83483,15.38686],[102.83549,15.38799],[102.83341,15.38939],[102.83284,15.39061],[102.83347,15.39197],[102.83498,15.3929],[102.8354,15.39566],[102.8373,15.3976],[102.8387,15.40486]]}},{"type":"Feature","properties":{"name":"แม่น้ำมูล","osm_id":48742284,"direction":"downstream"},"geometry":{"type":"LineString","coordinates":[[102.8387,15.40486],[102.83927,15.40526],[102.84105,15.4041],[102.84297,15.40398],[102.84481,15.40538],[102.84631,15.40555],[102.84646,15.40163],[102.84776,15.40085],[102.8489,15.40088],[102.85041,15.40216],[102.85158,15.40166],[102.85101,15.3996],[102.85498,15.39888],[102.85721,15.39592],[102.85721,15.39449],[102.85531,15.39206],[102.857,15.39055],[102.86016,15.39098],[102.86007,15.39351],[102.85865,15.39447],[102.86097,15.39629],[102.86206,15.39447],[102.86197,15.39272],[102.86503,15.38985],[102.86604,15.391],[102.86726,15.39085],[102.87176,15.38727],[102.87596,15.3862],[102.878,15.38172],[102.87551,15.37806],[102.87403,15.37362],[102.87562,15.37265],[102.87756,15.37301],[102.88001,15.36889],[102.88105,15.36885],[102.88369,15.37151],[102.88406,15.37301],[102.88674,15.37469],[102.88874,15.37387],[102.89175,15.37412],[102.89577,15.36857],[102.89705,15.36842],[102.8982,15.36953],[102.8982,15.37323],[102.89597,15.37495],[102.89601,15.37663],[102.89868,15.37756],[102.9011,15.37581],[102.9024,15.37584],[102.90307,15.37659],[102.90234,15.37881],[102.90297,15.37916]]}},{"type":"Feature","properties":{"name":"แม่น้ำมูล","osm_id":48742285,"direction":"downstream"},"geometry":{"type":"LineString","coordinates":[[102.64832,15.36588],[102.65235,15.36297],[102.6519,15.3621],[102.65061,15.3626],[102.64859,15.36025],[102.64919,15.35836],[102.65004,15.35975],[102.65199,15.35987],[102.65413,15.36225],[102.65831,15.3635],[102.6584,15.36408],[102.66105,15.36327],[102.66178,15.36129],[102.66334,15.36393],[102.66488,15.36184],[102.66364,15.36147],[102.66211,15.35975],[102.66379,15.3585],[102.66479,15.35888],[102.66656,15.35665],[102.6684,15.35702],[102.66987,15.35848],[102.67336,15.35772],[102.67443,15.35888],[102.67341,15.36071],[102.67097,15.3601],[102.66953,15.3612],[102.6695,15.36205],[102.67004,15.36257],[102.67272,15.36196],[102.67314,15.36295],[102.67425,15.36332],[102.67612,15.36193],[102.67558,15.36457],[102.67666,15.36518],[102.67871,15.36486],[102.68142,15.36614],[102.67952,15.37006],[102.68139,15.37009],[102.68244,15.36811],[102.68425,15.36869],[102.68578,15.3756],[102.68774,15.3731],[102.6893,15.374],[102.68933,15.37522],[102.68756,15.37627],[102.68966,15.38013],[102.69162,15.37638],[102.69255,15.37638],[102.69364,15.37726],[102.69373,15.38158],[102.69701,15.37987],[102.69827,15.38228],[102.6996,15.38219],[102.69978,15.38024],[102.70053,15.37969],[102.70219,15.3803],[102.70541,15.38013],[102.70745,15.38146],[102.70658,15.38434],[102.70812,15.38518],[102.70878,15.38463],[102.70887,15.38277],[102.70998,15.3819],[102.71323,15.38239],[102.71471,15.38355],[102.71411,15.3857],[102.71459,15.38698],[102.72765,15.38579],[102.7285,15.38869],[102.73157,15.38718],[102.7334,15.38535],[102.73455,15.38564],[102.7347,15.381],[102.73566,15.37845],[102.73503,15.37676],[102.7375,15.37778],[102.74021,15.37667],[102.74036,15.37557],[102.73798,15.37476],[102.73828,15.37235],[102.74144,15.36895],[102.74362,15.36887],[102.74461,15.36623],[102.7491,15.36511]]}},{"type":"Feature","properties":{"name":"แม่น้ำเจ้าพระยา","osm_id":58248542,"direction":"downstream"},"geometry":{"type":"LineString","coordinates":[[100.09374,15.60761],[100.10247,15.60148],[100.10502,15.59671],[100.10474,15.59165],[100.10278,15.58768],[100.09807,15.58266],[100.09124,15.57954],[100.08912,15.57738],[100.08514,15.56571],[100.08091,15.55687],[100.08113,15.55365],[100.08199,15.5518],[100.08408,15.551],[100.09442,15.55524],[100.09866,15.55523],[100.11196,15.55322],[100.11429,15.55195],[100.1147,15.54795],[100.11403,15.54491],[100.11217,15.5418],[100.10766,15.5368],[100.09755,15.53212],[100.09552,15.53011],[100.09282,15.52494],[100.09282,15.52173],[100.09319,15.51876],[100.09579,15.51469],[100.10505,15.51051],[100.11263,15.51088],[100.11716,15.51316],[100.12043,15.51315],[100.12125,15.51247],[100.1215,15.50956],[100.11765,15.50325]]}},{"type":"Feature","properties":{"name":"แม่น้ำปิง","osm_id":75079016,"direction":"downstream"},"geometry":{"type":"LineString","coordinates":[[98.74673,17.69078],[98.74619,17.68964],[98.74196,17.68686],[98.73827,17.68326],[98.73091,17.68162],[98.7231,17.67506],[98.71847,17.67449],[98.69995,17.66721],[98.69317,17.66662],[98.68596,17.66741],[98.68459,17.66705],[98.68362,17.66504],[98.68443,17.66044],[98.68806,17.65854],[98.68993,17.65637],[98.68954,17.65378],[98.68388,17.64928],[98.68291,17.64517],[98.68553,17.64312],[98.68692,17.64075],[98.68843,17.63554],[98.69025,17.63292],[98.69164,17.63257],[98.69576,17.63339],[98.69675,17.63249],[98.69688,17.631],[98.69046,17.62846],[98.68838,17.62625],[98.68821,17.62402],[98.69083,17.615],[98.68439,17.60396],[98.68233,17.5967],[98.68276,17.59322],[98.68579,17.5904],[98.69199,17.58766],[98.69441,17.58508],[98.69611,17.5716],[98.70241,17.55619],[98.70413,17.54604],[98.70567,17.54113],[98.70293,17.53769],[98.7019,17.53426],[98.70223,17.52975]]}},{"type":"Feature","properties":{"name":"แม่น้ำปิง","osm_id":75159129,"direction":"downstream"},"geometry":{"type":"LineString","coordinates":[[98.65274,17.97777],[98.65856,17.97434],[98.6666,17.97318],[98.66797,17.96467],[98.66698,17.96272],[98.66445,17.96078],[98.65979,17.95964],[98.65559,17.95968],[98.65212,17.9613],[98.6501,17.96071],[98.64447,17.95731],[98.63959,17.9524],[98.63634,17.9515],[98.63266,17.95194],[98.62722,17.94616],[98.6264,17.94407],[98.62781,17.93591],[98.63177,17.92774],[98.63393,17.92489],[98.63632,17.91801],[98.63953,17.91616],[98.64524,17.91582],[98.64654,17.91444],[98.64481,17.91104],[98.63237,17.90279],[98.62743,17.89252],[98.62807,17.88814],[98.63445,17.88192],[98.6418,17.88101],[98.6463,17.88183],[98.64769,17.88102],[98.64904,17.87917],[98.64961,17.87308],[98.65105,17.87101]]}},{"type":"Feature","properties":{"name":"แม่น้ำปิง","osm_id":75159136,"direction":"downstream"},"geometry":{"type":"LineString","coordinates":[[98.72542,18.44524],[98.72403,18.44495],[98.72282,18.44349],[98.72169,18.43662],[98.71914,18.43398],[98.71543,18.43418],[98.71251,18.43776],[98.71163,18.44143],[98.71,18.4419],[98.70853,18.44128],[98.70317,18.43418],[98.70049,18.42557],[98.69384,18.41924],[98.69315,18.41683],[98.69347,18.41467],[98.69483,18.41219],[98.69796,18.4106],[98.70154,18.41119],[98.70545,18.41513],[98.70772,18.41629],[98.70961,18.41528],[98.70937,18.41337],[98.70366,18.40507],[98.69879,18.39634],[98.69608,18.3944],[98.69182,18.39276],[98.69015,18.39105],[98.68832,18.38669],[98.687,18.37678],[98.68203,18.37078],[98.68147,18.36775]]}},{"type":"Feature","properties":{"name":"แม่น้ำปิง","osm_id":75159184,"direction":"downstream"},"geometry":{"type":"LineString","coordinates":[[98.62307,18.21674],[98.62406,18.21375],[98.63376,18.20644],[98.63518,18.20468],[98.63698,18.20187],[98.63793,18.19816],[98.63708,18.19518],[98.63386,18.18997],[98.63616,18.18658],[98.63561,18.18459],[98.63271,18.18043],[98.62716,18.17608],[98.62351,18.17205],[98.62431,18.16047],[98.62033,18.15352],[98.6201,18.14853],[98.62166,18.14605],[98.62311,18.14555],[98.62681,18.14693],[98.63124,18.15098],[98.63218,18.15109],[98.63289,18.15009]]}},{"type":"Feature","properties":{"name":"แม่น้ำปิง","osm_id":75159202,"direction":"downstream"},"geometry":{"type":"LineString","coordinates":[[98.63289,18.15009],[98.63473,18.13701],[98.63403,18.13328],[98.63265,18.13076],[98.62377,18.12112],[98.62247,18.12038],[98.61943,18.12073],[98.61931,18.12235],[98.62072,18.12417],[98.62066,18.12557],[98.61739,18.12887],[98.61634,18.1328],[98.61395,18.13517],[98.61042,18.13531],[98.60804,18.13416],[98.60585,18.13062],[98.60471,18.11966],[98.60634,18.11693],[98.60994,18.11356],[98.61776,18.10818],[98.6187,18.10493],[98.61863,18.09684],[98.618,18.09586],[98.61616,18.09429],[98.6135,18.09348],[98.61071,18.09384],[98.60947,18.0947],[98.60677,18.09874],[98.60579,18.10602],[98.60457,18.10723],[98.60315,18.10721],[98.59981,18.10474],[98.59893,18.1028],[98.59911,18.09988],[98.594,18.09329],[98.59328,18.09017],[98.59101,18.08746],[98.58201,18.08626],[98.57869,18.0838]]}},{"type":"Feature","properties":{"name":"แม่น้ำปิง","osm_id":75159232,"direction":"downstream"},"geometry":{"type":"LineString","coordinates":[[98.68147,18.36775],[98.68268,18.3658],[98.68966,18.35975],[98.69565,18.35179],[98.70378,18.33666],[98.7035,18.33242],[98.70197,18.33075],[98.69839,18.33006],[98.69543,18.33094],[98.69234,18.33436],[98.68891,18.33456],[98.6847,18.33273],[98.67956,18.3279],[98.67183,18.32637],[98.67127,18.32373],[98.67487,18.31999],[98.67591,18.31405],[98.67513,18.31222],[98.66812,18.30662],[98.66506,18.30188],[98.6637,18.30156],[98.65733,18.30433],[98.6526,18.30462],[98.64677,18.30344],[98.64447,18.30167],[98.64398,18.29969],[98.64483,18.29574],[98.6511,18.28649]]}},{"type":"Feature","properties":{"name":"แม่น้ำปิง","osm_id":75159258,"direction":"downstream"},"geometry":{"type":"LineString","coordinates":[[98.65105,17.87101],[98.65496,17.86731],[98.65507,17.86239],[98.65597,17.8595],[98.65893,17.85787],[98.65899,17.8531],[98.6634,17.84837],[98.66231,17.84248],[98.66031,17.84035],[98.66134,17.83664],[98.663,17.83543],[98.66619,17.83555],[98.66787,17.83485],[98.67246,17.83152],[98.67337,17.83003],[98.67141,17.82496],[98.67069,17.81917],[98.67242,17.81763],[98.67797,17.81682],[98.67864,17.81477],[98.67624,17.80958],[98.67684,17.80778],[98.68325,17.80075],[98.68516,17.79415],[98.68527,17.78888],[98.68645,17.78436],[98.68551,17.78026],[98.68626,17.77873],[98.68765,17.77752],[98.69368,17.77615],[98.69557,17.7726],[98.69504,17.76798],[98.69587,17.7663],[98.70317,17.76387],[98.70467,17.76209],[98.70437,17.75341],[98.70182,17.74695],[98.70295,17.74405],[98.70709,17.73931],[98.70732,17.73708],[98.70862,17.73487],[98.71365,17.73451],[98.71788,17.73271],[98.72628,17.7242],[98.72674,17.72223],[98.7241,17.71741],[98.72438,17.71528],[98.73415,17.71105],[98.73882,17.70798],[98.74324,17.7039],[98.746,17.69938],[98.74569,17.69416],[98.74673,17.69078]]}},{"type":"Feature","properties":{"name":"แม่น้ำปิง","osm_id":75159281,"direction":"downstream"},"geometry":{"type":"LineString","coordinates":[[98.57869,18.0838],[98.57892,18.08195],[98.58151,18.07901],[98.59512,18.07166],[98.59841,18.07132],[98.60536,18.0732],[98.61156,18.07369],[98.61543,18.07263],[98.61758,18.07097],[98.61868,18.06902],[98.61909,18.06507],[98.61804,18.06293],[98.6146,18.06078],[98.61239,18.0608],[98.60484,18.06332],[98.59964,18.06267],[98.59239,18.05362],[98.59089,18.05045],[98.59096,18.04903],[98.59423,18.04427],[98.59986,18.03872],[98.60389,18.03579],[98.61368,18.03268],[98.61565,18.02922],[98.61599,18.02558],[98.61466,18.02114],[98.6127,18.01899],[98.60783,18.01799],[98.60586,18.01922],[98.59816,18.02734],[98.59626,18.02872],[98.59337,18.02859],[98.58822,18.0257],[98.58595,18.02354],[98.58279,18.01782],[98.58352,18.0165],[98.58509,18.01606],[98.58997,18.01744],[98.59351,18.01758],[98.60294,18.00959],[98.60926,18.01016]]}},{"type":"Feature","properties":{"name":"แม่น้ำปิง","osm_id":75159300,"direction":"downstream"},"geometry":{"type":"LineString","coordinates":[[98.87205,18.51668],[98.86726,18.51503],[98.86172,18.51015],[98.86175,18.50383],[98.85966,18.50073],[98.85652,18.49941],[98.85168,18.50131],[98.84567,18.49823],[98.8447,18.49705],[98.84273,18.48962],[98.83643,18.48397],[98.82785,18.4811],[98.82451,18.47883],[98.82174,18.47502],[98.81588,18.47273],[98.81444,18.46935],[98.81445,18.46383],[98.8137,18.46265],[98.81117,18.46162],[98.80636,18.46319],[98.80482,18.46268],[98.80137,18.45797],[98.8001,18.45444],[98.79863,18.45301],[98.79464,18.45231],[98.78819,18.45356],[98.77785,18.44971],[98.77452,18.44711],[98.7674,18.43702],[98.76435,18.43448],[98.76147,18.43411],[98.75433,18.43598],[98.74628,18.4319],[98.74246,18.43177],[98.7375,18.43836],[98.72542,18.44524]]}},{"type":"Feature","properties":{"name":"แม่น้ำน่าน","osm_id":76586910,"direction":"downstream"},"geometry":{"type":"LineString","coordinates":[[100.56344,17.76035],[100.56265,17.75228],[100.55849,17.74825],[100.55499,17.74067],[100.55215,17.73849],[100.54548,17.73938],[100.53509,17.73689],[100.52146,17.73481],[100.51901,17.73365],[100.517,17.73075],[100.51685,17.7284],[100.51829,17.72343],[100.51659,17.71977],[100.51298,17.7185],[100.5104,17.71855],[100.50008,17.71283],[100.49744,17.71219],[100.4963,17.71295],[100.49587,17.71486],[100.49433,17.71573],[100.49044,17.717],[100.48559,17.71678],[100.47949,17.7147],[100.47398,17.70774],[100.46719,17.70392],[100.46516,17.7042],[100.46119,17.70925],[100.45815,17.70955],[100.45427,17.71137],[100.45071,17.71175],[100.44647,17.71007],[100.44187,17.70507],[100.43782,17.70286],[100.4241,17.70418],[100.42186,17.70167],[100.42138,17.69969],[100.41839,17.69678],[100.41612,17.6958],[100.41452,17.69631],[100.41372,17.69809],[100.41424,17.70094],[100.41619,17.70296],[100.415,17.70535],[100.41513,17.71137],[100.41388,17.72047],[100.41278,17.72157],[100.40932,17.72149],[100.40727,17.7199],[100.40651,17.71598],[100.40777,17.71323],[100.40688,17.71163],[100.40218,17.7098],[100.39706,17.70885],[100.39088,17.70418],[100.38828,17.70374],[100.38586,17.70459],[100.38482,17.70697],[100.38539,17.71285],[100.38498,17.71809],[100.38349,17.71895],[100.37689,17.71882],[100.37404,17.71685],[100.37334,17.71461],[100.37453,17.71037],[100.37719,17.70548],[100.37577,17.7017],[100.37368,17.70105],[100.3712,17.70131],[100.3687,17.70251],[100.36654,17.70179],[100.36434,17.69944],[100.36544,17.6951],[100.36469,17.69189],[100.3616,17.6883],[100.35851,17.6865],[100.35061,17.68551],[100.34677,17.6797],[100.34429,17.67742],[100.33896,17.67334],[100.33622,17.67276],[100.33205,17.66886],[100.32807,17.66675],[100.31702,17.66533],[100.31245,17.66281],[100.30927,17.66192],[100.30159,17.66282],[100.2961,17.66621],[100.29204,17.66618],[100.28927,17.66434],[100.28819,17.66212],[100.28781,17.65896],[100.28553,17.65718],[100.27551,17.65671],[100.26838,17.65257],[100.26596,17.64468],[100.26463,17.64353],[100.25747,17.6427],[100.25245,17.6447],[100.25071,17.64467],[100.24903,17.64399],[100.2457,17.64002],[100.24091,17.63657],[100.23911,17.63603],[100.23572,17.63655]]}},{"type":"Feature","properties":{"name":"แม่น้ำปิงเล็ก","osm_id":82770089,"direction":"downstream"},"geometry":{"type":"LineString","coordinates":[[98.97393,18.60862],[98.96958,18.60359]]}},{"type":"Feature","properties":{"name":"แม่น้ำปิงน้อย","osm_id":88472480,"direction":"downstream"},"geometry":{"type":"LineString","coordinates":[[98.98765,18.69065],[98.99033,18.68961],[98.99159,18.68696],[98.99524,18.68643],[99.00099,18.68162],[99.00487,18.68028],[99.00647,18.67635],[99.01376,18.67103],[99.01316,18.66741],[99.01382,18.6656],[99.01167,18.66152],[99.01122,18.65911],[99.0121,18.64466],[99.01154,18.644],[99.00725,18.64316],[99.00763,18.64189],[99.00694,18.64068],[99.00292,18.63672],[99.00254,18.63026],[98.99951,18.62858],[98.99706,18.62839],[98.99662,18.62709],[98.99504,18.62653],[98.99476,18.62525],[98.9899,18.62196],[98.98659,18.61812],[98.9859,18.61609],[98.98406,18.61657],[98.97848,18.61552],[98.97723,18.61245],[98.97393,18.60862]]}},{"type":"Feature","properties":{"name":"แม่น้ำปิง","osm_id":88478294,"direction":"downstream"},"geometry":{"type":"LineString","coordinates":[[98.97362,19.22735],[98.97293,19.2259],[98.97263,19.21631],[98.96945,19.20792],[98.97171,19.20642],[98.9747,19.20831],[98.97854,19.20672],[98.97981,19.20375],[98.98155,19.20242],[98.9809,19.20088],[98.98307,19.19949],[98.98257,19.19837],[98.98492,19.19803],[98.98571,19.1996],[98.98686,19.19885]]}},{"type":"Feature","properties":{"name":"แม่น้ำน้อย","osm_id":94114622,"direction":"downstream"},"geometry":{"type":"LineString","coordinates":[[100.40073,14.40446],[100.40095,14.40256],[100.4026,14.39966],[100.40125,14.39264],[100.40206,14.38618]]}},{"type":"Feature","properties":{"name":"แม่น้ำยม","osm_id":108848196,"direction":"downstream"},"geometry":{"type":"LineString","coordinates":[[99.85987,17.22049],[99.86095,17.21576],[99.86018,17.21295],[99.86085,17.21229],[99.86439,17.21254],[99.86571,17.21062],[99.86538,17.20425],[99.86275,17.2003],[99.86006,17.19885],[99.85781,17.19909],[99.85502,17.20178],[99.85332,17.20134],[99.8526,17.19948],[99.85339,17.19835],[99.85667,17.19703],[99.85873,17.19262],[99.85798,17.1902],[99.85527,17.18713],[99.85487,17.18512],[99.85697,17.18208],[99.85714,17.17919],[99.86188,17.17649],[99.8619,17.17111],[99.86012,17.16747],[99.85879,17.16693],[99.85386,17.1697]]}},{"type":"Feature","properties":{"name":"แม่น้ำน่าน","osm_id":112285381,"direction":"downstream"},"geometry":{"type":"LineString","coordinates":[[100.17217,17.05117],[100.17188,17.05141]]}},{"type":"Feature","properties":{"name":"แม่น้ำน่าน","osm_id":112285698,"direction":"downstream"},"geometry":{"type":"LineString","coordinates":[[100.17188,17.05141],[100.1683,17.053],[100.16546,17.05218],[100.16348,17.0487],[100.1637,17.04467],[100.16628,17.03915],[100.17017,17.036],[100.17249,17.03647],[100.18002,17.04231],[100.18262,17.04226],[100.18227,17.03494],[100.1796,17.02716],[100.18039,17.02516],[100.18468,17.02421],[100.18758,17.02535],[100.19638,17.03389],[100.19834,17.03317],[100.19964,17.03084]]}},{"type":"Feature","properties":{"name":"แม่น้ำปิง","osm_id":123423463,"direction":"downstream"},"geometry":{"type":"LineString","coordinates":[[100.07495,15.82841],[100.07765,15.8227],[100.0775,15.82012],[100.07965,15.81031],[100.08213,15.80403],[100.08145,15.80093],[100.07812,15.79406],[100.08062,15.78315],[100.08129,15.78111],[100.08979,15.77251],[100.09066,15.76903],[100.0905,15.76414],[100.08943,15.76271],[100.08596,15.76132],[100.0847,15.75784],[100.08488,15.7555],[100.08883,15.74983],[100.09149,15.74796],[100.09425,15.74732],[100.10039,15.74822],[100.10359,15.7464],[100.10461,15.74289],[100.10284,15.73655],[100.10421,15.73412],[100.10678,15.73197],[100.11574,15.72935],[100.12087,15.73004],[100.12538,15.72968],[100.13525,15.72764],[100.14521,15.71411],[100.14631,15.71058],[100.14521,15.70573],[100.14091,15.70042]]}},{"type":"Feature","properties":{"name":"แม่น้ำน่าน","osm_id":124827144,"direction":"downstream"},"geometry":{"type":"LineString","coordinates":[[100.30302,15.90846],[100.30446,15.90259],[100.30833,15.89884],[100.30852,15.89676],[100.30683,15.89406],[100.30204,15.89165],[100.29587,15.8925],[100.29019,15.88696],[100.28836,15.8832],[100.28343,15.88191],[100.27934,15.87683],[100.27722,15.87601],[100.2739,15.87657],[100.26826,15.87606],[100.26495,15.87333],[100.26435,15.87044]]}},{"type":"Feature","properties":{"name":"แม่น้ำน่าน","osm_id":124827153,"direction":"downstream"},"geometry":{"type":"LineString","coordinates":[[100.26435,15.87044],[100.26588,15.86629],[100.26501,15.86511],[100.26061,15.86609],[100.25833,15.86569],[100.25087,15.86201],[100.24511,15.86109],[100.24373,15.85962],[100.24443,15.85815],[100.25192,15.85251],[100.25305,15.85016],[100.25261,15.84645],[100.24946,15.84172],[100.24976,15.83987],[100.25192,15.83974],[100.25724,15.84311],[100.25898,15.84278],[100.25931,15.84204],[100.25517,15.83736],[100.25173,15.83505],[100.24996,15.83234],[100.25125,15.8287],[100.2564,15.8274],[100.25675,15.82553],[100.25306,15.81939],[100.25206,15.8128],[100.24612,15.80514],[100.24694,15.80408],[100.25413,15.80323],[100.25516,15.80233],[100.2525,15.79363],[100.25325,15.79246],[100.25535,15.79244],[100.25684,15.79128],[100.25507,15.78763],[100.25497,15.78537],[100.25706,15.77868],[100.25781,15.77075],[100.25399,15.76302],[100.2553,15.75452],[100.25481,15.75283],[100.25027,15.75399],[100.24733,15.75335],[100.24644,15.7514],[100.24714,15.7462],[100.24599,15.74466],[100.24235,15.74292],[100.23654,15.7426],[100.22948,15.74015],[100.22756,15.73826],[100.22454,15.73315],[100.22381,15.73056],[100.2226,15.72937],[100.21386,15.7259],[100.21126,15.72587],[100.20888,15.72727],[100.19931,15.73638],[100.18947,15.73904],[100.18554,15.73868],[100.18234,15.73573],[100.18309,15.7269],[100.1727,15.72201],[100.16901,15.71372],[100.16574,15.71219],[100.15816,15.71257],[100.15075,15.70263],[100.14091,15.70042]]}},{"type":"Feature","properties":{"name":"แม่น้ำเจ้าพระยา","osm_id":124920945,"direction":"downstream"},"geometry":{"type":"LineString","coordinates":[[100.51505,13.81322],[100.51662,13.81139],[100.51749,13.80807],[100.51755,13.80472],[100.51653,13.80049]]}},{"type":"Feature","properties":{"name":"แม่น้ำเจ้าพระยา","osm_id":124920949,"direction":"downstream"},"geometry":{"type":"LineString","coordinates":[[100.50569,13.78632],[100.50242,13.78108]]}},{"type":"Feature","properties":{"name":"แม่น้ำเจ้าพระยา","osm_id":124920951,"direction":"downstream"},"geometry":{"type":"LineString","coordinates":[[100.49924,13.77289],[100.49456,13.7655]]}},{"type":"Feature","properties":{"name":"แม่น้ำวัง","osm_id":125010321,"direction":"downstream"},"geometry":{"type":"LineString","coordinates":[[99.61556,19.3958],[99.61408,19.3959],[99.61352,19.39503],[99.6115,19.39526],[99.60887,19.39341],[99.60884,19.39218],[99.60694,19.39151],[99.60675,19.38989],[99.60524,19.38944],[99.6048,19.38971],[99.60531,19.39075],[99.60395,19.39082],[99.60119,19.38892],[99.60443,19.38822],[99.60391,19.38768],[99.60075,19.38725],[99.60007,19.38779],[99.59999,19.38499],[99.60244,19.38554],[99.60327,19.38504],[99.60111,19.38346],[99.6026,19.38289],[99.60182,19.38056],[99.60279,19.37985],[99.60097,19.37898],[99.60075,19.37661],[99.59987,19.37581],[99.59816,19.37586],[99.59999,19.37454],[99.59885,19.37354],[99.60052,19.37239],[99.60057,19.37149],[99.60297,19.37078],[99.5991,19.36879],[99.59995,19.36819],[99.60229,19.36866],[99.59879,19.36528],[99.59956,19.36445],[99.60275,19.36455],[99.60357,19.36332],[99.61013,19.36397],[99.61233,19.3623],[99.61416,19.36273],[99.61477,19.36108],[99.61381,19.35951],[99.61462,19.35781],[99.61216,19.35666],[99.61248,19.35458],[99.61373,19.35318],[99.61291,19.35061],[99.61528,19.34719],[99.61597,19.3474],[99.61638,19.34664],[99.61753,19.34307],[99.61721,19.3416],[99.61894,19.34096],[99.61926,19.3402],[99.61834,19.33897],[99.61916,19.33863],[99.61817,19.33769],[99.61645,19.3386],[99.61551,19.33778],[99.61588,19.33518],[99.61425,19.33233],[99.61467,19.33089],[99.61653,19.32924],[99.61553,19.32793],[99.61515,19.32442],[99.61374,19.32368],[99.61352,19.32419],[99.61318,19.32354],[99.6124,19.32482],[99.61178,19.32473],[99.6119,19.32268],[99.60962,19.32388],[99.60819,19.32311],[99.60705,19.32411],[99.60584,19.32389],[99.60574,19.32267],[99.60689,19.32189],[99.60675,19.32093],[99.60507,19.32072],[99.60361,19.32169],[99.6033,19.32279],[99.60177,19.32187],[99.60201,19.32088],[99.60329,19.3207],[99.60438,19.31956],[99.60436,19.31744],[99.60654,19.31619],[99.6064,19.31436],[99.61113,19.31317],[99.61142,19.31154],[99.61354,19.31066],[99.61265,19.30941],[99.61302,19.30694],[99.61163,19.30301],[99.61287,19.30049],[99.61245,19.29877],[99.61582,19.29697],[99.61771,19.29354],[99.61852,19.29324],[99.61827,19.29211],[99.61717,19.29195],[99.6169,19.29119],[99.61878,19.28994],[99.6201,19.28723],[99.62366,19.28569],[99.62621,19.28729],[99.62771,19.2903],[99.62943,19.29104],[99.63009,19.29056],[99.6333,19.28152],[99.632,19.27995],[99.63441,19.2776],[99.6356,19.27248],[99.63679,19.27133],[99.63477,19.26783],[99.63522,19.26532],[99.63668,19.26377],[99.63605,19.26159],[99.63676,19.26053],[99.63485,19.25894],[99.63536,19.25784],[99.63735,19.25813],[99.63799,19.25715],[99.63675,19.2559],[99.63518,19.25588],[99.63431,19.25233],[99.63689,19.24905],[99.63523,19.24726],[99.63559,19.24585],[99.63745,19.24484],[99.63829,19.24156],[99.63687,19.24073],[99.63797,19.23892],[99.63706,19.23791],[99.63768,19.23532],[99.63661,19.23477],[99.63518,19.23567],[99.63304,19.23443],[99.6324,19.23104],[99.63099,19.22927],[99.63099,19.22668],[99.62793,19.21933],[99.62928,19.21747],[99.62812,19.21389],[99.62663,19.21325],[99.62582,19.21137],[99.62368,19.21153],[99.6225,19.21073],[99.62141,19.21127],[99.62056,19.21047],[99.62159,19.20847],[99.62115,19.20481],[99.61789,19.20255],[99.61766,19.2007],[99.61922,19.19913],[99.61614,19.19328],[99.61693,19.1909],[99.61659,19.1875],[99.61862,19.18501],[99.62031,19.18443],[99.62178,19.17579],[99.62346,19.17435],[99.62311,19.17214],[99.62092,19.1713],[99.61998,19.16957],[99.62083,19.16624],[99.62199,19.16499],[99.62198,19.16261],[99.62436,19.16006],[99.62194,19.15371]]}},{"type":"Feature","properties":{"name":"แม่น้ำชี","osm_id":126220258,"direction":"downstream"},"geometry":{"type":"LineString","coordinates":[[103.10868,16.22946],[103.10758,16.22792],[103.10778,16.22623],[103.11,16.22551],[103.11152,16.22658],[103.11327,16.22606],[103.11322,16.21951],[103.11376,16.21786],[103.11541,16.21645],[103.12255,16.2155],[103.1279,16.21712],[103.13057,16.21573],[103.13037,16.21481],[103.12498,16.21138],[103.12128,16.20595],[103.11943,16.20744],[103.11883,16.21276],[103.11657,16.21232],[103.11547,16.21059],[103.11629,16.20283],[103.1302,16.19752]]}},{"type":"Feature","properties":{"name":"แม่น้ำชี","osm_id":126220259,"direction":"downstream"},"geometry":{"type":"LineString","coordinates":[[103.1302,16.19752],[103.14196,16.19472],[103.14701,16.19457],[103.15139,16.19602],[103.15847,16.1961],[103.16229,16.19453],[103.16635,16.19522],[103.16715,16.194],[103.16615,16.19159],[103.16675,16.18987],[103.17833,16.18727],[103.18291,16.1878],[103.18645,16.18926],[103.19214,16.19877],[103.19366,16.19942],[103.197,16.19916],[103.19999,16.20218],[103.20248,16.2011],[103.20802,16.19514]]}},{"type":"Feature","properties":{"name":"แม่น้ำป่าสัก","osm_id":126615628,"direction":"downstream"},"geometry":{"type":"LineString","coordinates":[[101.32719,16.88288],[101.32898,16.88103],[101.33,16.87581],[101.3293,16.87386],[101.33001,16.87321],[101.32966,16.87265],[101.32861,16.87294],[101.32739,16.86967],[101.32772,16.86707],[101.3295,16.86643],[101.33056,16.86723],[101.33257,16.86567],[101.33082,16.86461],[101.32828,16.86562],[101.32653,16.86385],[101.32877,16.86103],[101.327,16.85676],[101.32998,16.85524],[101.33116,16.85386],[101.33055,16.85237],[101.32908,16.8516],[101.33008,16.84967],[101.3297,16.84717],[101.32841,16.84494],[101.32522,16.84376],[101.32416,16.8419],[101.32247,16.84128],[101.32234,16.83936],[101.31928,16.83843],[101.31748,16.83902],[101.3159,16.83792],[101.31418,16.83792],[101.3128,16.83421],[101.30958,16.83611],[101.309,16.83415],[101.30928,16.83111],[101.30686,16.8301],[101.30572,16.83063],[101.30418,16.83355],[101.30294,16.83111],[101.30222,16.8309],[101.29816,16.83137],[101.29445,16.83287],[101.29277,16.83522],[101.29138,16.83552],[101.2912,16.83658],[101.29211,16.83789],[101.29112,16.8383],[101.28808,16.8359],[101.28795,16.83421],[101.28675,16.83539],[101.28437,16.83316],[101.28441,16.83221],[101.28628,16.83165],[101.28589,16.83068],[101.28311,16.83069],[101.28344,16.83389],[101.28134,16.83682],[101.28023,16.83624],[101.28102,16.83423],[101.27838,16.83197],[101.27929,16.83084],[101.27617,16.83029],[101.27662,16.82888],[101.27557,16.82821],[101.27469,16.82823],[101.27367,16.8305],[101.27279,16.83097],[101.27175,16.831],[101.27032,16.82979],[101.27008,16.82788],[101.26665,16.82648],[101.26514,16.82901],[101.26343,16.82924],[101.26178,16.82791],[101.26427,16.8261],[101.2634,16.82507],[101.26402,16.82395],[101.25928,16.82292],[101.26123,16.82138],[101.26112,16.8195],[101.26285,16.81759],[101.25965,16.81435],[101.26235,16.81449],[101.26336,16.81399],[101.26348,16.81307],[101.26138,16.81324],[101.25972,16.81239],[101.25811,16.81296],[101.25876,16.81112],[101.25775,16.80891],[101.25694,16.8085],[101.25439,16.80966],[101.2547,16.80781],[101.25211,16.8054],[101.25271,16.80453],[101.25502,16.80488],[101.25655,16.80223],[101.25465,16.80184],[101.2518,16.80272],[101.25037,16.80069],[101.25296,16.79974],[101.25217,16.79833],[101.25112,16.79922],[101.2439,16.79911],[101.2443,16.79792],[101.24559,16.79731],[101.24381,16.79612],[101.24426,16.79482],[101.24732,16.79462],[101.24753,16.79264],[101.24901,16.79216],[101.24657,16.79071],[101.24815,16.78717],[101.24711,16.78419],[101.2451,16.78297],[101.24673,16.78165],[101.245,16.78022],[101.24484,16.77895],[101.24657,16.77816],[101.24662,16.77622],[101.24813,16.77581],[101.24781,16.7732],[101.25035,16.77375],[101.25075,16.77218],[101.25271,16.7721],[101.25324,16.77118],[101.25311,16.77022],[101.25071,16.76984],[101.25162,16.76723],[101.25043,16.76577],[101.25183,16.76485],[101.2489,16.76402],[101.25001,16.76224],[101.24967,16.76034],[101.25097,16.75787],[101.24981,16.75661],[101.2504,16.75326],[101.25081,16.75272],[101.25331,16.75277],[101.25023,16.7506],[101.25117,16.74812],[101.25263,16.74778],[101.25097,16.7461],[101.2523,16.74537],[101.25298,16.74185],[101.24888,16.74131],[101.24839,16.73865],[101.24771,16.73826],[101.24561,16.74013],[101.24515,16.73955],[101.24573,16.73833],[101.24391,16.73742],[101.24446,16.73449],[101.24315,16.73342],[101.24304,16.73084],[101.24192,16.73026],[101.24051,16.73249],[101.23973,16.72994],[101.23707,16.72917],[101.23865,16.72695],[101.23616,16.72617],[101.23695,16.7234],[101.23429,16.72234],[101.23629,16.72132],[101.23636,16.71951]]}},{"type":"Feature","properties":{"name":"แม่น้ำป่าสัก","osm_id":126616147,"direction":"downstream"},"geometry":{"type":"LineString","coordinates":[[101.21412,16.65984],[101.21204,16.65845],[101.21191,16.65761],[101.213,16.65637],[101.21567,16.65538],[101.21595,16.65432],[101.21342,16.65363],[101.21382,16.65112],[101.21309,16.64809],[101.21125,16.64739],[101.21357,16.64532],[101.21445,16.64284],[101.21692,16.64506],[101.21538,16.6382],[101.21388,16.63729],[101.21505,16.63477],[101.21423,16.63429],[101.21167,16.63517],[101.21372,16.63352],[101.21245,16.6323],[101.2096,16.63256],[101.20933,16.6337],[101.20859,16.63341],[101.20864,16.63204],[101.21011,16.62993],[101.20819,16.62824],[101.20908,16.6264],[101.20828,16.62565],[101.20653,16.62586],[101.20821,16.62298],[101.20752,16.6219],[101.20632,16.62193],[101.20674,16.61987],[101.20511,16.6188],[101.20654,16.61814],[101.20667,16.6173],[101.20309,16.61585],[101.20365,16.61398],[101.2051,16.61281],[101.20256,16.61173],[101.20195,16.60991],[101.20068,16.60904],[101.20174,16.60826],[101.20167,16.60748],[101.20017,16.60644],[101.20332,16.60488],[101.20217,16.60209],[101.20244,16.60128],[101.205,16.60139],[101.20536,16.60008],[101.20427,16.5982],[101.20535,16.59662],[101.20437,16.59499],[101.20465,16.59042],[101.20415,16.58908],[101.20223,16.58761],[101.20239,16.58683]]}},{"type":"Feature","properties":{"name":"แม่น้ำป่าสัก","osm_id":126616149,"direction":"downstream"},"geometry":{"type":"LineString","coordinates":[[101.23636,16.71951],[101.23523,16.71776],[101.23565,16.71516],[101.23483,16.71348],[101.23383,16.71316],[101.23164,16.71423],[101.23068,16.71098],[101.22867,16.70871],[101.224,16.70725],[101.22397,16.70845],[101.22338,16.70859],[101.21938,16.70422],[101.22077,16.70171],[101.22312,16.70265],[101.22501,16.70158],[101.22518,16.69952],[101.22064,16.70007],[101.22042,16.69951],[101.22192,16.69804],[101.22157,16.69643],[101.2193,16.69556],[101.21848,16.69752],[101.21724,16.69653],[101.21707,16.69517],[101.21824,16.69338],[101.21618,16.68899],[101.21728,16.68675],[101.21447,16.68564],[101.21585,16.6841],[101.21593,16.68187],[101.21392,16.67967],[101.2134,16.67753],[101.21414,16.67606],[101.21565,16.6757],[101.2166,16.67346],[101.21674,16.67228],[101.21554,16.67084],[101.21609,16.66951],[101.21564,16.66769],[101.21818,16.66505],[101.2187,16.66348],[101.21454,16.66304],[101.21501,16.66128],[101.21412,16.65984]]}},{"type":"Feature","properties":{"name":"แม่น้ำป่าสัก","osm_id":126616156,"direction":"downstream"},"geometry":{"type":"LineString","coordinates":[[101.16852,16.43707],[101.16787,16.43577],[101.16487,16.43467],[101.1652,16.43267],[101.16398,16.4325],[101.16311,16.43148],[101.16299,16.42885],[101.16146,16.42901],[101.16176,16.42525],[101.16033,16.42411],[101.16386,16.42227],[101.16501,16.42276],[101.16694,16.4218],[101.16647,16.41833],[101.16802,16.41893],[101.16916,16.41831],[101.16996,16.41344],[101.16875,16.41069],[101.16987,16.40829],[101.17167,16.40808],[101.17244,16.40709],[101.17088,16.40376],[101.16881,16.40233],[101.16946,16.40133],[101.16927,16.39626],[101.17058,16.39596],[101.17158,16.39334],[101.17003,16.39317],[101.16952,16.39016],[101.16743,16.39075],[101.16638,16.38679],[101.16382,16.38628],[101.16209,16.3867],[101.16012,16.38265],[101.15838,16.38208],[101.15719,16.38265],[101.15654,16.3817],[101.15574,16.38233],[101.15345,16.3823],[101.1521,16.38055],[101.15188,16.37915],[101.15318,16.37868],[101.15339,16.37781],[101.15224,16.37501],[101.15088,16.3745],[101.15281,16.37144],[101.15394,16.36626],[101.15466,16.36613],[101.15481,16.36717],[101.15563,16.36647],[101.15575,16.36231],[101.15452,16.36027],[101.15357,16.36153],[101.15286,16.36127],[101.15175,16.35502],[101.15061,16.35296],[101.14765,16.35224],[101.14694,16.35142],[101.14888,16.34934],[101.14716,16.34715],[101.14713,16.34588],[101.1492,16.34659],[101.14994,16.34592],[101.14833,16.34507],[101.14764,16.34384],[101.14809,16.34295],[101.14702,16.34229],[101.14616,16.34015],[101.14811,16.33889],[101.14871,16.33684],[101.14681,16.33084],[101.14562,16.3301],[101.14553,16.32923],[101.14578,16.32775],[101.14666,16.32744],[101.14551,16.32691],[101.14636,16.3259],[101.14623,16.32342],[101.14752,16.32302],[101.14689,16.32172],[101.1475,16.32105],[101.14617,16.31963],[101.14664,16.31799],[101.14569,16.31767],[101.14615,16.31589],[101.14163,16.31215],[101.13815,16.31165],[101.13781,16.30993]]}},{"type":"Feature","properties":{"name":"แม่น้ำป่าสัก","osm_id":126616194,"direction":"downstream"},"geometry":{"type":"LineString","coordinates":[[101.20239,16.58683],[101.20264,16.58502],[101.20438,16.58413],[101.20547,16.58533],[101.20783,16.58479],[101.20786,16.58241],[101.20516,16.58138],[101.208,16.57941],[101.20724,16.57762],[101.20766,16.57687],[101.21096,16.5758],[101.21315,16.5773],[101.2159,16.57713],[101.21592,16.57472],[101.2187,16.57285],[101.21998,16.56802],[101.21898,16.56705],[101.21917,16.56565],[101.21755,16.56467],[101.21708,16.56258],[101.21752,16.56118],[101.2161,16.55937],[101.21574,16.55663],[101.21445,16.55488],[101.21375,16.55275],[101.2141,16.55137],[101.21304,16.55047],[101.21369,16.54852],[101.21286,16.54742],[101.21335,16.54667],[101.21233,16.54418],[101.21287,16.54254],[101.21196,16.54019],[101.20584,16.5383],[101.2024,16.53369],[101.20153,16.53491],[101.19792,16.53525],[101.19614,16.53379],[101.19718,16.53368],[101.19765,16.53215],[101.19572,16.53188],[101.1954,16.531],[101.19631,16.53058],[101.19493,16.52902],[101.19645,16.52835],[101.19583,16.52627],[101.19714,16.52625],[101.1953,16.52348],[101.19636,16.52179],[101.19605,16.51932],[101.19709,16.52043],[101.19991,16.51751],[101.1982,16.51764],[101.19729,16.51638],[101.19837,16.51404],[101.19711,16.51301],[101.19665,16.51095],[101.19527,16.51037],[101.19416,16.50599],[101.19272,16.50596],[101.19268,16.50491],[101.18943,16.50218],[101.18907,16.49976],[101.1883,16.50007],[101.18783,16.49903],[101.18548,16.49856],[101.18667,16.49635],[101.18626,16.49463],[101.18521,16.49534],[101.18531,16.49346],[101.18703,16.49258],[101.18562,16.49116],[101.18633,16.48925],[101.18566,16.48908],[101.18533,16.48755],[101.18573,16.486],[101.18757,16.48571],[101.18603,16.48441],[101.18736,16.4838],[101.18768,16.48033],[101.18613,16.4809],[101.18592,16.47997],[101.18452,16.48009],[101.18486,16.47928],[101.18407,16.47863],[101.18475,16.47824],[101.18566,16.47899],[101.18806,16.47773],[101.18746,16.47705],[101.18651,16.47724],[101.18654,16.47434],[101.18448,16.47256],[101.18478,16.47138],[101.18579,16.47171],[101.18562,16.46826],[101.1844,16.46683],[101.18221,16.46598],[101.18026,16.46788],[101.1776,16.46787],[101.17671,16.46707],[101.17743,16.46643],[101.17668,16.46502],[101.17448,16.46406],[101.17299,16.4644],[101.17151,16.46001],[101.17405,16.45903],[101.1748,16.45693],[101.17266,16.45416],[101.17022,16.44822],[101.17046,16.44374],[101.1696,16.44281],[101.16852,16.43707]]}},{"type":"Feature","properties":{"name":"แม่น้ำป่าสัก","osm_id":126730305,"direction":"downstream"},"geometry":{"type":"LineString","coordinates":[[101.11611,16.00559],[101.11526,16.00414],[101.11596,16.00247],[101.11747,16.00181],[101.11761,15.99994],[101.11913,15.99786],[101.12048,15.9985],[101.12162,15.99724],[101.12173,15.99455],[101.12333,15.99353],[101.12269,15.99209],[101.12436,15.99065],[101.12476,15.98844],[101.12706,15.98655],[101.12663,15.98495],[101.1247,15.9834],[101.12468,15.97928],[101.12509,15.9776],[101.12706,15.97799],[101.12808,15.97688],[101.12732,15.97114],[101.1279,15.9697]]}},{"type":"Feature","properties":{"name":"แม่น้ำป่าสัก","osm_id":126730315,"direction":"downstream"},"geometry":{"type":"LineString","coordinates":[[101.1279,15.9697],[101.12922,15.97076],[101.12959,15.97244],[101.13212,15.97178],[101.13202,15.96958],[101.13087,15.97013],[101.12951,15.96797],[101.13227,15.9678],[101.13549,15.96628],[101.13553,15.96502],[101.13373,15.96584],[101.13228,15.96433],[101.13368,15.96206],[101.13567,15.96109],[101.13615,15.96122],[101.13546,15.96321],[101.13684,15.96273],[101.13759,15.9611],[101.1366,15.96],[101.13867,15.95913],[101.1373,15.95818],[101.13623,15.95872],[101.13599,15.95974],[101.13479,15.9596],[101.13437,15.95857],[101.13539,15.95863],[101.13582,15.95788],[101.13408,15.95725],[101.13407,15.95639],[101.13749,15.9555],[101.1365,15.95422],[101.13592,15.95505],[101.13513,15.95456],[101.13454,15.9534],[101.13533,15.952],[101.13199,15.94917],[101.13296,15.94905],[101.13375,15.94722],[101.1354,15.94839],[101.13717,15.94719],[101.13796,15.94353],[101.13632,15.94238],[101.13651,15.94079],[101.13591,15.94011],[101.13391,15.9413],[101.13282,15.93898],[101.12965,15.93867],[101.1284,15.93776],[101.12864,15.93704],[101.1302,15.93794],[101.13165,15.93733],[101.13116,15.93566],[101.13181,15.93428],[101.13089,15.93329],[101.1292,15.93315],[101.12828,15.93476],[101.12496,15.93272],[101.12391,15.93353],[101.12204,15.93251],[101.12092,15.93314],[101.11895,15.93169],[101.11838,15.93045],[101.12037,15.93004],[101.12056,15.92847],[101.1215,15.92829],[101.12166,15.92705],[101.12054,15.92481],[101.11907,15.92473],[101.11966,15.92604],[101.118,15.92619],[101.1179,15.92861],[101.11687,15.93023],[101.11425,15.932],[101.11228,15.93095],[101.11358,15.93004],[101.11375,15.9286],[101.11186,15.92601]]}},{"type":"Feature","properties":{"name":"แม่น้ำป่าสัก","osm_id":126730336,"direction":"downstream"},"geometry":{"type":"LineString","coordinates":[[101.13781,16.30993],[101.13767,16.30885],[101.13894,16.3077],[101.13813,16.30684],[101.13888,16.30635],[101.13697,16.30336],[101.13725,16.30242],[101.13867,16.30279],[101.13815,16.30187],[101.13868,16.30124]]}},{"type":"Feature","properties":{"name":"แม่น้ำป่าสัก","osm_id":126730341,"direction":"downstream"},"geometry":{"type":"LineString","coordinates":[[101.13868,16.30124],[101.1409,16.29934],[101.14054,16.2978],[101.14133,16.29668],[101.14264,16.29684],[101.14171,16.29485],[101.14283,16.29385],[101.14236,16.29222],[101.14344,16.29142],[101.14204,16.29015],[101.14185,16.28871],[101.14363,16.28951],[101.14595,16.28625],[101.14701,16.28604],[101.14569,16.284],[101.14426,16.28382],[101.14508,16.28211],[101.14406,16.28114],[101.14389,16.27917],[101.1428,16.279],[101.14364,16.27829],[101.14346,16.27272],[101.14283,16.27226],[101.14171,16.27427],[101.14113,16.2734],[101.13982,16.2737],[101.13957,16.2725],[101.13863,16.27319],[101.13801,16.27286],[101.13895,16.27166],[101.13836,16.2707],[101.13635,16.27105],[101.13526,16.2694],[101.13451,16.27017],[101.13259,16.26908],[101.133,16.26781],[101.13217,16.26749],[101.13236,16.26633],[101.13135,16.26642],[101.13241,16.2651],[101.128,16.26382],[101.12867,16.26289],[101.13084,16.26346],[101.1308,16.26142],[101.13147,16.26041],[101.13067,16.25995],[101.12995,16.26047],[101.12981,16.25887],[101.12731,16.25687],[101.12645,16.25695],[101.12631,16.25804],[101.12476,16.25698],[101.1239,16.25884],[101.12303,16.25765],[101.12363,16.25609],[101.12277,16.25554],[101.12297,16.25271],[101.12419,16.25269],[101.1266,16.25096],[101.12793,16.24809],[101.13027,16.24772],[101.13093,16.24591],[101.13024,16.24494],[101.13096,16.24411],[101.1313,16.24111],[101.13254,16.2393],[101.1332,16.23457],[101.13042,16.23135],[101.12934,16.22652],[101.13035,16.22297],[101.1325,16.22204],[101.13217,16.21953],[101.13164,16.2189],[101.12879,16.21979],[101.12928,16.21776],[101.12744,16.2183],[101.12736,16.21683],[101.12985,16.2152],[101.13043,16.21626],[101.13179,16.21552],[101.13159,16.21425],[101.1347,16.21588],[101.13727,16.21295],[101.13626,16.21174],[101.13801,16.20971],[101.13798,16.20844],[101.13674,16.20865],[101.13584,16.20717],[101.13317,16.20671],[101.13446,16.20528],[101.13452,16.20369],[101.13296,16.2034],[101.13231,16.20052],[101.13043,16.20057],[101.1314,16.19806],[101.13113,16.19583],[101.13359,16.19584],[101.13471,16.19447],[101.13456,16.1934],[101.13284,16.19226],[101.13469,16.18911],[101.13499,16.18683],[101.13407,16.18588],[101.13173,16.1881],[101.12904,16.18218],[101.12823,16.18178],[101.12672,16.18235],[101.12719,16.17997],[101.12428,16.1797],[101.12034,16.17668],[101.11912,16.17952],[101.11428,16.17927],[101.11154,16.17804],[101.10836,16.17812],[101.10635,16.17439],[101.10501,16.17429],[101.10391,16.17591],[101.10274,16.17583],[101.10524,16.17098],[101.1037,16.16856],[101.10387,16.16756],[101.10621,16.16593],[101.10852,16.16563],[101.10636,16.16437],[101.10706,16.16249],[101.10553,16.16088],[101.10552,16.15919],[101.10466,16.15875],[101.10695,16.15642],[101.10471,16.1551],[101.10351,16.15347],[101.10255,16.1545],[101.10107,16.15458],[101.10069,16.15372],[101.09814,16.15422],[101.09949,16.15273],[101.09854,16.15181],[101.09934,16.1476],[101.10034,16.14709],[101.10296,16.14868],[101.10314,16.14799],[101.1018,16.14687],[101.10208,16.146],[101.1042,16.14592],[101.10483,16.14718],[101.10552,16.14659],[101.10521,16.14517],[101.10671,16.14536],[101.10709,16.14355],[101.10512,16.14361],[101.10492,16.14233],[101.10301,16.14234],[101.10283,16.14183],[101.10615,16.13991],[101.1068,16.14094],[101.10703,16.13913],[101.10821,16.13913],[101.10834,16.13826]]}},{"type":"Feature","properties":{"name":"แม่น้ำป่าสัก","osm_id":126730362,"direction":"downstream"},"geometry":{"type":"LineString","coordinates":[[101.10834,16.13826],[101.1076,16.13762],[101.10614,16.13867],[101.1059,16.13694],[101.10456,16.13658],[101.10354,16.13792],[101.10295,16.13772],[101.10239,16.13576],[101.10499,16.13532],[101.10423,16.13194],[101.10268,16.13224],[101.10205,16.13148],[101.10332,16.12968],[101.1032,16.12771],[101.09872,16.12668],[101.09939,16.12506],[101.09813,16.12352],[101.09944,16.1233],[101.09851,16.1204],[101.09711,16.11834],[101.09536,16.11811],[101.09661,16.11717],[101.0965,16.11512],[101.09835,16.11495],[101.09951,16.11213],[101.10096,16.11313],[101.10175,16.11233],[101.10157,16.10952],[101.10497,16.10722],[101.10505,16.10547],[101.10648,16.10366],[101.10589,16.10279],[101.10744,16.10219],[101.10688,16.10024],[101.10864,16.09946],[101.10742,16.09734],[101.10885,16.09698],[101.10693,16.09584],[101.10883,16.0957],[101.10998,16.09313],[101.11265,16.09259],[101.11107,16.09178],[101.11122,16.0901],[101.11234,16.09018],[101.11231,16.08898],[101.11334,16.08789],[101.11186,16.0868],[101.11162,16.08498],[101.10982,16.08547],[101.10947,16.08401],[101.10981,16.08339],[101.11034,16.08415],[101.11142,16.08409],[101.11084,16.08311],[101.11224,16.08214],[101.11127,16.08114],[101.11207,16.08042],[101.11077,16.07997],[101.11072,16.07869],[101.10969,16.07897],[101.11054,16.07721],[101.11239,16.07637],[101.11234,16.07425],[101.11113,16.07392],[101.11147,16.07484],[101.11047,16.07481],[101.10785,16.07222],[101.10823,16.07073],[101.10925,16.07101],[101.10893,16.07161],[101.10979,16.07273],[101.11145,16.07284],[101.11075,16.07196],[101.11172,16.07138],[101.11198,16.06959],[101.11289,16.07003],[101.11326,16.06901],[101.11493,16.06852],[101.11321,16.06724],[101.11541,16.06705],[101.11759,16.06565],[101.11674,16.06433],[101.11873,16.06211],[101.11773,16.05999],[101.11743,16.05629],[101.11956,16.05482],[101.11795,16.05288],[101.11701,16.04834],[101.11586,16.0478],[101.11563,16.04687],[101.11416,16.04756],[101.11268,16.04565],[101.1119,16.04845],[101.11105,16.04794],[101.11143,16.04608],[101.10944,16.04569],[101.10804,16.04637],[101.10729,16.04509],[101.10853,16.0445],[101.10742,16.04304],[101.10786,16.04144],[101.106,16.04238],[101.1052,16.04137],[101.10243,16.04065],[101.10194,16.03959],[101.10342,16.03974],[101.10387,16.03917],[101.10157,16.03882],[101.10233,16.03751],[101.10125,16.03611],[101.10201,16.03551],[101.10318,16.03679],[101.10466,16.03254],[101.10639,16.03292],[101.1062,16.03144],[101.10881,16.03098],[101.10874,16.0296],[101.10683,16.02925],[101.1076,16.02829],[101.1089,16.02863],[101.10833,16.02653],[101.10875,16.02548],[101.10962,16.02553],[101.10942,16.02703],[101.11051,16.0278],[101.1101,16.02911],[101.11146,16.02957],[101.1122,16.02904],[101.1111,16.02748],[101.11324,16.02478],[101.11472,16.025],[101.11497,16.02404],[101.11736,16.02428],[101.11647,16.02103],[101.11598,16.02289],[101.11264,16.02228],[101.11275,16.02162],[101.1151,16.02137],[101.1147,16.01947],[101.11309,16.0196],[101.11313,16.01833],[101.11141,16.01796],[101.11084,16.01704],[101.11138,16.01614],[101.11235,16.0166],[101.11103,16.01472],[101.11175,16.01303],[101.1132,16.01281],[101.11244,16.01508],[101.11339,16.01598],[101.11425,16.01458],[101.11571,16.01428],[101.11504,16.01303],[101.11672,16.01232],[101.11587,16.01096],[101.11759,16.00917],[101.11597,16.00796],[101.11611,16.00559]]}},{"type":"Feature","properties":{"name":"แม่น้ำป่าสัก","osm_id":127174610,"direction":"downstream"},"geometry":{"type":"LineString","coordinates":[[101.22594,15.34009],[101.22396,15.33931],[101.22046,15.33997],[101.22081,15.33903],[101.21969,15.33869],[101.21949,15.33779],[101.21233,15.33391],[101.21368,15.33053],[101.21275,15.32828],[101.21129,15.32532],[101.2079,15.32334],[101.20413,15.31725],[101.20316,15.31007],[101.20392,15.30913],[101.20878,15.30886],[101.21047,15.30756],[101.21041,15.30676],[101.20864,15.30653],[101.20864,15.30436],[101.21427,15.29458],[101.21407,15.29393],[101.2123,15.29443],[101.21161,15.29381],[101.21325,15.29143],[101.21326,15.28887],[101.20953,15.28606],[101.20542,15.28598],[101.20194,15.28495],[101.20314,15.28016],[101.19933,15.27934],[101.19713,15.27746],[101.19715,15.2723],[101.19634,15.27216],[101.19488,15.2735],[101.19043,15.27156],[101.18611,15.27181],[101.18859,15.26647],[101.19212,15.26422],[101.19435,15.25949],[101.19678,15.26007],[101.19652,15.25824],[101.1924,15.25558],[101.1958,15.25502],[101.19797,15.25206]]}},{"type":"Feature","properties":{"name":"แม่น้ำป่าสัก","osm_id":127174611,"direction":"downstream"},"geometry":{"type":"LineString","coordinates":[[101.07887,15.57659],[101.07801,15.57577],[101.07909,15.57529],[101.07985,15.57381],[101.07833,15.57357],[101.07845,15.57228],[101.08025,15.5703],[101.07805,15.56815],[101.07975,15.56833],[101.08075,15.56732],[101.07941,15.56711],[101.07989,15.56457],[101.0774,15.56575],[101.0769,15.56491],[101.07786,15.56345],[101.07733,15.56242],[101.07893,15.56267],[101.08031,15.56115],[101.08079,15.56226],[101.08247,15.56274],[101.08304,15.56225],[101.08233,15.56121],[101.08444,15.56069],[101.08247,15.55936],[101.08144,15.55964],[101.0828,15.5571],[101.08048,15.55766],[101.0795,15.55683],[101.08212,15.55363],[101.0799,15.55212],[101.0798,15.55138],[101.07883,15.55175],[101.07771,15.5508],[101.07882,15.55017],[101.07956,15.54709],[101.08075,15.54554],[101.08134,15.54137],[101.08329,15.53937]]}},{"type":"Feature","properties":{"name":"แม่น้ำป่าสัก","osm_id":127174613,"direction":"downstream"},"geometry":{"type":"LineString","coordinates":[[101.13841,15.3895],[101.13893,15.39081],[101.14029,15.39126],[101.14214,15.38996],[101.14256,15.39086],[101.1419,15.39212],[101.14359,15.39202],[101.1445,15.39354],[101.14368,15.39405],[101.14332,15.39568],[101.14396,15.39641],[101.14473,15.39659],[101.14594,15.3944],[101.14803,15.39687],[101.14955,15.39695],[101.1508,15.3979],[101.15068,15.39911],[101.15189,15.39764],[101.15387,15.39783],[101.1546,15.39866],[101.15272,15.40116],[101.15611,15.3995],[101.15793,15.40059],[101.15809,15.40174],[101.16127,15.40157],[101.15993,15.40304],[101.15797,15.40264],[101.15746,15.40357],[101.15963,15.40655],[101.16165,15.40544],[101.16277,15.40322],[101.16371,15.40396],[101.16321,15.40495],[101.16401,15.40577],[101.16538,15.40558],[101.16635,15.40438],[101.16829,15.40427],[101.1689,15.40471],[101.16852,15.40698],[101.17226,15.40785],[101.17408,15.40724],[101.17346,15.40516],[101.1753,15.40345],[101.17848,15.40423],[101.17967,15.4054],[101.18084,15.4044]]}},{"type":"Feature","properties":{"name":"แม่น้ำป่าสัก","osm_id":127174614,"direction":"downstream"},"geometry":{"type":"LineString","coordinates":[[101.08329,15.53937],[101.08442,15.53842],[101.0846,15.53959],[101.08574,15.53996],[101.0862,15.53777],[101.08806,15.53909],[101.0873,15.5363],[101.08848,15.53458],[101.08684,15.53095],[101.08883,15.52951],[101.08949,15.52787],[101.08898,15.52702],[101.08677,15.52811],[101.0868,15.52631],[101.08509,15.52567],[101.08376,15.52413],[101.08506,15.52236],[101.08284,15.52157],[101.08368,15.51927],[101.08238,15.5172],[101.08345,15.51662],[101.08482,15.51768],[101.08507,15.5189],[101.08749,15.51875],[101.08963,15.51702],[101.09022,15.51791],[101.09047,15.51438],[101.0918,15.51468],[101.09304,15.51302],[101.09537,15.51319],[101.09619,15.51223],[101.09441,15.51142],[101.09501,15.5097],[101.09459,15.50882],[101.09352,15.50902],[101.09336,15.50991],[101.09085,15.50956],[101.09279,15.50713],[101.09123,15.50684],[101.09163,15.50537],[101.08955,15.50309],[101.09091,15.50231],[101.09063,15.50088],[101.08865,15.50131],[101.08807,15.50259],[101.08525,15.5004],[101.0845,15.50064],[101.08439,15.50176],[101.08358,15.50161],[101.08326,15.49822],[101.08508,15.49839],[101.08649,15.4977],[101.08688,15.49854],[101.08711,15.49729],[101.08667,15.4962],[101.08358,15.49606],[101.0843,15.49449],[101.08338,15.48909],[101.08457,15.48808],[101.08515,15.49038],[101.08719,15.48976],[101.088,15.48815],[101.08945,15.48771],[101.09017,15.48535],[101.09141,15.48453],[101.09206,15.48142],[101.08902,15.48255],[101.08744,15.48117],[101.09163,15.47783],[101.08989,15.47612],[101.0916,15.47338],[101.0924,15.47301],[101.0951,15.47439],[101.09498,15.47656],[101.09606,15.47743],[101.09617,15.47456],[101.09816,15.47406],[101.09852,15.47311]]}},{"type":"Feature","properties":{"name":"แม่น้ำป่าสัก","osm_id":127174615,"direction":"downstream"},"geometry":{"type":"LineString","coordinates":[[101.09852,15.47311],[101.09863,15.47192],[101.10012,15.47158],[101.10079,15.46963],[101.10305,15.46906],[101.10299,15.46822],[101.10161,15.46791],[101.10247,15.46632],[101.10109,15.46534],[101.10518,15.46352],[101.10126,15.46155],[101.10302,15.45981],[101.10188,15.45809],[101.10513,15.45546],[101.10153,15.45406],[101.10091,15.45276],[101.10404,15.45332],[101.10387,15.45228],[101.10606,15.45205],[101.10645,15.45124],[101.10442,15.4492],[101.10309,15.45052],[101.10269,15.44815],[101.10462,15.44773],[101.10435,15.44559],[101.1027,15.44701],[101.10007,15.4456],[101.09804,15.44609],[101.09785,15.44522],[101.09866,15.4445],[101.09809,15.44231],[101.0992,15.44173],[101.09984,15.43999],[101.10147,15.43905],[101.10083,15.43709],[101.10137,15.43579],[101.10456,15.43427],[101.10495,15.43556],[101.10623,15.43565],[101.10687,15.4351],[101.10639,15.43397],[101.10715,15.43361],[101.10769,15.43386],[101.10766,15.43541],[101.10853,15.43558],[101.11105,15.43467],[101.11394,15.43209],[101.11489,15.43324],[101.11568,15.43283],[101.11709,15.42814],[101.11692,15.42668],[101.11842,15.42688],[101.118,15.42587],[101.11551,15.4256],[101.11729,15.42297],[101.1155,15.42217],[101.11512,15.42113],[101.11842,15.41911],[101.11648,15.41744],[101.11656,15.41667],[101.11849,15.41693],[101.11999,15.41828],[101.12269,15.41735],[101.12402,15.41804],[101.12544,15.41729],[101.12489,15.4197],[101.12648,15.41879],[101.12822,15.4192],[101.1275,15.41686],[101.13134,15.41562],[101.13068,15.41405],[101.13185,15.41283],[101.13168,15.41053],[101.13369,15.41052],[101.13414,15.40893],[101.13385,15.4081],[101.13195,15.40787],[101.13303,15.40615],[101.13165,15.40513],[101.13184,15.4039],[101.13366,15.40271],[101.13112,15.40174],[101.13245,15.40006],[101.13374,15.40046],[101.13603,15.39939],[101.1364,15.39753],[101.13602,15.3968],[101.13371,15.39721],[101.13343,15.39595],[101.13519,15.39483],[101.13295,15.39438],[101.13285,15.39225],[101.1315,15.39208],[101.1326,15.39055],[101.13185,15.38826],[101.136,15.38545],[101.13698,15.38588],[101.13841,15.3895]]}},{"type":"Feature","properties":{"name":"แม่น้ำป่าสัก","osm_id":127174616,"direction":"downstream"},"geometry":{"type":"LineString","coordinates":[[101.0997,15.65474],[101.09866,15.65214],[101.09879,15.65009],[101.09926,15.64932],[101.10033,15.64925],[101.0996,15.64713],[101.09788,15.64724],[101.09954,15.64565],[101.1,15.64414],[101.09774,15.64323],[101.09877,15.64182],[101.09821,15.63977],[101.09886,15.63754],[101.0979,15.63756],[101.09702,15.6388],[101.09612,15.63854],[101.09662,15.6367],[101.09382,15.63605],[101.0931,15.63176],[101.09162,15.63159],[101.0898,15.62956],[101.09107,15.62941],[101.09192,15.63052],[101.09327,15.63049],[101.09381,15.62885],[101.0968,15.62722],[101.09638,15.62475],[101.09766,15.62393],[101.09794,15.62213],[101.10221,15.62056],[101.1001,15.61889],[101.09885,15.62038],[101.09635,15.62088],[101.09638,15.61912],[101.09556,15.61849],[101.09437,15.62062],[101.09296,15.6203],[101.09276,15.62296],[101.09164,15.62182],[101.09035,15.62187],[101.08966,15.62091],[101.08831,15.62072],[101.08686,15.61914],[101.08684,15.61813],[101.08823,15.61677],[101.08992,15.61749],[101.08962,15.61629],[101.09215,15.60947],[101.09406,15.60906],[101.09502,15.6077],[101.09419,15.60681],[101.0928,15.60765],[101.09137,15.6069],[101.09149,15.60496],[101.09313,15.60473],[101.09327,15.60205],[101.09012,15.60198],[101.08987,15.59979],[101.08824,15.59875],[101.08797,15.59772],[101.08921,15.59647],[101.08758,15.59625],[101.08534,15.59459],[101.08625,15.59365],[101.08905,15.59481],[101.09013,15.59275],[101.09152,15.5946],[101.0927,15.59473],[101.09275,15.59295],[101.09587,15.59235],[101.09759,15.58943],[101.09565,15.59017],[101.09447,15.58892],[101.09362,15.59079],[101.09317,15.58899],[101.09067,15.58835],[101.08926,15.58695],[101.09127,15.58512],[101.09163,15.58606],[101.09232,15.58584],[101.09268,15.58332],[101.08978,15.58198],[101.08798,15.57692],[101.08461,15.57873],[101.08375,15.57884],[101.08323,15.57809],[101.08266,15.57909],[101.08186,15.57861],[101.08196,15.57783],[101.07935,15.5784],[101.07887,15.57659]]}},{"type":"Feature","properties":{"name":"แม่น้ำป่าสัก","osm_id":127185264,"direction":"downstream"},"geometry":{"type":"LineString","coordinates":[[101.3529,17.0038],[101.35106,17.0016],[101.34858,17.00066],[101.3494,16.99794],[101.34499,16.99842],[101.34409,16.99718],[101.34381,16.99349],[101.34524,16.99102],[101.34529,16.98786],[101.34412,16.98308],[101.33862,16.98605],[101.33716,16.98532],[101.33686,16.98207],[101.33395,16.98281],[101.33142,16.98486],[101.33158,16.98703],[101.33016,16.98957],[101.32884,16.98937],[101.32789,16.98811],[101.32808,16.98298],[101.32559,16.98195],[101.32333,16.98216],[101.32282,16.98487],[101.32182,16.98554],[101.32001,16.98448],[101.31929,16.98306],[101.31706,16.98205],[101.3165,16.98272],[101.31702,16.98397],[101.31531,16.98511],[101.31448,16.98672],[101.31159,16.98623],[101.3109,16.98541],[101.31171,16.98444],[101.31147,16.98254],[101.30887,16.97946],[101.30723,16.97862],[101.30724,16.97709],[101.30568,16.97593],[101.30583,16.97392],[101.30452,16.97264],[101.30481,16.97068],[101.30411,16.9693],[101.30162,16.96915],[101.30125,16.96755],[101.29869,16.96838],[101.29752,16.97107],[101.29967,16.97352],[101.29909,16.97416],[101.29631,16.97256],[101.29472,16.97276],[101.29317,16.97133],[101.29284,16.96917],[101.29128,16.96851],[101.292,16.96701],[101.291,16.9662],[101.29145,16.96463],[101.29221,16.96376],[101.29424,16.96391],[101.29606,16.96287],[101.29707,16.96119],[101.29782,16.96125],[101.29811,16.95891],[101.29746,16.95818],[101.29408,16.95823],[101.29282,16.95762],[101.29431,16.95363],[101.2938,16.952],[101.29483,16.94876],[101.29253,16.94453],[101.29297,16.94302],[101.29595,16.94305],[101.29714,16.94431],[101.29819,16.94386],[101.30033,16.94518],[101.30225,16.94482],[101.30399,16.9458],[101.30434,16.94493],[101.30572,16.94484],[101.30548,16.94301],[101.30391,16.94093],[101.30008,16.94028],[101.29987,16.93902],[101.30068,16.9378],[101.30754,16.93521],[101.3103,16.93789],[101.31446,16.93721],[101.31517,16.93506],[101.31357,16.93492],[101.31265,16.93324],[101.31929,16.92934],[101.31899,16.92834],[101.31595,16.92644],[101.31626,16.92419],[101.31461,16.92182],[101.31654,16.92025],[101.31845,16.9204],[101.31939,16.91807],[101.32028,16.91838],[101.32073,16.91538],[101.32344,16.91384],[101.32508,16.91143],[101.32237,16.91069],[101.3188,16.91083],[101.31814,16.91004],[101.31836,16.90901],[101.32097,16.90745],[101.32063,16.90484],[101.31863,16.90379],[101.32014,16.8999],[101.31985,16.89721],[101.32053,16.89659],[101.32588,16.89627],[101.32879,16.8938],[101.32985,16.89436],[101.33052,16.89702],[101.33189,16.89738],[101.33303,16.89667],[101.3353,16.89722],[101.33777,16.89432],[101.33765,16.8936],[101.33373,16.89402],[101.33163,16.89283],[101.33143,16.88916],[101.32701,16.88973],[101.32626,16.88584],[101.32719,16.88288]]}},{"type":"Feature","properties":{"name":"แม่น้ำลพบุรี","osm_id":140355999,"direction":"downstream"},"geometry":{"type":"LineString","coordinates":[[100.53751,14.55491],[100.53966,14.55011],[100.5395,14.54878],[100.53689,14.54701],[100.52932,14.54574],[100.52765,14.54611],[100.52626,14.54531],[100.52568,14.54247],[100.52697,14.53965],[100.5274,14.53484],[100.52828,14.53383]]}},{"type":"Feature","properties":{"name":"แม่น้ำโขง","osm_id":141065454,"direction":"downstream"},"geometry":{"type":"LineString","coordinates":[[104.98132,16.29259],[104.98493,16.28617],[104.99229,16.26654],[105.01521,16.24253],[105.0215,16.22841],[105.02594,16.21033],[105.0293,16.18628],[105.0335,16.1672],[105.03559,16.15284],[105.03642,16.13871],[105.03947,16.1296],[105.04698,16.12024],[105.0511,16.11723],[105.06191,16.11138],[105.06668,16.10728],[105.06904,16.10426],[105.07315,16.10268],[105.07716,16.09861],[105.09274,16.09088],[105.09911,16.09154],[105.10539,16.08979],[105.11985,16.07709],[105.1216,16.07717],[105.12707,16.08021],[105.13622,16.07941],[105.14088,16.07561],[105.16032,16.07002],[105.21139,16.05021],[105.23017,16.04624],[105.2499,16.04391],[105.2681,16.04271],[105.29684,16.03816],[105.31517,16.03226],[105.35519,16.0288],[105.36376,16.02315],[105.3967,16.01909],[105.41569,16.01399],[105.42392,16.00479],[105.42403,16.00125],[105.4256,15.99629],[105.42472,15.9913],[105.41938,15.9856],[105.39211,15.99208],[105.38839,15.98982],[105.37672,15.97969],[105.3739,15.97405],[105.36907,15.97051],[105.36369,15.95775],[105.35854,15.94893],[105.35645,15.94271],[105.34339,15.9256],[105.34276,15.92287],[105.34299,15.91755],[105.34464,15.9113],[105.35232,15.9064],[105.3614,15.88498],[105.37136,15.86506],[105.3728,15.85956],[105.37738,15.85021],[105.38026,15.84185],[105.3832,15.83783],[105.38577,15.83581],[105.38915,15.82846],[105.39041,15.81029],[105.39117,15.80781],[105.39634,15.80043],[105.4009,15.79575],[105.41114,15.79455],[105.41575,15.7924],[105.42013,15.7893],[105.42057,15.78568],[105.41901,15.7789],[105.42097,15.7726],[105.43126,15.75934],[105.43455,15.7579]]}},{"type":"Feature","properties":{"name":"แม่น้ำตาปี","osm_id":145306090,"direction":"downstream"},"geometry":{"type":"LineString","coordinates":[[99.55787,8.56064],[99.55853,8.56196],[99.5567,8.56119],[99.55304,8.56358],[99.55218,8.56231],[99.54922,8.56182],[99.5489,8.56024],[99.5454,8.56121],[99.54417,8.55909],[99.54149,8.56096],[99.54126,8.56186],[99.54258,8.5627],[99.5409,8.56334],[99.53517,8.55912],[99.53001,8.55945],[99.52935,8.55491],[99.53088,8.55395],[99.53102,8.55309],[99.52999,8.5525],[99.52815,8.55408],[99.52627,8.5539],[99.52659,8.55088],[99.52502,8.54937],[99.5245,8.54706],[99.5222,8.54819],[99.52128,8.54761],[99.52108,8.54604],[99.51803,8.54775],[99.51303,8.54795],[99.51018,8.54527],[99.50989,8.54385],[99.51098,8.54218],[99.51381,8.54133],[99.51422,8.535],[99.51355,8.53274],[99.51212,8.53097],[99.50694,8.52894],[99.50788,8.52613],[99.50736,8.5243],[99.50853,8.52306],[99.50726,8.51858],[99.50975,8.51746],[99.50963,8.51572],[99.51105,8.51472],[99.51054,8.51321],[99.51213,8.51114],[99.51196,8.51007],[99.5103,8.50847],[99.5053,8.50824],[99.50516,8.50514],[99.50398,8.50402],[99.50009,8.50484],[99.50163,8.50127],[99.49845,8.49811],[99.49864,8.49519],[99.49776,8.49067],[99.49604,8.48753],[99.49553,8.48369],[99.49523,8.48299],[99.49362,8.48267],[99.49259,8.48018],[99.49417,8.47815],[99.49473,8.47598],[99.49202,8.47297],[99.49346,8.46949],[99.49531,8.46899],[99.49798,8.46606],[99.49948,8.46561],[99.50149,8.46644],[99.50245,8.46595],[99.50354,8.46401],[99.5031,8.46052],[99.50517,8.45887],[99.50647,8.45638],[99.50866,8.4559],[99.50832,8.45478],[99.50618,8.45364],[99.50781,8.45064],[99.50551,8.4501],[99.50769,8.44935],[99.50879,8.4508],[99.50911,8.44999],[99.50675,8.44722],[99.50855,8.44626],[99.50705,8.44595],[99.50668,8.44503],[99.50781,8.44276],[99.50907,8.44322]]}},{"type":"Feature","properties":{"name":"แม่น้ำบางปะกง","osm_id":150890432,"direction":"downstream"},"geometry":{"type":"LineString","coordinates":[[101.16195,13.85308],[101.16281,13.85022],[101.16198,13.84711],[101.15811,13.84174],[101.15797,13.84059],[101.15913,13.83818],[101.16232,13.83526],[101.16266,13.83277],[101.15764,13.82812],[101.15767,13.8256],[101.15985,13.82445],[101.16577,13.82565],[101.16949,13.82506],[101.17526,13.81898],[101.18756,13.80941],[101.18842,13.80718],[101.18768,13.80542],[101.1813,13.80222],[101.18064,13.79836],[101.18238,13.79589],[101.18409,13.79527],[101.18884,13.79486],[101.19457,13.79666],[101.19713,13.79572],[101.19771,13.79413],[101.19713,13.79176],[101.1917,13.7874],[101.19155,13.78371],[101.19319,13.78184],[101.19994,13.781],[101.20163,13.7802],[101.20238,13.77865],[101.20173,13.77401],[101.20434,13.76688],[101.20359,13.76473],[101.2017,13.76347],[101.19563,13.76236],[101.19413,13.76108],[101.19331,13.75895],[101.19549,13.75331],[101.19464,13.7501],[101.19205,13.7479],[101.18937,13.74754],[101.1857,13.74877],[101.18139,13.75193],[101.18009,13.76042],[101.1776,13.76139],[101.17441,13.76059],[101.1715,13.75854],[101.17013,13.75571],[101.17046,13.75119],[101.17271,13.74372],[101.1761,13.73765],[101.17929,13.73559],[101.1835,13.73496],[101.20054,13.73743],[101.20636,13.7411],[101.20772,13.7413],[101.20975,13.74055],[101.21083,13.73739],[101.21053,13.73431],[101.20903,13.7311],[101.20041,13.72264],[101.19604,13.72177],[101.18771,13.72628],[101.18396,13.72499],[101.18204,13.71668],[101.18045,13.71466],[101.17635,13.71376],[101.17217,13.71406],[101.16863,13.71274],[101.16651,13.71038],[101.16568,13.70697],[101.16638,13.69883],[101.16466,13.69664],[101.16098,13.69542],[101.15694,13.69548],[101.15535,13.69618],[101.15273,13.69929],[101.1527,13.70634],[101.15181,13.70923],[101.14906,13.71141],[101.14651,13.71121],[101.14293,13.70803],[101.13719,13.70794]]}},{"type":"Feature","properties":{"name":"แม่น้ำเจ้าพระยา","osm_id":151678166,"direction":"downstream"},"geometry":{"type":"LineString","coordinates":[[100.53938,13.95579],[100.53832,13.95174],[100.53403,13.94679],[100.52938,13.94421],[100.52422,13.94349]]}},{"type":"Feature","properties":{"name":"แม่น้ำเจ้าพระยา","osm_id":151678168,"direction":"downstream"},"geometry":{"type":"LineString","coordinates":[[100.50181,13.93626],[100.49936,13.92513]]}},{"type":"Feature","properties":{"name":"แม่น้ำเจ้าพระยา","osm_id":154400171,"direction":"downstream"},"geometry":{"type":"LineString","coordinates":[[100.55469,13.65626],[100.54377,13.66059],[100.53928,13.66059]]}},{"type":"Feature","properties":{"name":"แม่น้ำเจ้าพระยา","osm_id":155607274,"direction":"downstream"},"geometry":{"type":"LineString","coordinates":[[100.5339,13.96636],[100.53795,13.9606],[100.53938,13.95579]]}},{"type":"Feature","properties":{"name":"แม่น้ำโขง","osm_id":155863817,"direction":"downstream"},"geometry":{"type":"LineString","coordinates":[[101.55126,17.82107],[101.56423,17.83942],[101.56779,17.84899],[101.57008,17.86252],[101.57233,17.86683],[101.57644,17.86834],[101.57978,17.86684],[101.58208,17.86412],[101.58607,17.85356],[101.58826,17.85037],[101.59094,17.84972],[101.59463,17.85108],[101.59905,17.85519],[101.60648,17.87114],[101.61053,17.87694],[101.61242,17.88633],[101.61482,17.89042],[101.61879,17.89172],[101.62656,17.89228],[101.64911,17.89632],[101.67802,17.90628],[101.68909,17.9121],[101.69437,17.91355],[101.69859,17.91355],[101.70175,17.91259],[101.7034,17.9112],[101.70669,17.90429],[101.70758,17.90349],[101.71042,17.9033],[101.71282,17.9043],[101.72381,17.91265],[101.73085,17.91888],[101.73288,17.92158],[101.7343,17.9258],[101.72905,17.94601],[101.72926,17.94913],[101.7337,17.95893],[101.73563,17.96498],[101.73818,17.98256],[101.73944,17.98672],[101.75063,17.99888],[101.75354,18.00451],[101.75536,18.01297],[101.75546,18.03192],[101.75804,18.03757],[101.76179,18.0415],[101.76306,18.04381],[101.76539,18.05107],[101.76693,18.06195],[101.76988,18.06782],[101.7803,18.07406],[101.78319,18.07455],[101.78992,18.069],[101.79397,18.0643],[101.80063,18.06425],[101.81609,18.0591],[101.82149,18.06058],[101.82496,18.05967],[101.82829,18.05782],[101.83142,18.05412],[101.83491,18.05172],[101.84077,18.05066],[101.85762,18.04327],[101.86296,18.03889],[101.86912,18.03233],[101.87284,18.03024],[101.87788,18.02859],[101.8827,18.02842],[101.88682,18.02963],[101.89491,18.03379],[101.90802,18.03876],[101.91148,18.04214],[101.91243,18.05158],[101.91488,18.05759],[101.91911,18.06023],[101.92493,18.06071],[101.92686,18.06195],[101.93757,18.07388],[101.94317,18.0833],[101.95319,18.09238],[101.95534,18.09987],[101.95778,18.10331],[101.96677,18.11],[101.99126,18.12091],[101.99408,18.12597],[102.00192,18.13259],[102.00981,18.142],[102.01331,18.14295],[102.02083,18.1496],[102.02332,18.15069],[102.02565,18.15032],[102.02739,18.15091],[102.03483,18.16171],[102.03578,18.16717],[102.03573,18.17162],[102.04107,18.18591],[102.04447,18.19821],[102.05391,18.20294],[102.07924,18.21796],[102.08315,18.21978],[102.08727,18.22063],[102.09504,18.21732],[102.10025,18.21634],[102.1121,18.20978],[102.11374,18.20997],[102.11906,18.21333],[102.12791,18.21414],[102.13304,18.21631],[102.14013,18.21288],[102.14395,18.2096],[102.14938,18.20758],[102.15064,18.20544],[102.15158,18.20507],[102.16172,18.20508],[102.16437,18.20433],[102.17092,18.18569],[102.1737,18.17301],[102.18016,18.16166],[102.18403,18.15168],[102.18697,18.14761],[102.19936,18.13879],[102.20223,18.138],[102.20929,18.13874],[102.21203,18.13794],[102.21615,18.13333],[102.22165,18.12289],[102.22506,18.11816],[102.24607,18.1005],[102.26675,18.07847],[102.27416,18.06881],[102.28896,18.05517],[102.29246,18.05423],[102.29954,18.05509],[102.31082,18.05285],[102.3213,18.05166],[102.33597,18.05107],[102.34256,18.04862],[102.35711,18.03744],[102.38294,18.01924],[102.39889,18.00396],[102.41219,17.99473],[102.43286,17.98365],[102.46021,17.97169],[102.46656,17.96957],[102.47328,17.96796],[102.48802,17.96724],[102.49461,17.96794],[102.50974,17.97212],[102.53188,17.97416],[102.53952,17.9733],[102.55055,17.97081],[102.57003,17.9644],[102.59844,17.9583],[102.60467,17.95546],[102.61166,17.94832],[102.61359,17.94489],[102.61463,17.94109],[102.61509,17.91076],[102.61406,17.9043],[102.60827,17.88817],[102.59072,17.8517],[102.5899,17.84602],[102.59042,17.84332],[102.59209,17.83928],[102.59638,17.83455],[102.60759,17.83153],[102.62237,17.83082],[102.63016,17.83164],[102.63878,17.83143],[102.64445,17.82884],[102.64846,17.8258],[102.6573,17.81393],[102.66215,17.80905],[102.66588,17.80641],[102.66954,17.80447],[102.67474,17.80346],[102.68557,17.8047],[102.68914,17.80693],[102.69443,17.8118],[102.69758,17.81648],[102.69841,17.81973],[102.69809,17.82235],[102.69519,17.827],[102.68548,17.83385],[102.6832,17.83613],[102.68007,17.84146],[102.67942,17.84612],[102.67989,17.85003],[102.68496,17.86564],[102.69094,17.87183],[102.69942,17.87645],[102.7094,17.87951],[102.71591,17.88042],[102.73948,17.88612],[102.76011,17.89462]]}},{"type":"Feature","properties":{"name":"แม่น้ำเจ้าพระยา","osm_id":155900598,"direction":"downstream"},"geometry":{"type":"LineString","coordinates":[[100.57702,14.27864],[100.58364,14.27448],[100.58524,14.27155],[100.58592,14.26877],[100.58573,14.26499],[100.58274,14.25918]]}},{"type":"Feature","properties":{"name":"แม่น้ำเจ้าพระยา","osm_id":156261314,"direction":"downstream"},"geometry":{"type":"LineString","coordinates":[[100.51013,13.73442],[100.51229,13.72938]]}},{"type":"Feature","properties":{"name":"แม่น้ำปิง","osm_id":156365727,"direction":"downstream"},"geometry":{"type":"LineString","coordinates":[[98.60926,18.01016],[98.61587,18.00909],[98.61807,18.00042],[98.61815,17.99723],[98.62003,17.99545],[98.62486,17.99439],[98.62997,17.99527],[98.63188,17.99629],[98.63624,18.00739],[98.63732,18.00826],[98.63896,18.00797],[98.63892,18.00024],[98.63958,17.99738],[98.64129,17.99449],[98.64174,17.99136],[98.65274,17.97777]]}},{"type":"Feature","properties":{"name":"แม่น้ำโขง","osm_id":171673835,"direction":"downstream"},"geometry":{"type":"LineString","coordinates":[[101.80911,19.64562],[101.8051,19.63918],[101.80553,19.63217],[101.80719,19.6247],[101.80696,19.62155],[101.80449,19.6171],[101.80211,19.60752],[101.79741,19.59796],[101.79594,19.592],[101.79799,19.58381],[101.80397,19.57437],[101.8073,19.56723],[101.80884,19.56273],[101.80908,19.55664],[101.81639,19.54071],[101.81539,19.52642],[101.81356,19.51852],[101.81129,19.51401],[101.80284,19.50308],[101.80103,19.4994],[101.79999,19.49137],[101.80009,19.48654],[101.80103,19.48279],[101.8052,19.47593],[101.8188,19.45904],[101.82278,19.44779],[101.83863,19.4323],[101.85107,19.42434],[101.85736,19.42127],[101.87253,19.4174],[101.87795,19.41455],[101.88786,19.41487],[101.89506,19.40996],[101.89667,19.40641],[101.89633,19.40367],[101.89489,19.40192],[101.88866,19.39773],[101.88057,19.38807],[101.86626,19.3762],[101.86046,19.3731],[101.8541,19.36609],[101.85034,19.3595],[101.84441,19.34505],[101.83897,19.33647],[101.83574,19.32954],[101.83481,19.32116],[101.83025,19.30848],[101.82747,19.30237],[101.82205,19.29635],[101.81669,19.28612],[101.81187,19.26059],[101.81256,19.25677],[101.8173,19.24441]]}},{"type":"Feature","properties":{"name":"แม่น้ำโขง","osm_id":171673837,"direction":"downstream"},"geometry":{"type":"LineString","coordinates":[[101.80136,19.04464],[101.79572,19.01721],[101.79515,19.01005],[101.7967,18.99843],[101.79669,18.99345],[101.80014,18.97493],[101.80181,18.95201],[101.80143,18.94986],[101.79908,18.94552],[101.79739,18.93051],[101.79301,18.91261],[101.79219,18.90288],[101.78996,18.8961],[101.78982,18.88944],[101.79263,18.88659],[101.79326,18.88171],[101.79259,18.87496],[101.79334,18.87292],[101.8021,18.86528],[101.81338,18.85939],[101.81632,18.85711],[101.81911,18.85262],[101.82809,18.84675],[101.82978,18.84214],[101.8402,18.83171],[101.84641,18.81389],[101.84592,18.80727],[101.84647,18.80033],[101.84579,18.79343],[101.84246,18.78396],[101.84044,18.77634],[101.83919,18.76708],[101.83599,18.75666],[101.83424,18.75363],[101.82356,18.74243],[101.81103,18.71298],[101.8039,18.69385],[101.80286,18.68619],[101.79954,18.67968],[101.79984,18.65065],[101.79548,18.63539],[101.78844,18.62475],[101.76936,18.59191],[101.76252,18.57455],[101.76116,18.56828],[101.75334,18.55676],[101.7441,18.54675],[101.73865,18.53804],[101.72931,18.51747],[101.72107,18.502],[101.70322,18.47888],[101.69312,18.47197],[101.6868,18.46951],[101.68194,18.46864],[101.67267,18.46878],[101.66582,18.46982],[101.65895,18.47173],[101.64877,18.47652],[101.64636,18.47666],[101.64366,18.47548],[101.63518,18.46026],[101.62833,18.45013],[101.62071,18.43609],[101.60937,18.42113],[101.60302,18.41133],[101.59767,18.40656],[101.58491,18.40226],[101.5785,18.39913],[101.572,18.39463],[101.56958,18.39189],[101.56478,18.3819],[101.56115,18.36886],[101.55899,18.36442],[101.53354,18.33418],[101.52388,18.31142],[101.52002,18.30843],[101.51489,18.30862],[101.50307,18.31569],[101.49552,18.31554],[101.49409,18.31474],[101.49228,18.3107],[101.49087,18.30928],[101.48799,18.30861],[101.4834,18.30914],[101.47684,18.30538],[101.46962,18.29899],[101.46557,18.29288],[101.46036,18.28062],[101.45707,18.27775],[101.44861,18.26713],[101.4329,18.25151],[101.42136,18.23557],[101.41797,18.22519],[101.40554,18.20482],[101.40156,18.19474],[101.39612,18.18558],[101.3931,18.17715],[101.3913,18.16479],[101.39151,18.16051],[101.38693,18.14821],[101.38657,18.14175],[101.38833,18.13296],[101.38686,18.12982],[101.38836,18.12611],[101.39248,18.12287],[101.39749,18.11528],[101.3983,18.10878],[101.40476,18.10172],[101.4104,18.09289],[101.41986,18.08251],[101.42333,18.07574],[101.42376,18.07276],[101.42085,18.04942],[101.42443,18.02141],[101.42456,18.0042],[101.42312,17.99449],[101.41415,17.96808],[101.4105,17.95334],[101.40977,17.93313],[101.41123,17.92574],[101.41737,17.91635],[101.42548,17.90826],[101.42818,17.90451],[101.43668,17.8865],[101.43956,17.88258],[101.44595,17.87739],[101.45063,17.87469],[101.45552,17.87343],[101.45998,17.87326],[101.46428,17.87412],[101.4684,17.87592],[101.47226,17.87882],[101.48232,17.88948],[101.48578,17.89066],[101.48887,17.89001],[101.49045,17.8887],[101.49243,17.88392],[101.4929,17.86362],[101.49457,17.85778],[101.49814,17.85525],[101.50459,17.85605]]}},{"type":"Feature","properties":{"name":"แม่น้ำตาปี","osm_id":171952608,"direction":"downstream"},"geometry":{"type":"LineString","coordinates":[[99.30651,9.22802],[99.31326,9.23165],[99.31608,9.23232],[99.32123,9.23191]]}},{"type":"Feature","properties":{"name":"แม่น้ำท่าจีน","osm_id":173299753,"direction":"downstream"},"geometry":{"type":"LineString","coordinates":[[100.0891,14.7734],[100.08843,14.77113]]}},{"type":"Feature","properties":{"name":"แม่น้ำท่าจีน","osm_id":173375444,"direction":"downstream"},"geometry":{"type":"LineString","coordinates":[[100.0883,14.77064],[100.0878,14.76871]]}},{"type":"Feature","properties":{"name":"แม่น้ำท่าจีน","osm_id":173375445,"direction":"downstream"},"geometry":{"type":"LineString","coordinates":[[100.08843,14.77113],[100.0883,14.77064]]}},{"type":"Feature","properties":{"name":"แม่น้ำเจ้าพระยา","osm_id":174178468,"direction":"downstream"},"geometry":{"type":"LineString","coordinates":[[100.49936,13.92513],[100.49856,13.9214],[100.49689,13.91821],[100.49495,13.91633],[100.49089,13.91435]]}},{"type":"Feature","properties":{"name":"แม่น้ำเจ้าพระยา","osm_id":174178469,"direction":"downstream"},"geometry":{"type":"LineString","coordinates":[[100.48883,13.89918],[100.48999,13.8979],[100.49066,13.89432]]}},{"type":"Feature","properties":{"name":"แม่น้ำโขง","osm_id":181324785,"direction":"downstream"},"geometry":{"type":"LineString","coordinates":[[105.43455,15.7579],[105.43756,15.75714],[105.45201,15.74986],[105.46128,15.74662],[105.46718,15.74631],[105.46926,15.74735],[105.47297,15.75185],[105.48063,15.75583],[105.49572,15.76651],[105.49759,15.76716],[105.50409,15.76736],[105.50994,15.76564],[105.51521,15.75757],[105.52104,15.75712],[105.52332,15.75622],[105.5324,15.7494],[105.53638,15.74836],[105.54624,15.75067],[105.55222,15.75024],[105.5567,15.74722],[105.56022,15.73923],[105.56548,15.7368],[105.57507,15.73408],[105.59425,15.72614],[105.60108,15.72124],[105.60421,15.71419],[105.60658,15.7029],[105.61012,15.69349],[105.61355,15.68847],[105.62705,15.67815],[105.63446,15.66378],[105.63668,15.65536],[105.6371,15.65117],[105.63618,15.63853],[105.63714,15.63332],[105.6317,15.61743],[105.62858,15.60442],[105.62749,15.59419],[105.62822,15.57897],[105.62481,15.56304],[105.62114,15.55689],[105.61283,15.55075],[105.60843,15.54605],[105.60702,15.53936],[105.60416,15.53218],[105.59306,15.51135],[105.59358,15.50465],[105.59742,15.49733],[105.60319,15.47848],[105.6021,15.46924],[105.59782,15.46026],[105.59765,15.44427],[105.59288,15.42727],[105.58474,15.41405],[105.57899,15.40834],[105.57328,15.40396],[105.55751,15.39668],[105.53381,15.39051],[105.51969,15.39171],[105.49461,15.38605],[105.49209,15.38455],[105.48512,15.37612],[105.47633,15.36884],[105.4724,15.35972],[105.46924,15.35504],[105.46778,15.35014],[105.4678,15.34647],[105.4694,15.34185],[105.47341,15.33589],[105.48548,15.33085],[105.48802,15.32881]]}},{"type":"Feature","properties":{"name":"แม่น้ำโขง","osm_id":181324789,"direction":"downstream"},"geometry":{"type":"LineString","coordinates":[[105.48802,15.32881],[105.49594,15.3212],[105.51116,15.31784],[105.51483,15.31902],[105.5201,15.32221],[105.54056,15.3245],[105.55133,15.32181],[105.56006,15.32277],[105.57458,15.32909]]}},{"type":"Feature","properties":{"name":"แม่น้ำปิง","osm_id":195255987,"direction":"downstream"},"geometry":{"type":"LineString","coordinates":[[98.98793,19.40125],[98.98938,19.39757],[98.98786,19.39594],[98.9856,19.39509],[98.98328,19.39535],[98.98244,19.39424],[98.98003,19.39384],[98.97843,19.39583],[98.97711,19.39432],[98.97742,19.39165],[98.97612,19.38968],[98.9767,19.38871],[98.97895,19.38774],[98.97771,19.38602],[98.97587,19.38581],[98.97581,19.38446],[98.97707,19.38378],[98.9766,19.38264],[98.9746,19.38283],[98.97428,19.382],[98.97684,19.37964],[98.9754,19.37886],[98.97417,19.37954],[98.97306,19.37853],[98.97375,19.37732],[98.97283,19.37506],[98.97379,19.3727],[98.97022,19.37116],[98.96901,19.36907],[98.9684,19.3657],[98.96855,19.36106],[98.9706,19.35916],[98.96806,19.35638],[98.97157,19.35507],[98.97191,19.35416],[98.9675,19.34709],[98.96861,19.34568],[98.96795,19.34409],[98.96577,19.34312],[98.96379,19.34398],[98.96246,19.3429],[98.96247,19.33948],[98.96409,19.33869],[98.96477,19.33748],[98.96359,19.33533],[98.96251,19.33476],[98.96384,19.33305],[98.96239,19.33057],[98.964,19.32853],[98.96387,19.32767],[98.96235,19.32687],[98.96039,19.3275],[98.95837,19.32643],[98.95783,19.32405],[98.95644,19.32284],[98.95832,19.3218],[98.9601,19.31934],[98.96148,19.319],[98.96328,19.31972],[98.96437,19.31913],[98.9645,19.31812],[98.96316,19.31694],[98.96609,19.31379],[98.96588,19.3126],[98.96419,19.31226],[98.96225,19.30962],[98.96394,19.30841],[98.96287,19.30657],[98.96523,19.30563],[98.96502,19.30404],[98.96237,19.30406],[98.96143,19.30255],[98.95799,19.30362],[98.95724,19.30288],[98.95699,19.30069],[98.96512,19.29408],[98.96549,19.29274],[98.96438,19.28962],[98.96481,19.28896],[98.96655,19.28892],[98.96665,19.28661],[98.96977,19.28592],[98.96855,19.2848],[98.97024,19.28333],[98.96729,19.27994],[98.96792,19.27821],[98.97006,19.27787],[98.97237,19.27372],[98.97021,19.27037],[98.97015,19.26721],[98.9691,19.26414],[98.97239,19.26436],[98.97355,19.26344],[98.97238,19.26232],[98.97125,19.25944],[98.9714,19.25701],[98.96925,19.25624],[98.96832,19.25462],[98.9697,19.25298],[98.97353,19.25227],[98.97401,19.2516],[98.96869,19.24985],[98.96764,19.24883],[98.9696,19.24808],[98.96939,19.24639],[98.97254,19.2423],[98.97179,19.23779],[98.97504,19.23506],[98.97438,19.23408],[98.97179,19.23343],[98.97143,19.23273],[98.97398,19.22885],[98.97362,19.22735]]}},{"type":"Feature","properties":{"name":"แม่น้ำปิง","osm_id":195257473,"direction":"downstream"},"geometry":{"type":"LineString","coordinates":[[98.99112,19.44742],[98.99248,19.44571],[98.99439,19.44506],[98.99536,19.44587],[98.99501,19.44911],[98.99662,19.44943],[98.99947,19.44613],[98.99765,19.44555],[98.99778,19.44393],[98.99879,19.44277],[99.00197,19.44171],[99.00167,19.44021],[99.00001,19.4404],[98.99707,19.43841],[98.99812,19.437],[98.99794,19.43619],[98.99441,19.4373],[98.99379,19.43554],[98.9943,19.43388],[98.99118,19.43289],[98.99033,19.42869],[98.9913,19.42548],[98.9953,19.42644],[98.99669,19.42561],[98.99709,19.42446],[98.99415,19.42507],[98.9927,19.42457],[98.99179,19.42036],[98.99326,19.42026],[98.9954,19.42202],[98.9967,19.42171],[98.9977,19.41839],[98.99855,19.41763],[98.99784,19.4158],[98.9989,19.4152],[99.00038,19.4157],[99.00044,19.4148],[99.00117,19.41462],[98.99981,19.41293],[99.001,19.40943],[98.99787,19.40807],[98.99707,19.40536],[98.99874,19.40287],[98.99671,19.40312],[98.99416,19.40565],[98.99356,19.40738],[98.991,19.40752],[98.98725,19.40374],[98.98793,19.40125]]}},{"type":"Feature","properties":{"name":"แม่น้ำปิง","osm_id":195262807,"direction":"downstream"},"geometry":{"type":"LineString","coordinates":[[98.89256,19.7077],[98.89387,19.70516],[98.89374,19.70268],[98.89468,19.70288],[98.89493,19.70194],[98.89168,19.70059],[98.89117,19.69964],[98.89301,19.69919],[98.89542,19.69506],[98.89432,19.69424],[98.89475,19.69341],[98.89417,19.69229],[98.89606,19.68864],[98.89786,19.69032],[98.89876,19.69014],[98.89783,19.68834],[98.89835,19.68791],[98.90166,19.68992],[98.90118,19.6872],[98.9027,19.68746],[98.90433,19.68589],[98.90426,19.68504],[98.90704,19.68371],[98.90813,19.68175],[98.90909,19.68173],[98.91104,19.67998],[98.91131,19.67804],[98.91068,19.67755],[98.91225,19.6771],[98.91304,19.67447],[98.9183,19.67315],[98.91712,19.67196],[98.91596,19.67182],[98.91794,19.66753],[98.91695,19.66817],[98.91616,19.66739],[98.91805,19.66377],[98.91916,19.66322],[98.9196,19.6612],[98.92045,19.6612],[98.91933,19.66015],[98.91962,19.6574],[98.92108,19.65727],[98.91925,19.65635],[98.92047,19.65565],[98.91979,19.654],[98.92075,19.65152],[98.91929,19.65119],[98.91969,19.6498],[98.91792,19.65062],[98.91766,19.65019],[98.91785,19.64864],[98.91928,19.64709],[98.9171,19.64636],[98.91836,19.64539],[98.91867,19.64051],[98.92033,19.63672],[98.91881,19.63626],[98.91831,19.63534],[98.91717,19.63534],[98.91711,19.63458],[98.91261,19.63056],[98.91449,19.62885],[98.91641,19.62844],[98.91558,19.62604],[98.91386,19.62421],[98.91564,19.62281],[98.91559,19.62039],[98.92007,19.61871],[98.91875,19.61786],[98.91948,19.61687],[98.92351,19.61686],[98.92467,19.61566],[98.9271,19.61903],[98.92799,19.61871],[98.92849,19.61654],[98.9314,19.61499],[98.93232,19.61112],[98.93354,19.61087],[98.93414,19.60955],[98.93603,19.60913],[98.93728,19.61026],[98.94197,19.61049],[98.9418,19.60901],[98.93919,19.60638],[98.93933,19.60451],[98.93755,19.60474],[98.93956,19.60226],[98.93673,19.60012],[98.93815,19.59902],[98.93807,19.59661],[98.93676,19.59294],[98.93778,19.59141],[98.93777,19.58986],[98.9355,19.59049],[98.93416,19.58867],[98.93416,19.58712],[98.93559,19.58519],[98.93771,19.58686],[98.94196,19.57898],[98.94286,19.57915],[98.94374,19.58169],[98.94523,19.58308],[98.94623,19.58262],[98.94698,19.58063],[98.94692,19.57997],[98.94529,19.57926],[98.94602,19.57863],[98.94596,19.57746],[98.94646,19.57689],[98.94811,19.57757],[98.94695,19.57532],[98.94839,19.57269],[98.95127,19.56982],[98.95215,19.56767],[98.95308,19.56794],[98.95216,19.56684],[98.95118,19.56728],[98.9505,19.56643],[98.95145,19.56413],[98.95311,19.56317],[98.95259,19.56215],[98.95091,19.56177],[98.95103,19.56056],[98.9542,19.56059],[98.95488,19.55946],[98.95452,19.55822],[98.95282,19.55787],[98.95072,19.55598],[98.95063,19.55401],[98.95609,19.54981],[98.95724,19.54698],[98.95668,19.54544],[98.95494,19.54503],[98.95448,19.54266],[98.95469,19.54023],[98.95657,19.54],[98.95657,19.53721],[98.95753,19.53617],[98.95593,19.53516],[98.95709,19.53235],[98.95351,19.52835],[98.95823,19.52244],[98.9583,19.52029],[98.95722,19.51893],[98.95695,19.51702],[98.95412,19.51808],[98.9538,19.51663],[98.95607,19.51146],[98.95621,19.50955],[98.9582,19.51056],[98.95775,19.50828],[98.96239,19.50722],[98.96263,19.50545],[98.95998,19.50281],[98.96062,19.50227],[98.96085,19.4999],[98.96292,19.50098],[98.96419,19.50013],[98.96398,19.50277],[98.96503,19.50407],[98.96908,19.50122],[98.97078,19.50098],[98.97059,19.49985],[98.97176,19.49871],[98.97095,19.49344],[98.97226,19.49078],[98.97184,19.48826],[98.97327,19.48799],[98.9731,19.48687],[98.9744,19.48624],[98.97355,19.4853],[98.97581,19.48412],[98.97628,19.48103],[98.97775,19.4796],[98.97736,19.4788],[98.97671,19.47927],[98.97728,19.47739],[98.9791,19.47856],[98.97957,19.47686],[98.97885,19.47528],[98.98011,19.47484],[98.98057,19.47565],[98.98278,19.47304],[98.9831,19.47056],[98.98496,19.46857],[98.98466,19.46538],[98.98573,19.46087],[98.98783,19.45889],[98.99032,19.4594],[98.98977,19.45655],[98.99052,19.45518],[98.99145,19.45524],[98.99288,19.45671],[98.99466,19.45618],[98.99385,19.45327],[98.99031,19.45133],[98.99173,19.45031],[98.99057,19.44848],[98.99112,19.44742]]}},{"type":"Feature","properties":{"name":"แม่น้ำปิง","osm_id":196860954,"direction":"downstream"},"geometry":{"type":"LineString","coordinates":[[98.98802,19.11793],[98.98707,19.11746],[98.98656,19.11573],[98.98819,19.11202],[98.98611,19.11089],[98.98336,19.11068],[98.98234,19.10833],[98.9792,19.10719],[98.97825,19.10561],[98.97907,19.10398],[98.98271,19.10305],[98.984,19.10116],[98.98383,19.09982],[98.9798,19.0983],[98.97619,19.10354],[98.97302,19.10547],[98.97241,19.10438],[98.97303,19.10284],[98.97292,19.09879],[98.97204,19.09799],[98.96997,19.09885]]}},{"type":"Feature","properties":{"name":"แม่น้ำปิง","osm_id":196860956,"direction":"downstream"},"geometry":{"type":"LineString","coordinates":[[99.03523,19.16184],[99.03481,19.16059],[99.03323,19.16031],[99.03233,19.1578]]}},{"type":"Feature","properties":{"name":"แม่น้ำท่าจีน","osm_id":199998926,"direction":"downstream"},"geometry":{"type":"LineString","coordinates":[[100.16922,14.38865],[100.16441,14.38859],[100.16392,14.38726],[100.16588,14.38276],[100.16352,14.37879],[100.16068,14.37639],[100.15705,14.37631],[100.15686,14.37533],[100.15822,14.37266],[100.15736,14.37219],[100.15526,14.37323],[100.15424,14.37291],[100.15401,14.36915],[100.15261,14.3657],[100.14748,14.36443],[100.14927,14.36115],[100.14817,14.35678],[100.15313,14.34855],[100.15274,14.3468],[100.1469,14.3392],[100.14584,14.33639],[100.14797,14.32237],[100.14938,14.31781],[100.15216,14.31392],[100.14905,14.30497]]}},{"type":"Feature","properties":{"name":"แม่น้ำท่าจีน","osm_id":199998928,"direction":"downstream"},"geometry":{"type":"LineString","coordinates":[[100.11977,14.53028],[100.11302,14.52257],[100.11301,14.52078],[100.11438,14.51864],[100.11847,14.51681],[100.11917,14.51569],[100.11595,14.51196],[100.11545,14.50969],[100.12128,14.50546],[100.12217,14.50003],[100.12854,14.49822],[100.13001,14.49629],[100.1283,14.49279],[100.12447,14.48973],[100.11753,14.48691],[100.11644,14.48582],[100.11601,14.48222],[100.11843,14.48005],[100.11928,14.47767],[100.11514,14.47482],[100.11445,14.47227],[100.11567,14.46468],[100.11969,14.46293],[100.12101,14.45822],[100.11977,14.45463],[100.12103,14.45009],[100.11923,14.44535],[100.12081,14.44299],[100.12352,14.44261],[100.12567,14.44003],[100.13125,14.43858],[100.13235,14.43672],[100.13251,14.43331],[100.13765,14.43006],[100.13491,14.42895],[100.13389,14.42736],[100.13365,14.425],[100.13472,14.41869],[100.13271,14.41586],[100.13296,14.41326],[100.13148,14.41014],[100.13149,14.40867],[100.13416,14.40658],[100.13581,14.4036],[100.13694,14.40302],[100.1391,14.40354],[100.1411,14.40306],[100.14397,14.39977],[100.1502,14.39592],[100.15703,14.39753],[100.15487,14.40044],[100.15475,14.40178],[100.15537,14.40234],[100.16112,14.39921],[100.16389,14.39969],[100.16475,14.39781],[100.16482,14.39322],[100.16559,14.39247],[100.16866,14.3924],[100.16949,14.3911],[100.16922,14.38865]]}},{"type":"Feature","properties":{"name":"แม่น้ำเจ้าพระยา","osm_id":200043242,"direction":"downstream"},"geometry":{"type":"LineString","coordinates":[[100.48499,13.88567],[100.47951,13.88029],[100.4768,13.87546],[100.47635,13.87118],[100.47802,13.85967]]}},{"type":"Feature","properties":{"name":"แม่น้ำเจ้าพระยา","osm_id":200043243,"direction":"downstream"},"geometry":{"type":"LineString","coordinates":[[100.50214,13.81953],[100.50357,13.81788],[100.50722,13.81622]]}},{"type":"Feature","properties":{"name":"แม่น้ำเจ้าพระยา","osm_id":200043244,"direction":"downstream"},"geometry":{"type":"LineString","coordinates":[[100.49066,13.89432],[100.48802,13.88917],[100.48499,13.88567]]}},{"type":"Feature","properties":{"name":"แม่น้ำท่าจีน","osm_id":200087120,"direction":"downstream"},"geometry":{"type":"LineString","coordinates":[[100.10257,14.72362],[100.10118,14.72079],[100.09997,14.71953],[100.09792,14.71882],[100.09753,14.71788],[100.0985,14.70937],[100.09839,14.70037],[100.10246,14.69279],[100.10809,14.6858],[100.10757,14.68443],[100.10272,14.6824],[100.1023,14.68039],[100.10313,14.67713],[100.10602,14.67446],[100.1073,14.671],[100.11118,14.67136],[100.11269,14.66683],[100.11686,14.66291],[100.11857,14.65993],[100.12589,14.65778],[100.12432,14.65412],[100.12462,14.65337],[100.13157,14.65657],[100.14242,14.6527],[100.14307,14.64947],[100.1411,14.64828],[100.14091,14.64559],[100.14442,14.64366],[100.14926,14.63592],[100.14976,14.63409],[100.14858,14.62977],[100.1451,14.62679],[100.14429,14.62527],[100.14364,14.61932],[100.14439,14.61799],[100.14966,14.6156],[100.15178,14.61182],[100.15208,14.60799],[100.1549,14.60551],[100.15391,14.60146],[100.14681,14.5955],[100.14331,14.58969],[100.14356,14.58751],[100.14675,14.585],[100.14737,14.58234],[100.1465,14.58062],[100.14351,14.5792],[100.14176,14.57723],[100.14365,14.57518],[100.14671,14.57418],[100.14721,14.57251],[100.14539,14.57159],[100.14074,14.57295],[100.13891,14.57284],[100.13906,14.57102],[100.14095,14.56822],[100.14053,14.56231],[100.13707,14.55968],[100.13516,14.55496],[100.13128,14.55358],[100.12853,14.55139],[100.12683,14.54828],[100.12595,14.54183],[100.12076,14.5322]]}},{"type":"Feature","properties":{"name":"แม่น้ำเจ้าพระยา","osm_id":200551940,"direction":"downstream"},"geometry":{"type":"LineString","coordinates":[[100.47438,13.91841],[100.47103,13.91868],[100.46846,13.91755]]}},{"type":"Feature","properties":{"name":"แม่น้ำเจ้าพระยา","osm_id":200551941,"direction":"downstream"},"geometry":{"type":"LineString","coordinates":[[100.46846,13.91755],[100.46685,13.91597],[100.46631,13.91317]]}},{"type":"Feature","properties":{"name":"แม่น้ำเจ้าพระยา","osm_id":200551942,"direction":"downstream"},"geometry":{"type":"LineString","coordinates":[[100.46725,13.90927],[100.47087,13.90452],[100.47395,13.9023],[100.47765,13.90106],[100.4852,13.90041],[100.48883,13.89918]]}},{"type":"Feature","properties":{"name":"แม่น้ำเจ้าพระยา","osm_id":200551943,"direction":"downstream"},"geometry":{"type":"LineString","coordinates":[[100.49089,13.91435],[100.48444,13.91486],[100.47438,13.91841]]}},{"type":"Feature","properties":{"name":"แม่น้ำน้อย","osm_id":201944427,"direction":"downstream"},"geometry":{"type":"LineString","coordinates":[[100.3578,14.61817],[100.35536,14.61794],[100.3544,14.61675],[100.35581,14.61364],[100.3582,14.61157],[100.35834,14.61068],[100.35632,14.60964],[100.35306,14.60932],[100.35249,14.60839],[100.35285,14.60311],[100.35564,14.60308],[100.35718,14.60196],[100.35648,14.59973],[100.35755,14.59413],[100.35104,14.59088],[100.3519,14.58829],[100.34951,14.58513],[100.34888,14.58182],[100.34925,14.57926],[100.35209,14.57808],[100.35256,14.57485],[100.35473,14.57204],[100.35529,14.56909],[100.35634,14.56864],[100.35722,14.56912]]}},{"type":"Feature","properties":{"name":"แม่น้ำน้อย","osm_id":201945308,"direction":"downstream"},"geometry":{"type":"LineString","coordinates":[[100.35722,14.56912],[100.35838,14.56867],[100.35969,14.56582],[100.36323,14.56338],[100.36499,14.55982],[100.36721,14.55403],[100.36798,14.54448],[100.36908,14.53947],[100.37074,14.53677],[100.37059,14.53564],[100.36938,14.53478],[100.36971,14.53231],[100.36902,14.53118],[100.36655,14.52938],[100.36416,14.52874],[100.36442,14.52602],[100.3701,14.5228],[100.37118,14.52104],[100.36796,14.51376],[100.36794,14.50976],[100.36571,14.50657],[100.3683,14.49881]]}},{"type":"Feature","properties":{"name":"แม่น้ำน้อย","osm_id":201951753,"direction":"downstream"},"geometry":{"type":"LineString","coordinates":[[100.36822,14.49566],[100.37033,14.49079],[100.36984,14.48979],[100.36278,14.48489],[100.36265,14.48258],[100.36467,14.47992]]}},{"type":"Feature","properties":{"name":"แม่น้ำเจ้าพระยา","osm_id":219996450,"direction":"downstream"},"geometry":{"type":"LineString","coordinates":[[100.54938,14.11036],[100.54957,14.10589],[100.54814,14.10206],[100.54602,14.09833],[100.54317,14.09544]]}},{"type":"Feature","properties":{"name":"แม่น้ำเจ้าพระยา","osm_id":219996451,"direction":"downstream"},"geometry":{"type":"LineString","coordinates":[[100.52151,14.13149],[100.52648,14.12274],[100.52973,14.1203],[100.53627,14.11813]]}},{"type":"Feature","properties":{"name":"แม่น้ำเจ้าพระยา","osm_id":220281448,"direction":"downstream"},"geometry":{"type":"LineString","coordinates":[[100.54022,14.02722],[100.53721,14.02423],[100.53621,14.02126],[100.53737,14.01107],[100.53986,14.00188]]}},{"type":"Feature","properties":{"name":"แม่น้ำเจ้าพระยา","osm_id":220281451,"direction":"downstream"},"geometry":{"type":"LineString","coordinates":[[100.55456,14.04202],[100.55283,14.03951],[100.54611,14.03425]]}},{"type":"Feature","properties":{"name":"แม่น้ำเจ้าพระยา","osm_id":222143515,"direction":"downstream"},"geometry":{"type":"LineString","coordinates":[[100.49378,13.74075],[100.49766,13.73931]]}},{"type":"Feature","properties":{"name":"แม่น้ำเจ้าพระยา","osm_id":222143516,"direction":"downstream"},"geometry":{"type":"LineString","coordinates":[[100.48822,13.74809],[100.48957,13.74545]]}},{"type":"Feature","properties":{"name":"แม่น้ำเจ้าพระยา","osm_id":222219406,"direction":"downstream"},"geometry":{"type":"LineString","coordinates":[[100.49113,13.76195],[100.49108,13.7619]]}},{"type":"Feature","properties":{"name":"แม่น้ำเจ้าพระยา","osm_id":233751177,"direction":"downstream"},"geometry":{"type":"LineString","coordinates":[[100.49766,13.73931],[100.49993,13.73869]]}},{"type":"Feature","properties":{"name":"แม่น้ำวัง","osm_id":234994042,"direction":"downstream"},"geometry":{"type":"LineString","coordinates":[[99.62487,18.52322],[99.62758,18.52313],[99.62846,18.52248],[99.62936,18.51986],[99.63474,18.51752],[99.63515,18.51449],[99.63821,18.51223],[99.63982,18.50914],[99.64421,18.50935],[99.64564,18.50842],[99.64389,18.50299],[99.63984,18.5026],[99.63914,18.50169],[99.64034,18.49668],[99.63487,18.49765],[99.633,18.49693],[99.63293,18.49101],[99.6306,18.48449],[99.62804,18.47984],[99.62868,18.47824],[99.63147,18.47782],[99.63007,18.47543],[99.62836,18.47386],[99.62623,18.47352],[99.62441,18.47198],[99.62208,18.47121],[99.61909,18.4676],[99.61928,18.46091],[99.62075,18.45911],[99.62127,18.45653],[99.62032,18.45391],[99.62131,18.45023],[99.62497,18.44521],[99.63157,18.4402],[99.6317,18.4382],[99.63082,18.43517],[99.62795,18.43463],[99.62506,18.4355],[99.62372,18.43896],[99.62109,18.43896],[99.6184,18.43334],[99.61452,18.43072],[99.61447,18.4295],[99.61629,18.42777],[99.61641,18.4261],[99.6159,18.42481],[99.61475,18.42417],[99.61175,18.42423],[99.60955,18.42294],[99.60803,18.41448],[99.60945,18.40652],[99.60736,18.40229],[99.60397,18.40017],[99.60445,18.39705],[99.60401,18.39523],[99.59808,18.39164],[99.59592,18.39238],[99.5943,18.39136],[99.59099,18.39379],[99.58972,18.3939],[99.58982,18.39231],[99.59185,18.38987],[99.59011,18.3832],[99.59378,18.3806],[99.59378,18.37816],[99.59255,18.37728],[99.5887,18.37697],[99.58485,18.37797],[99.58312,18.37734],[99.58068,18.37224],[99.57127,18.36964],[99.57027,18.36767],[99.56973,18.36293],[99.56774,18.36074],[99.55662,18.35615],[99.55508,18.35496],[99.55369,18.35223],[99.55272,18.3525],[99.54928,18.35712],[99.54804,18.35749],[99.54608,18.35618],[99.54508,18.3481],[99.5424,18.34676],[99.53942,18.34718],[99.53752,18.3458],[99.53744,18.33922],[99.53669,18.33745],[99.53269,18.33351],[99.53109,18.3293],[99.52778,18.3276],[99.52772,18.32142],[99.52315,18.31533],[99.5223,18.31204],[99.52272,18.31099],[99.52688,18.30833],[99.52685,18.30727],[99.5249,18.30636],[99.51695,18.30643],[99.51133,18.3021],[99.51086,18.30069],[99.513,18.29594],[99.51145,18.29336],[99.50837,18.29223],[99.50295,18.2939],[99.49312,18.29104],[99.49136,18.29234],[99.4871,18.29838],[99.48564,18.29914],[99.48229,18.29759],[99.48052,18.29242],[99.4794,18.29112],[99.47726,18.29047],[99.47179,18.29133],[99.4689,18.29087],[99.46687,18.28942],[99.46215,18.27989],[99.46206,18.27685],[99.46474,18.27398],[99.46527,18.27097],[99.463,18.26934],[99.45648,18.26722],[99.45454,18.26526],[99.45374,18.26063],[99.45188,18.25965],[99.44957,18.25963],[99.44874,18.25834],[99.44929,18.25266],[99.4481,18.25081],[99.4349,18.24613],[99.43018,18.24179],[99.42942,18.23878],[99.42815,18.23762],[99.42602,18.23711],[99.42195,18.23894],[99.42,18.23865],[99.41989,18.23642],[99.42265,18.23321],[99.42301,18.23151],[99.42291,18.22721],[99.42104,18.22378],[99.41204,18.2153],[99.40743,18.21193],[99.40419,18.20715],[99.39921,18.20444],[99.39666,18.19827],[99.39382,18.19564],[99.39725,18.1908],[99.39724,18.18721],[99.39508,18.18243],[99.3962,18.17872],[99.39842,18.17577],[99.39848,18.1734],[99.39523,18.17083],[99.39199,18.17033],[99.39187,18.16333],[99.38507,18.16034],[99.38229,18.15423],[99.37909,18.15124],[99.37843,18.14739],[99.37735,18.1456],[99.37484,18.14373],[99.37261,18.14356],[99.36767,18.14058],[99.363,18.13559],[99.35764,18.13452],[99.35338,18.12778],[99.35268,18.12552],[99.34985,18.12302],[99.34898,18.11459],[99.34302,18.1057],[99.34137,18.10021],[99.34207,18.0982],[99.34539,18.09532],[99.34503,18.09081],[99.3477,18.08652],[99.34734,18.08517],[99.34396,18.08193],[99.34024,18.08219],[99.33339,18.07851],[99.33206,18.07972],[99.33077,18.08463],[99.32751,18.08518],[99.32612,18.08377],[99.32553,18.07961],[99.32356,18.07521],[99.32408,18.07284],[99.3267,18.0706],[99.32899,18.07001],[99.33179,18.0718],[99.33429,18.07234],[99.33695,18.0679],[99.34161,18.06435],[99.34312,18.06222],[99.34292,18.05974],[99.34062,18.0549],[99.3334,18.0496],[99.33346,18.04709],[99.33596,18.04614],[99.33791,18.04623],[99.34167,18.04781],[99.34396,18.04697],[99.34418,18.04555],[99.34262,18.04351],[99.3451,18.04153],[99.34597,18.03848],[99.34426,18.03636],[99.33705,18.03639],[99.33087,18.02867],[99.32873,18.02697],[99.32518,18.02638],[99.3216,18.02275],[99.32096,18.02074],[99.32338,18.01658],[99.31967,18.01313],[99.31918,18.01162],[99.3186,17.99905],[99.31984,17.99635],[99.32806,17.98849],[99.32636,17.98684],[99.32342,17.98643],[99.32053,17.9879],[99.31795,17.99076],[99.31426,17.99086],[99.31299,17.98988],[99.31081,17.98273],[99.31162,17.98109],[99.31523,17.98188],[99.31583,17.98128],[99.31609,17.97756],[99.3189,17.97419],[99.32334,17.97121],[99.32553,17.96806],[99.3312,17.96341],[99.33354,17.96031],[99.33891,17.95654],[99.34521,17.95329],[99.34732,17.95015],[99.34522,17.94497],[99.34639,17.94045],[99.34315,17.9314],[99.34299,17.92691],[99.33612,17.92014],[99.33422,17.91737],[99.33337,17.91483],[99.3333,17.90987],[99.33119,17.90583],[99.33189,17.90302],[99.33488,17.89932],[99.33497,17.89796],[99.3336,17.89638],[99.32898,17.89409],[99.32702,17.88733],[99.32813,17.88034],[99.32586,17.87627],[99.3241,17.8754],[99.32246,17.87561],[99.32054,17.87682],[99.31692,17.88129],[99.31484,17.88095],[99.31213,17.87608],[99.31076,17.86999],[99.30655,17.86363],[99.30462,17.85854],[99.29997,17.859],[99.29778,17.85842],[99.29706,17.85452],[99.29446,17.85348],[99.28833,17.85287],[99.28585,17.85487],[99.28458,17.85487],[99.28409,17.85297],[99.28554,17.8508],[99.28668,17.8465],[99.29003,17.84654],[99.29251,17.84427],[99.29283,17.84117],[99.2919,17.83836],[99.28905,17.83636],[99.28607,17.83787],[99.2843,17.838],[99.28371,17.83654],[99.28462,17.83558],[99.28526,17.83291],[99.28318,17.82951],[99.28005,17.8293],[99.27664,17.83132],[99.27452,17.83075],[99.27535,17.82946],[99.2747,17.82706],[99.27187,17.82578],[99.27313,17.81757],[99.27229,17.8144],[99.26542,17.81057],[99.26453,17.80906],[99.26496,17.80498],[99.26652,17.80134],[99.26276,17.7964],[99.26255,17.79389],[99.25984,17.79124],[99.25717,17.79151],[99.25295,17.78861],[99.25185,17.7863],[99.25149,17.78239],[99.24861,17.77875],[99.24704,17.77874],[99.24595,17.77758],[99.24534,17.77324],[99.24626,17.7686],[99.24186,17.7665],[99.23958,17.76651],[99.23792,17.76514],[99.23634,17.76235],[99.23768,17.75914],[99.23684,17.75672],[99.23347,17.75693],[99.23144,17.75571],[99.23109,17.75215],[99.22692,17.74772],[99.22708,17.74554],[99.22968,17.74216],[99.22981,17.74034],[99.22829,17.73604],[99.22857,17.73309],[99.2256,17.7286],[99.2265,17.72186],[99.2258,17.71849],[99.22648,17.71464],[99.22761,17.71295],[99.22784,17.70737],[99.22467,17.70468],[99.22453,17.7028],[99.22591,17.69989],[99.23098,17.69718],[99.23119,17.69417],[99.23027,17.69298],[99.22437,17.69558],[99.22331,17.69504],[99.22293,17.69322],[99.224,17.69111],[99.22776,17.68807],[99.22964,17.68433],[99.23059,17.68384],[99.23537,17.68622],[99.23698,17.68612],[99.23714,17.68223],[99.23434,17.6798],[99.23316,17.67753],[99.23326,17.67554],[99.23554,17.67251],[99.23798,17.67073],[99.24267,17.66935],[99.24329,17.66847],[99.24244,17.66401],[99.24278,17.66274],[99.24855,17.65615],[99.24855,17.6548],[99.24785,17.65369],[99.24385,17.65183],[99.23959,17.64737],[99.23416,17.64466],[99.23216,17.64198],[99.23053,17.63628],[99.23079,17.63234],[99.23011,17.62844],[99.22828,17.62429],[99.23002,17.62028],[99.22974,17.61809],[99.22811,17.61656],[99.2204,17.61419],[99.21922,17.61205],[99.21883,17.60822],[99.21757,17.60616],[99.21099,17.60472],[99.20957,17.60268],[99.21057,17.59937],[99.21183,17.59742],[99.2144,17.59575],[99.21523,17.5934],[99.21413,17.59147],[99.20858,17.58792],[99.20735,17.58537],[99.20751,17.5835],[99.20647,17.58077],[99.20205,17.57759],[99.19822,17.57748],[99.19531,17.57575],[99.19159,17.57527],[99.18323,17.57685],[99.18023,17.57643],[99.17841,17.57454],[99.17895,17.56802],[99.18651,17.56637],[99.18845,17.56478],[99.18894,17.56306],[99.18786,17.56135],[99.1777,17.55196],[99.17869,17.5359],[99.18133,17.53204],[99.17746,17.52629],[99.17131,17.52165],[99.1699,17.5195],[99.16972,17.51676],[99.17283,17.51454],[99.1731,17.51335],[99.17152,17.5118],[99.16955,17.51137],[99.15674,17.51014],[99.14523,17.51138],[99.14149,17.51001]]}},{"type":"Feature","properties":{"name":"แม่น้ำน่าน","osm_id":239029231,"direction":"downstream"},"geometry":{"type":"LineString","coordinates":[[100.84945,19.29431],[100.85112,19.29486],[100.85253,19.2944]]}},{"type":"Feature","properties":{"name":"แม่น้ำเจ้าพระยา","osm_id":245789067,"direction":"downstream"},"geometry":{"type":"LineString","coordinates":[[100.52226,13.94347],[100.51391,13.94399],[100.50837,13.94308],[100.50391,13.93975],[100.50181,13.93626]]}},{"type":"Feature","properties":{"name":"แม่น้ำมูล","osm_id":253928795,"direction":"downstream"},"geometry":{"type":"LineString","coordinates":[[103.50533,15.29226],[103.50648,15.2917],[103.51223,15.29512],[103.51403,15.29486],[103.51504,15.29249],[103.51559,15.2864],[103.51798,15.28446],[103.52034,15.28427],[103.52213,15.28516],[103.52305,15.28706],[103.52508,15.29449],[103.52416,15.29698],[103.52151,15.29763],[103.5209,15.29953],[103.52348,15.30096],[103.52521,15.30025],[103.52748,15.29567],[103.52592,15.29003],[103.52734,15.28815],[103.52857,15.28814],[103.53273,15.29109],[103.533,15.29422],[103.53068,15.29753],[103.53191,15.29904],[103.53427,15.29785],[103.53493,15.29444],[103.53565,15.29375],[103.54823,15.29049],[103.55076,15.28801],[103.5531,15.28682],[103.55624,15.28738],[103.56018,15.2823],[103.56437,15.28255],[103.56683,15.28426],[103.57091,15.28327],[103.57552,15.28558],[103.58426,15.29919],[103.58688,15.30183],[103.58913,15.30182],[103.5936,15.29791],[103.59618,15.29702],[103.60441,15.3007],[103.61713,15.30227],[103.62445,15.31077],[103.63186,15.31499],[103.63444,15.31747],[103.6377,15.32236]]}},{"type":"Feature","properties":{"name":"แม่น้ำเจ้าพระยา","osm_id":255794379,"direction":"downstream"},"geometry":{"type":"LineString","coordinates":[[100.46631,13.91317],[100.46725,13.90927]]}},{"type":"Feature","properties":{"name":"แม่น้ำเจ้าพระยา","osm_id":255823625,"direction":"downstream"},"geometry":{"type":"LineString","coordinates":[[100.47802,13.85967],[100.47948,13.85471]]}},{"type":"Feature","properties":{"name":"แม่น้ำเจ้าพระยา","osm_id":255823626,"direction":"downstream"},"geometry":{"type":"LineString","coordinates":[[100.49092,13.83964],[100.49308,13.83527],[100.49879,13.82731],[100.50214,13.81953]]}},{"type":"Feature","properties":{"name":"แม่น้ำเจ้าพระยา","osm_id":255823627,"direction":"downstream"},"geometry":{"type":"LineString","coordinates":[[100.47948,13.85471],[100.48227,13.85191],[100.48872,13.84767],[100.49092,13.83964]]}},{"type":"Feature","properties":{"name":"แม่น้ำมูล","osm_id":270205179,"direction":"downstream"},"geometry":{"type":"LineString","coordinates":[[102.61935,15.32933],[102.62132,15.32955],[102.62207,15.33096],[102.61933,15.33189],[102.62002,15.33264],[102.6193,15.3327],[102.61912,15.33392],[102.62066,15.3352],[102.61921,15.33877],[102.6209,15.33943],[102.6227,15.33819],[102.62219,15.34091],[102.62382,15.3401],[102.62463,15.34083],[102.62355,15.3417],[102.62048,15.34187],[102.62072,15.33981],[102.62005,15.3399],[102.61858,15.34225],[102.62147,15.34239],[102.62258,15.34588],[102.6237,15.34495],[102.62466,15.34524],[102.6243,15.34713],[102.62553,15.3471],[102.6262,15.34588],[102.62592,15.34356],[102.62803,15.34498],[102.62857,15.34579],[102.62803,15.34962],[102.62972,15.34927],[102.63077,15.35023],[102.63065,15.35102],[102.62872,15.35209],[102.63167,15.3545],[102.62975,15.35517],[102.63146,15.35607],[102.63014,15.3572],[102.63336,15.35961],[102.63432,15.35877],[102.63631,15.35888],[102.63664,15.35816],[102.63793,15.35894],[102.63631,15.36059],[102.63757,15.36126],[102.63959,15.35914],[102.63935,15.3572],[102.64001,15.35639],[102.64158,15.35717],[102.64275,15.35679],[102.6432,15.35476],[102.64402,15.35434],[102.64437,15.35721],[102.64196,15.35902],[102.64498,15.36016],[102.64512,15.36079],[102.64272,15.36183],[102.64373,15.36283],[102.64703,15.36309],[102.64775,15.36414],[102.64922,15.36329],[102.64934,15.36457],[102.64763,15.36509],[102.64832,15.36588]]}},{"type":"Feature","properties":{"name":"แม่น้ำป่าสัก","osm_id":280025121,"direction":"downstream"},"geometry":{"type":"LineString","coordinates":[[101.08937,14.84718],[101.08862,14.8461],[101.08615,14.84592],[101.08429,14.84388],[101.08237,14.8435],[101.08154,14.84499],[101.08345,14.84766],[101.08352,14.8494],[101.08104,14.85104],[101.07931,14.85109],[101.07531,14.84707],[101.07757,14.84463],[101.07764,14.84367],[101.07197,14.84474],[101.06895,14.8444],[101.06728,14.84151],[101.06577,14.84048]]}},{"type":"Feature","properties":{"name":"แม่น้ำป่าสัก","osm_id":290735904,"direction":"downstream"},"geometry":{"type":"LineString","coordinates":[[101.04402,15.84053],[101.04316,15.83883],[101.04478,15.83701],[101.04563,15.83764],[101.0469,15.83694],[101.04861,15.83715],[101.04975,15.83966],[101.04989,15.83737],[101.05237,15.83748],[101.0511,15.83636],[101.05168,15.83534],[101.05077,15.83322]]}},{"type":"Feature","properties":{"name":"แม่น้ำป่าสัก","osm_id":290735919,"direction":"downstream"},"geometry":{"type":"LineString","coordinates":[[101.04438,15.84099],[101.04402,15.84053]]}},{"type":"Feature","properties":{"name":"แม่น้ำน้อย","osm_id":292501368,"direction":"downstream"},"geometry":{"type":"LineString","coordinates":[[100.15173,15.15581],[100.14733,15.15314],[100.14578,15.14961],[100.14382,15.14726],[100.1448,15.13597],[100.14646,15.13358],[100.15216,15.12883],[100.15242,15.12411],[100.15177,15.12201],[100.15188,15.11721],[100.14963,15.11034],[100.1411,15.10792],[100.13911,15.10352],[100.14084,15.09411],[100.14015,15.08864],[100.14292,15.08163],[100.14634,15.07833],[100.14743,15.07419],[100.15267,15.07195],[100.15681,15.0653],[100.16322,15.06401],[100.16511,15.06276],[100.16559,15.06115],[100.16273,15.05414],[100.16281,15.05079],[100.16342,15.04983],[100.17095,15.04873],[100.17415,15.0491],[100.17722,15.0465],[100.17957,15.04143],[100.18071,15.04066],[100.18414,15.04084],[100.1881,15.04279],[100.19033,15.04284],[100.20178,15.03761],[100.20332,15.0364],[100.20534,15.03304],[100.20792,15.0312],[100.20926,15.02684],[100.21205,15.02405],[100.21026,15.02121],[100.20665,15.01767],[100.20614,15.01485],[100.2081,15.01315],[100.21274,15.01335],[100.21373,15.0127],[100.21316,15.00954],[100.20954,15.00595],[100.2111,15.00065],[100.21318,14.99687],[100.22095,14.99539],[100.2239,14.99365],[100.22554,14.99392],[100.22883,14.9961],[100.23241,14.9954],[100.2344,14.9938],[100.23497,14.99167],[100.23169,14.98682],[100.23172,14.98557],[100.23581,14.98406],[100.23847,14.98535],[100.23967,14.98518],[100.2416,14.98248],[100.2438,14.97675],[100.24814,14.97411],[100.24947,14.97357],[100.25439,14.97473],[100.25853,14.97113],[100.26418,14.97021],[100.26471,14.96888],[100.26367,14.96546],[100.26157,14.96452],[100.25668,14.96476],[100.25537,14.9635],[100.25526,14.96115],[100.25579,14.95906],[100.2612,14.95589],[100.26346,14.94794]]}},{"type":"Feature","properties":{"name":"แม่น้ำลพบุรี","osm_id":294733010,"direction":"downstream"},"geometry":{"type":"LineString","coordinates":[[100.53223,14.52414],[100.53569,14.52182],[100.5363,14.51796],[100.54058,14.51701],[100.54243,14.51576],[100.54325,14.5125],[100.54512,14.51105],[100.54575,14.50788],[100.54749,14.50603],[100.54675,14.50476],[100.54396,14.50318],[100.54322,14.50139],[100.54509,14.49867],[100.54726,14.49808],[100.54842,14.49654],[100.55117,14.49512],[100.55289,14.49225],[100.55258,14.48838],[100.55459,14.48526],[100.55493,14.48294],[100.55272,14.47995],[100.55226,14.47655]]}},{"type":"Feature","properties":{"name":"แม่น้ำแม่กลอง","osm_id":301356777,"direction":"downstream"},"geometry":{"type":"LineString","coordinates":[[99.63028,13.97119],[99.63375,13.97032],[99.63489,13.96859],[99.63495,13.96546],[99.63242,13.96129]]}},{"type":"Feature","properties":{"name":"แม่น้ำแม่กลอง","osm_id":301356779,"direction":"downstream"},"geometry":{"type":"LineString","coordinates":[[99.62899,13.971],[99.63028,13.97119]]}},{"type":"Feature","properties":{"name":"แม่น้ำแม่กลอง","osm_id":301356780,"direction":"downstream"},"geometry":{"type":"LineString","coordinates":[[99.82093,13.85819],[99.82228,13.85667],[99.82543,13.85535],[99.83669,13.85388],[99.84336,13.84785],[99.84679,13.84573],[99.84955,13.8449],[99.86281,13.84418],[99.86578,13.84083],[99.86713,13.83528],[99.86357,13.82371],[99.86368,13.82149],[99.865,13.81763],[99.87073,13.81223],[99.87256,13.80995],[99.87264,13.80861],[99.87124,13.80536],[99.86618,13.8009],[99.86452,13.79827],[99.86452,13.79292],[99.86388,13.79145],[99.85648,13.78598],[99.8562,13.78318],[99.85406,13.7773],[99.84607,13.77116],[99.84209,13.75886],[99.84245,13.75136],[99.83818,13.74663],[99.83846,13.74447],[99.84342,13.74002],[99.84725,13.73314],[99.8466,13.71965],[99.84975,13.70663],[99.84979,13.70379],[99.84746,13.69604],[99.84596,13.69384],[99.8425,13.69239],[99.83104,13.69268],[99.82743,13.6923],[99.82494,13.69123],[99.82073,13.68125],[99.81621,13.67563],[99.81515,13.67045],[99.81747,13.66446],[99.81349,13.6497],[99.81861,13.64019],[99.81904,13.63576],[99.81387,13.631],[99.81166,13.62655],[99.80447,13.62026],[99.80028,13.60964],[99.79781,13.60722],[99.79571,13.60367],[99.79592,13.59989],[99.79837,13.59758],[99.80707,13.59564],[99.8103,13.59205],[99.82212,13.5683],[99.81784,13.5587],[99.81798,13.555],[99.81936,13.55172],[99.8183,13.54455],[99.8194,13.54187],[99.82085,13.5412],[99.83001,13.54169],[99.83726,13.53949],[99.84245,13.54019],[99.84482,13.53964],[99.84699,13.53756],[99.84825,13.53249],[99.84958,13.53024],[99.85168,13.52851],[99.85966,13.52536],[99.86296,13.5248],[99.86456,13.52547],[99.86575,13.52859],[99.86567,13.53186],[99.86731,13.53315],[99.86947,13.53307],[99.87349,13.53097],[99.88056,13.53047],[99.88287,13.53105],[99.89806,13.53119],[99.90439,13.52634],[99.90524,13.52499],[99.90467,13.51988],[99.90536,13.51831],[99.90589,13.51766],[99.9096,13.51746],[99.91075,13.51676],[99.91321,13.51081]]}},{"type":"Feature","properties":{"name":"แม่น้ำแม่กลอง","osm_id":301356782,"direction":"downstream"},"geometry":{"type":"LineString","coordinates":[[99.61762,13.95753],[99.62312,13.96232],[99.62506,13.96768],[99.62638,13.96961],[99.62899,13.971]]}},{"type":"Feature","properties":{"name":"แม่น้ำปิง","osm_id":309673651,"direction":"downstream"},"geometry":{"type":"LineString","coordinates":[[98.90268,18.52658],[98.90101,18.52515],[98.89917,18.52544]]}},{"type":"Feature","properties":{"name":"แม่น้ำน่าน","osm_id":310184176,"direction":"downstream"},"geometry":{"type":"LineString","coordinates":[[100.77253,18.95978],[100.77295,18.95762],[100.76931,18.94646],[100.76643,18.94273],[100.76698,18.94127],[100.76967,18.94056],[100.77066,18.93636],[100.76936,18.9346],[100.76717,18.93359],[100.76603,18.93034],[100.7715,18.92291],[100.77099,18.92208],[100.76752,18.92221],[100.76715,18.92054],[100.76858,18.91956],[100.7718,18.92052],[100.7748,18.91603],[100.77926,18.91345],[100.78062,18.91427],[100.78148,18.91306],[100.78144,18.91162],[100.78343,18.90902],[100.78982,18.90412],[100.7947,18.90219],[100.79389,18.89977],[100.79451,18.89804]]}},{"type":"Feature","properties":{"name":"แม่น้ำน่าน","osm_id":310184178,"direction":"downstream"},"geometry":{"type":"LineString","coordinates":[[100.79451,18.89804],[100.79677,18.89431],[100.80069,18.89335],[100.80112,18.89267],[100.79945,18.89087],[100.79534,18.89017],[100.79446,18.88828],[100.7945,18.88625],[100.8059,18.88436],[100.81087,18.88545],[100.82412,18.88599],[100.82793,18.88362],[100.8314,18.87844],[100.83355,18.87717],[100.83394,18.87604],[100.83256,18.87362],[100.82922,18.87109],[100.82493,18.8656],[100.81691,18.85949],[100.81215,18.85858],[100.80732,18.85586],[100.80546,18.85146],[100.80239,18.85106],[100.80121,18.85022],[100.79922,18.84424],[100.79673,18.84055],[100.79436,18.84107],[100.79157,18.84559],[100.78935,18.8456],[100.78856,18.84493],[100.78883,18.84324],[100.79485,18.83778],[100.80054,18.83742],[100.80129,18.83672],[100.79917,18.83435],[100.79384,18.82432],[100.78994,18.82545],[100.78896,18.82388],[100.79251,18.81854],[100.79438,18.81423],[100.79583,18.80367],[100.79158,18.7978],[100.79099,18.79595],[100.79119,18.78869],[100.7891,18.78559],[100.78325,18.77922],[100.78237,18.77701],[100.77541,18.77192],[100.77317,18.76748],[100.76684,18.76567],[100.76618,18.76488],[100.7664,18.7612],[100.7679,18.75891],[100.76781,18.75741],[100.77054,18.7516],[100.77027,18.74945],[100.76704,18.74837],[100.76557,18.74477],[100.7656,18.74243],[100.76383,18.74041],[100.76158,18.73986],[100.75768,18.74111],[100.75671,18.74067],[100.75609,18.73802],[100.75707,18.73592],[100.76113,18.73446],[100.76244,18.73292],[100.76242,18.72914],[100.76131,18.72618],[100.7648,18.72085],[100.76597,18.71762],[100.76292,18.71439],[100.75953,18.71484],[100.75769,18.71769],[100.7594,18.72234],[100.75782,18.72385],[100.75586,18.72318],[100.75326,18.7183],[100.75335,18.71503],[100.75419,18.71229],[100.75949,18.70614],[100.75931,18.70514],[100.75705,18.70238],[100.75407,18.70125],[100.74984,18.70179]]}},{"type":"Feature","properties":{"name":"แม่น้ำปิง","osm_id":313225812,"direction":"downstream"},"geometry":{"type":"LineString","coordinates":[[98.64174,18.26807],[98.6432,18.26366],[98.64048,18.25813],[98.64019,18.25523],[98.64149,18.25304],[98.64475,18.2502],[98.64553,18.24809],[98.64306,18.24654],[98.63354,18.24536],[98.63225,18.24396],[98.63724,18.23598],[98.63981,18.22723],[98.6396,18.2236],[98.6368,18.21893],[98.63427,18.21663],[98.63098,18.21614],[98.62528,18.2184],[98.62381,18.21801],[98.62307,18.21674]]}},{"type":"Feature","properties":{"name":"แม่น้ำวัง","osm_id":329590491,"direction":"downstream"},"geometry":{"type":"LineString","coordinates":[[99.25984,17.79124],[99.25821,17.79029],[99.2554,17.78996]]}},{"type":"Feature","properties":{"name":"ห้วยแม่กลอง","osm_id":372695678,"direction":"downstream"},"geometry":{"type":"LineString","coordinates":[[98.97753,16.28911],[98.97721,16.28754],[98.97592,16.28721],[98.97534,16.28826],[98.97271,16.28683],[98.97212,16.28091],[98.97112,16.2788],[98.97244,16.27609],[98.97204,16.27428],[98.96931,16.27224],[98.97078,16.27044],[98.96688,16.2682],[98.964,16.26503],[98.9628,16.26543],[98.96332,16.2599],[98.9644,16.2575],[98.96291,16.25634],[98.96222,16.251],[98.95957,16.24714],[98.95675,16.24623],[98.95562,16.24456],[98.95455,16.24517],[98.95275,16.24337],[98.95186,16.2433],[98.95024,16.24501],[98.94923,16.24413],[98.94284,16.24457],[98.94334,16.24724],[98.937,16.24549],[98.93728,16.24756],[98.93543,16.24902],[98.9348,16.24785],[98.93564,16.24678],[98.93543,16.24492],[98.93733,16.24269],[98.93918,16.24406],[98.93994,16.24246],[98.93961,16.24125],[98.93845,16.24117],[98.93745,16.24209],[98.93766,16.24024],[98.93579,16.23992],[98.93369,16.23762],[98.93285,16.23494],[98.93138,16.23508],[98.92836,16.23734],[98.92468,16.23699],[98.92346,16.23622],[98.92209,16.23189],[98.92467,16.22897],[98.92524,16.22708],[98.925,16.22467],[98.92287,16.22271],[98.92348,16.22086],[98.92252,16.21837],[98.92309,16.21696],[98.92272,16.21513],[98.92608,16.21347],[98.92728,16.2115],[98.92511,16.21119],[98.92328,16.20933],[98.92527,16.20698],[98.92586,16.20329],[98.92486,16.19928],[98.92339,16.19806],[98.9264,16.19836],[98.92716,16.19771],[98.92547,16.19597],[98.92218,16.19714],[98.92073,16.19577],[98.91986,16.19828],[98.92161,16.19873],[98.92012,16.19951],[98.91827,16.19894],[98.91725,16.20114],[98.9154,16.20184],[98.91562,16.20543],[98.91454,16.20501],[98.913,16.20558],[98.91289,16.20693],[98.91178,16.20792],[98.91183,16.21016],[98.91085,16.21088],[98.90986,16.20997],[98.90768,16.20978],[98.90759,16.20812],[98.90575,16.20817],[98.90463,16.20702],[98.90379,16.20819],[98.90301,16.20771],[98.90457,16.20594],[98.90448,16.20511],[98.90264,16.20464],[98.90124,16.20302],[98.90059,16.2035],[98.90087,16.20594],[98.8991,16.20466],[98.89419,16.20325],[98.89423,16.20491],[98.89643,16.20678],[98.89589,16.20718],[98.8888,16.20383],[98.8896,16.20125],[98.88642,16.20233],[98.88185,16.2025],[98.88266,16.20013],[98.88489,16.1983],[98.88621,16.19828],[98.88667,16.19724],[98.88569,16.19571],[98.88409,16.19644],[98.88373,16.19382],[98.88279,16.19362],[98.88271,16.19242],[98.88162,16.19177],[98.88054,16.18353],[98.87945,16.18263],[98.88005,16.18186],[98.87981,16.18066],[98.88131,16.18011],[98.8818,16.17894],[98.88337,16.17907],[98.88493,16.17806],[98.88337,16.17585],[98.88188,16.1753],[98.88548,16.17439],[98.88546,16.17334],[98.88436,16.173],[98.8834,16.16972],[98.88451,16.16808],[98.88688,16.16703],[98.88679,16.16553],[98.88428,16.16522],[98.88374,16.16433],[98.88595,16.16389],[98.88721,16.16162],[98.88321,16.15921],[98.8838,16.15723],[98.88244,16.15297],[98.88126,16.15178],[98.87919,16.15265],[98.87836,16.15203],[98.87853,16.1512],[98.8802,16.15081],[98.88204,16.14862],[98.88165,16.14736],[98.87984,16.1462],[98.87997,16.14471],[98.87884,16.1439],[98.88128,16.14277],[98.88005,16.14181],[98.88066,16.13908],[98.87911,16.13861],[98.87859,16.13759],[98.87496,16.13948],[98.87464,16.13697],[98.87209,16.13691],[98.87151,16.13624]]}},{"type":"Feature","properties":{"name":"ห้วยแม่กลอง","osm_id":372720304,"direction":"downstream"},"geometry":{"type":"LineString","coordinates":[[98.87151,16.13624],[98.87032,16.13366],[98.87076,16.1325],[98.87163,16.13244],[98.86968,16.13055],[98.87035,16.12882],[98.87265,16.12698],[98.87263,16.12524],[98.87409,16.12428],[98.87308,16.12178],[98.87329,16.11943],[98.87599,16.11542],[98.87861,16.10894],[98.88019,16.10919],[98.87976,16.10754],[98.88157,16.1044],[98.88377,16.10241],[98.88377,16.10106],[98.88304,16.10138],[98.88345,16.10022],[98.88531,16.09911],[98.88642,16.09655],[98.883,16.09296],[98.88072,16.09374],[98.87917,16.0912],[98.8748,16.08744],[98.86996,16.08742],[98.87065,16.08605],[98.86899,16.08461],[98.86712,16.08084],[98.8641,16.08029],[98.86221,16.08241],[98.86093,16.08259],[98.85816,16.08156],[98.85579,16.08158],[98.85588,16.07878]]}},{"type":"Feature","properties":{"name":"ห้วยแม่น้ำน้อย","osm_id":381869269,"direction":"downstream"},"geometry":{"type":"LineString","coordinates":[[98.80151,14.44372],[98.80461,14.44338],[98.80677,14.44166],[98.80691,14.43994],[98.80507,14.43816],[98.81117,14.43101],[98.81213,14.43165],[98.81206,14.43276],[98.81077,14.43563],[98.81362,14.43727],[98.81669,14.43752],[98.81969,14.43396],[98.82858,14.43266],[98.83198,14.42966],[98.83278,14.42998],[98.8349,14.42863],[98.8366,14.42669],[98.83832,14.42782],[98.84028,14.42791],[98.83928,14.42445],[98.84248,14.42127]]}},{"type":"Feature","properties":{"name":"แม่น้ำปิง","osm_id":385638829,"direction":"downstream"},"geometry":{"type":"LineString","coordinates":[[98.90268,18.52658],[98.90156,18.5268],[98.90028,18.52595]]}},{"type":"Feature","properties":{"name":"แม่น้ำยม","osm_id":399666983,"direction":"downstream"},"geometry":{"type":"LineString","coordinates":[[100.24967,16.2668],[100.25117,16.25959],[100.24812,16.25759],[100.24718,16.25579],[100.24488,16.25496],[100.24366,16.25209],[100.24808,16.24908],[100.24861,16.24694],[100.25089,16.24606],[100.25263,16.24193],[100.2493,16.23833],[100.24535,16.23576],[100.2469,16.23217],[100.24471,16.22797],[100.24543,16.22637],[100.24826,16.22394],[100.2459,16.21777],[100.24752,16.21581],[100.25012,16.2148],[100.24975,16.2119],[100.25233,16.21029],[100.25213,16.20839],[100.25389,16.20573],[100.25275,16.20498],[100.25104,16.20542],[100.2474,16.20462],[100.24595,16.20303],[100.24578,16.20074],[100.24952,16.19747],[100.25,16.19598],[100.2487,16.19497],[100.24519,16.19408],[100.24441,16.19092],[100.242,16.19005],[100.23866,16.18447],[100.23908,16.18334],[100.24111,16.18304],[100.24262,16.18086],[100.2448,16.18088],[100.2456,16.17994],[100.24376,16.17771],[100.24288,16.17478],[100.24002,16.17385],[100.23823,16.17221],[100.23763,16.16694],[100.24195,16.16112],[100.24082,16.15797],[100.24138,16.15567],[100.24309,16.15429],[100.24584,16.15499],[100.24755,16.1541],[100.24845,16.15265],[100.24827,16.14986],[100.25003,16.14673],[100.25097,16.14606],[100.25421,16.14622],[100.2565,16.1449],[100.25962,16.14432],[100.25983,16.1433],[100.25871,16.14142],[100.25925,16.1407],[100.26113,16.14204],[100.26271,16.14208],[100.26345,16.14153],[100.26373,16.13965],[100.2671,16.13963],[100.26755,16.13906],[100.2672,16.13633],[100.26578,16.13386],[100.26347,16.13383],[100.26061,16.13491],[100.25942,16.13407],[100.26074,16.13025],[100.26294,16.12731],[100.26397,16.11881],[100.26729,16.11395],[100.26701,16.10834],[100.269,16.10745],[100.26923,16.10634],[100.26772,16.10382],[100.26741,16.10148],[100.26389,16.1016],[100.26334,16.09828],[100.26043,16.09769],[100.25965,16.09358],[100.25705,16.09092],[100.26198,16.08784],[100.26217,16.08645],[100.26063,16.08377],[100.2633,16.08273],[100.26448,16.0809],[100.26177,16.08003],[100.26197,16.07755],[100.26391,16.07608],[100.26205,16.06846],[100.26588,16.06384],[100.26709,16.06109],[100.27146,16.05924],[100.27046,16.05567],[100.27321,16.0526],[100.27304,16.05152],[100.27087,16.04958],[100.27178,16.04638],[100.27145,16.04543],[100.26977,16.04546],[100.26744,16.04699],[100.26486,16.04445],[100.2646,16.04327],[100.26616,16.04089],[100.26424,16.03823],[100.26413,16.03697],[100.26658,16.03533],[100.26635,16.03312],[100.26568,16.03208],[100.26369,16.03138],[100.26216,16.02627],[100.25739,16.02221],[100.25803,16.02151],[100.26052,16.02125],[100.26259,16.01904],[100.26454,16.01963],[100.26455,16.01593],[100.26771,16.01531]]}},{"type":"Feature","properties":{"name":"แม่น้ำยม","osm_id":399666984,"direction":"downstream"},"geometry":{"type":"LineString","coordinates":[[100.26771,16.01531],[100.26688,16.01291],[100.26729,16.01203],[100.2712,16.01245],[100.27387,16.011],[100.27455,16.0083],[100.27378,16.00349],[100.27117,15.99892],[100.27103,15.99546],[100.26953,15.99339],[100.26482,15.98938],[100.25957,15.98979],[100.25907,15.98888],[100.26012,15.98761],[100.26526,15.98711],[100.27205,15.98359],[100.27252,15.98226],[100.27199,15.97866],[100.26786,15.97262],[100.26461,15.97095],[100.26266,15.97131],[100.26067,15.97359],[100.26009,15.97528],[100.26057,15.97748],[100.25963,15.97941],[100.25843,15.97906],[100.25684,15.97671],[100.25278,15.97533],[100.25457,15.9714],[100.2586,15.96843],[100.25938,15.96462],[100.25879,15.9632],[100.25457,15.9597],[100.24967,15.95401],[100.2491,15.95198],[100.25018,15.95086],[100.25157,15.95097],[100.25502,15.9549],[100.25652,15.95483],[100.25896,15.95332],[100.25889,15.95214],[100.25542,15.95123],[100.25332,15.94982],[100.25074,15.9458],[100.25049,15.94305],[100.25467,15.94095],[100.25654,15.93776],[100.25897,15.9361],[100.26487,15.93462],[100.2665,15.93116],[100.26453,15.92651],[100.26765,15.92318],[100.27129,15.92455],[100.27217,15.9262],[100.27188,15.92865],[100.27465,15.93096],[100.27617,15.93106],[100.27608,15.92899],[100.27286,15.92368],[100.27244,15.92018],[100.27426,15.91863],[100.27615,15.91856],[100.2787,15.91958],[100.27946,15.91893],[100.27426,15.91441],[100.27224,15.91386],[100.26926,15.91542],[100.26791,15.91938],[100.26701,15.91965],[100.26617,15.91762],[100.26716,15.91344],[100.2651,15.91036],[100.26334,15.90937],[100.25899,15.91079],[100.25621,15.90945],[100.25537,15.90978],[100.25509,15.9126],[100.25636,15.91789],[100.25426,15.92106],[100.25253,15.92098],[100.25063,15.91976],[100.2475,15.91393],[100.24788,15.91256],[100.25108,15.90996],[100.24952,15.90594],[100.25009,15.90397],[100.2529,15.9039],[100.25753,15.90535],[100.25738,15.90397],[100.2558,15.90235],[100.25168,15.90136],[100.2563,15.89652],[100.25821,15.89567],[100.25973,15.89645],[100.26003,15.89849],[100.25921,15.90256],[100.26064,15.90398],[100.26614,15.90193],[100.26641,15.89663],[100.26742,15.89569],[100.26952,15.8955],[100.26799,15.89366],[100.26317,15.89154],[100.26115,15.8895],[100.26095,15.88685],[100.26371,15.88369],[100.26138,15.88104],[100.26008,15.87995],[100.25494,15.8787],[100.24999,15.87504],[100.25173,15.87372],[100.25601,15.87422],[100.25808,15.87185],[100.26435,15.87044]]}},{"type":"Feature","properties":{"name":"แม่น้ำน่าน","osm_id":400328476,"direction":"downstream"},"geometry":{"type":"LineString","coordinates":[[100.54415,18.01552],[100.54126,18.01081],[100.52806,17.99406],[100.47551,17.91085],[100.4722,17.90157],[100.47186,17.8925],[100.47371,17.87522],[100.47564,17.86697],[100.47999,17.85638],[100.48516,17.84833],[100.48761,17.84524],[100.49207,17.84262],[100.51155,17.83883],[100.51889,17.83572],[100.52296,17.83229],[100.52731,17.82461],[100.53022,17.81746],[100.54219,17.77704],[100.54763,17.77042],[100.55574,17.76711],[100.55994,17.76619],[100.56279,17.76444]]}},{"type":"Feature","properties":{"name":"แม่น้ำน่าน","osm_id":400328477,"direction":"downstream"},"geometry":{"type":"LineString","coordinates":[[100.62494,18.04381],[100.62269,18.04408],[100.61016,18.05],[100.6085,18.05018],[100.59955,18.04361],[100.58962,18.03995],[100.58651,18.0405],[100.58037,18.04411],[100.57862,18.04434],[100.57414,18.03589],[100.57306,18.03501],[100.56582,18.03603],[100.56217,18.03343],[100.55913,18.03266],[100.55551,18.03332],[100.55085,18.03531]]}},{"type":"Feature","properties":{"name":"แม่น้ำน่าน","osm_id":400328478,"direction":"downstream"},"geometry":{"type":"LineString","coordinates":[[100.6859,18.05157],[100.67677,18.05048],[100.67243,18.04805],[100.67042,18.04467]]}},{"type":"Feature","properties":{"name":"แม่น้ำน่าน","osm_id":400328479,"direction":"downstream"},"geometry":{"type":"LineString","coordinates":[[100.67042,18.04467],[100.66538,18.041],[100.66079,18.03937],[100.65669,18.03881],[100.63239,18.0444],[100.62494,18.04381]]}},{"type":"Feature","properties":{"name":"แม่น้ำยม","osm_id":405646940,"direction":"downstream"},"geometry":{"type":"LineString","coordinates":[[100.02898,16.87093],[100.03125,16.8702],[100.03199,16.87249],[100.03275,16.87265],[100.03517,16.87109],[100.03731,16.87116],[100.03896,16.87037],[100.04175,16.87072],[100.04213,16.86968],[100.04141,16.86776],[100.04227,16.86518],[100.04378,16.86389],[100.04606,16.86381],[100.04996,16.86101],[100.05307,16.86258],[100.05571,16.8593],[100.06005,16.85834],[100.06031,16.85682],[100.05889,16.85503],[100.06027,16.85258],[100.06388,16.85057],[100.06552,16.84518]]}},{"type":"Feature","properties":{"name":"แม่น้ำยม","osm_id":405646941,"direction":"downstream"},"geometry":{"type":"LineString","coordinates":[[100.06552,16.84518],[100.06287,16.84495],[100.06154,16.84093],[100.0589,16.84141],[100.05783,16.84062],[100.05769,16.83891],[100.05999,16.8385],[100.06026,16.83736],[100.05904,16.8354],[100.05532,16.83439],[100.05464,16.83314],[100.05672,16.83108],[100.0568,16.82708],[100.06124,16.82746],[100.06246,16.82668],[100.06255,16.82567],[100.06016,16.82324],[100.06044,16.82199],[100.06504,16.82397],[100.06644,16.82347],[100.06639,16.82041],[100.0673,16.81888],[100.06655,16.81567],[100.06719,16.81471],[100.06986,16.81326],[100.07281,16.81413],[100.07613,16.81273],[100.07753,16.81367],[100.07723,16.80998],[100.08004,16.80855],[100.08002,16.80704],[100.07795,16.80582],[100.07688,16.80427],[100.07199,16.80473],[100.0727,16.80237],[100.07496,16.80026],[100.07535,16.79864],[100.0744,16.79675],[100.07542,16.79574],[100.07739,16.79549],[100.08162,16.79935],[100.08408,16.79698],[100.0838,16.79539],[100.08281,16.79451],[100.07929,16.79492],[100.07896,16.79349],[100.07977,16.7895],[100.07803,16.78431],[100.07829,16.78304],[100.08039,16.78297],[100.08281,16.78564],[100.08796,16.78561],[100.08921,16.78456],[100.08944,16.78109],[100.09118,16.78091],[100.09347,16.77914],[100.09792,16.77175],[100.09949,16.77175],[100.10262,16.77488],[100.10458,16.77522],[100.10607,16.77462],[100.10675,16.77335],[100.10614,16.76949],[100.10722,16.76814],[100.10983,16.767],[100.11041,16.76591],[100.10631,16.76249],[100.10803,16.76221],[100.11212,16.76412],[100.11396,16.76188],[100.11095,16.75644],[100.11163,16.75526],[100.1139,16.75518],[100.11902,16.76248],[100.12694,16.76009],[100.13387,16.76024],[100.13592,16.7596],[100.13746,16.75815],[100.13861,16.7541],[100.14177,16.75258],[100.1437,16.75074],[100.14438,16.74795],[100.14392,16.74045],[100.14807,16.73443],[100.1511,16.73357],[100.1553,16.73585],[100.15719,16.73283],[100.16039,16.73207],[100.16242,16.73069],[100.16262,16.7295],[100.16061,16.72716],[100.16002,16.72502],[100.16058,16.71937],[100.16136,16.7178],[100.16267,16.71694],[100.16426,16.71759],[100.16606,16.72318],[100.16785,16.7243],[100.16909,16.72386],[100.1703,16.71606],[100.16779,16.71303],[100.16756,16.71121],[100.16859,16.7094],[100.17258,16.70767],[100.17399,16.70584],[100.1734,16.69915],[100.17492,16.69896],[100.18534,16.70473],[100.18653,16.7041],[100.18671,16.70272],[100.18466,16.69729],[100.18579,16.69649],[100.1877,16.69646],[100.18995,16.69853],[100.19168,16.6947],[100.18898,16.69197],[100.18786,16.68804],[100.18806,16.68195],[100.19112,16.67963],[100.19098,16.67565],[100.18845,16.67351],[100.18608,16.67268],[100.18186,16.66895],[100.17891,16.66487],[100.1791,16.66333],[100.18155,16.66121],[100.18462,16.66177],[100.18768,16.66118],[100.18852,16.65863],[100.19088,16.65605],[100.19094,16.65337],[100.195,16.64826],[100.19521,16.64552],[100.19778,16.64319],[100.1998,16.64239],[100.20412,16.63795],[100.2062,16.63734],[100.20767,16.63562],[100.21084,16.63477],[100.21278,16.63024],[100.21612,16.63079],[100.21692,16.62845],[100.22419,16.62548],[100.22546,16.62085],[100.22426,16.61814],[100.22537,16.61526],[100.22641,16.61483],[100.22788,16.6167],[100.22996,16.61704],[100.23142,16.61409],[100.23127,16.61212],[100.22815,16.61196],[100.22494,16.6082],[100.22572,16.60508],[100.22469,16.60084],[100.2263,16.59384],[100.22202,16.59288],[100.22025,16.59084],[100.21801,16.58411],[100.21912,16.58117],[100.21899,16.57902],[100.21591,16.57449],[100.21679,16.57274],[100.22002,16.5713],[100.22336,16.57084],[100.225,16.56877],[100.22442,16.56745],[100.2213,16.56708],[100.21982,16.56297],[100.21996,16.55982],[100.22218,16.55766],[100.22238,16.55643],[100.21842,16.55301],[100.21705,16.55012],[100.21178,16.54574],[100.21001,16.54282],[100.21084,16.53919],[100.21335,16.53506],[100.21748,16.53124],[100.21757,16.52914],[100.21622,16.5275],[100.21303,16.52667],[100.21262,16.52248],[100.21037,16.52045],[100.20738,16.51518],[100.20324,16.51245],[100.20235,16.51058],[100.20401,16.50717],[100.20407,16.50501],[100.2061,16.50368],[100.2069,16.50097],[100.20673,16.49989],[100.20472,16.49827],[100.20471,16.49739],[100.20569,16.49667],[100.20828,16.49691],[100.20928,16.49633],[100.21008,16.4922],[100.21244,16.49232],[100.21506,16.49457],[100.21685,16.49409],[100.21948,16.49036],[100.21953,16.48825],[100.22055,16.48615],[100.21983,16.48332],[100.22076,16.48038],[100.2254,16.47672],[100.22916,16.47589],[100.2307,16.47432],[100.23413,16.47],[100.23491,16.46744],[100.23435,16.46552],[100.23483,16.46368],[100.23664,16.46076],[100.23793,16.4601],[100.23793,16.45848],[100.24042,16.45806],[100.24079,16.45701],[100.23534,16.45445],[100.23289,16.4551],[100.23199,16.45469],[100.23016,16.45111],[100.22828,16.45041],[100.22613,16.45105],[100.22519,16.44771],[100.22296,16.44787],[100.22238,16.44651],[100.21986,16.44572],[100.21702,16.44294],[100.21495,16.44274],[100.21345,16.4444],[100.21234,16.44425],[100.20979,16.44054],[100.20974,16.43677],[100.21178,16.43438],[100.20981,16.43222],[100.2079,16.43187],[100.20531,16.42975],[100.20462,16.42803],[100.20576,16.42568],[100.20752,16.42694],[100.20851,16.42676],[100.20831,16.42401],[100.21065,16.42331],[100.21189,16.42043],[100.21407,16.41879],[100.21525,16.41508],[100.21763,16.41269],[100.21753,16.40944],[100.2239,16.40607],[100.22853,16.40495],[100.2284,16.40202],[100.22895,16.40116],[100.24041,16.39876],[100.24108,16.3955],[100.24456,16.39698],[100.2473,16.39205],[100.25141,16.39165],[100.25372,16.38859],[100.25804,16.38826],[100.25838,16.38514],[100.25616,16.38264],[100.25577,16.38063],[100.25638,16.37937],[100.25887,16.37809],[100.25903,16.37693],[100.25686,16.37379],[100.25791,16.37273],[100.26212,16.37297],[100.26363,16.37199],[100.26268,16.36886],[100.26032,16.36768],[100.25972,16.36626],[100.26411,16.35638],[100.26661,16.35262],[100.26609,16.34849],[100.26715,16.34478],[100.26581,16.34182],[100.26841,16.33971],[100.26945,16.33528],[100.27399,16.33542],[100.27492,16.33433],[100.27492,16.33301],[100.27209,16.32961],[100.27244,16.32701],[100.27186,16.3253],[100.27038,16.32532],[100.2677,16.32736],[100.26631,16.32719],[100.26519,16.3261],[100.26495,16.32498],[100.26676,16.32202],[100.26488,16.31932],[100.26544,16.3186],[100.26929,16.31834],[100.26924,16.31652],[100.26718,16.3137],[100.26704,16.31246],[100.26817,16.31144],[100.27367,16.30982],[100.27382,16.30877],[100.272,16.30643],[100.27177,16.30495],[100.27276,16.30353],[100.27512,16.30226],[100.27538,16.30106],[100.27383,16.30072],[100.2694,16.30288],[100.26689,16.30036],[100.26692,16.29776],[100.26613,16.29723],[100.26475,16.29808],[100.26471,16.29958],[100.26394,16.29987],[100.26243,16.29715],[100.26318,16.29418],[100.26239,16.29273],[100.25795,16.29596],[100.25629,16.2954],[100.25522,16.29307],[100.25654,16.29116],[100.25417,16.28864],[100.25387,16.28651],[100.25676,16.28424],[100.25644,16.28163],[100.25547,16.2809],[100.25285,16.28139],[100.2501,16.27718],[100.24645,16.27762],[100.24472,16.27602],[100.24557,16.27345],[100.2488,16.27045],[100.24967,16.2668]]}},{"type":"Feature","properties":{"name":"แม่น้ำยม","osm_id":406006719,"direction":"downstream"},"geometry":{"type":"LineString","coordinates":[[99.90894,16.92715],[99.91056,16.92638],[99.91167,16.92483],[99.91481,16.92534],[99.91785,16.92413],[99.9196,16.92219],[99.91918,16.91926],[99.92347,16.91888],[99.9251,16.9152],[99.92433,16.91285],[99.92482,16.91189],[99.92744,16.91106],[99.93028,16.91173],[99.93424,16.90926],[99.93776,16.90552],[99.94107,16.90419],[99.94466,16.90691],[99.94519,16.90805],[99.94475,16.90932],[99.94266,16.91006],[99.94277,16.91152],[99.94697,16.91346],[99.94949,16.91378],[99.9501,16.91491],[99.94934,16.91632],[99.94711,16.91622],[99.94606,16.91711],[99.94526,16.92008],[99.94583,16.92255],[99.94491,16.92397],[99.94716,16.92439],[99.94883,16.92324],[99.95033,16.92534],[99.94991,16.92701],[99.95284,16.92904],[99.95462,16.92933],[99.95515,16.93085],[99.95657,16.93006],[99.95796,16.93085],[99.95813,16.92831],[99.96014,16.92606],[99.96266,16.92465],[99.96288,16.92312],[99.96421,16.92375],[99.9645,16.92516],[99.96575,16.92604],[99.96601,16.9277],[99.96716,16.92814],[99.96861,16.92726],[99.96788,16.92494],[99.96995,16.9234],[99.97369,16.92483],[99.97642,16.92275],[99.97696,16.92506],[99.97924,16.92364],[99.98189,16.92386],[99.98626,16.91771],[99.9885,16.91714],[99.98958,16.91574],[99.98894,16.91407],[99.98523,16.91274],[99.98529,16.90714],[99.99043,16.90592],[99.99207,16.90358],[99.99423,16.90559],[99.99771,16.90604],[99.99684,16.90302],[99.99914,16.90268],[99.99964,16.9006],[100.00421,16.90078],[100.00455,16.89912],[100.00954,16.89872],[100.00982,16.89991],[100.01196,16.90058],[100.01362,16.89911],[100.0143,16.8974],[100.01584,16.89669],[100.01654,16.89417],[100.01833,16.89412],[100.01886,16.89258],[100.01982,16.892],[100.01773,16.8909],[100.01856,16.88816],[100.0223,16.88806],[100.0217,16.88586],[100.02405,16.88609],[100.02579,16.88488],[100.02536,16.88397],[100.0234,16.88371],[100.0232,16.88268],[100.02096,16.88041],[100.02193,16.87925],[100.02373,16.87918],[100.02518,16.87704],[100.02573,16.87147]]}},{"type":"Feature","properties":{"name":"แม่น้ำยม","osm_id":406449520,"direction":"downstream"},"geometry":{"type":"LineString","coordinates":[[99.90702,16.93195],[99.90829,16.93346],[99.90923,16.93074],[99.91133,16.93137],[99.91207,16.93032],[99.91128,16.9289],[99.90873,16.92905],[99.90894,16.92715]]}},{"type":"Feature","properties":{"name":"แม่น้ำยม","osm_id":406693910,"direction":"downstream"},"geometry":{"type":"LineString","coordinates":[[99.87996,16.90494],[99.88169,16.90642],[99.88095,16.90821],[99.88511,16.90966],[99.88434,16.91144],[99.88567,16.91249],[99.88415,16.91299],[99.88406,16.91464],[99.88231,16.91448],[99.88214,16.91544],[99.88435,16.91759],[99.88494,16.9199],[99.88683,16.9191],[99.88643,16.92146],[99.88748,16.92334],[99.89067,16.92595],[99.89239,16.92514],[99.89789,16.92698],[99.89886,16.92894],[99.89804,16.93011],[99.89909,16.9311],[99.90346,16.92803],[99.90524,16.92935],[99.90533,16.92788],[99.90609,16.92763],[99.90672,16.92882],[99.90635,16.93011],[99.90739,16.93078],[99.90702,16.93195]]}},{"type":"Feature","properties":{"name":"แม่น้ำยม","osm_id":406696261,"direction":"downstream"},"geometry":{"type":"LineString","coordinates":[[99.88297,16.91789],[99.88222,16.91836],[99.88159,16.91777],[99.88144,16.91609],[99.88271,16.91644]]}},{"type":"Feature","properties":{"name":"แม่น้ำท่าจีน","osm_id":409016221,"direction":"downstream"},"geometry":{"type":"LineString","coordinates":[[100.05427,15.17991],[100.05517,15.17573],[100.05474,15.17089],[100.05131,15.16799],[100.05072,15.16654],[100.05354,15.16389],[100.05523,15.15989],[100.05461,15.15907],[100.05261,15.1592],[100.05189,15.15819]]}},{"type":"Feature","properties":{"name":"แม่น้ำท่าจีน","osm_id":409016224,"direction":"downstream"},"geometry":{"type":"LineString","coordinates":[[100.07283,15.21734],[100.0716,15.21305],[100.06753,15.21139],[100.06758,15.21024],[100.06919,15.20796],[100.06742,15.20567],[100.06847,15.20329],[100.06817,15.20184],[100.06707,15.20084],[100.06362,15.20041],[100.06121,15.19435],[100.05685,15.19418],[100.05604,15.1934],[100.05606,15.19156],[100.05469,15.18888],[100.05396,15.1851],[100.05427,15.17991]]}},{"type":"Feature","properties":{"name":"แม่น้ำท่าจีน","osm_id":409783154,"direction":"downstream"},"geometry":{"type":"LineString","coordinates":[[100.04762,14.95712],[100.04985,14.95419],[100.05026,14.95115],[100.05562,14.95087],[100.05717,14.94815],[100.065,14.94634],[100.07049,14.94365],[100.07616,14.9398],[100.07723,14.9357],[100.08011,14.92978],[100.07969,14.9263],[100.08186,14.92355],[100.08254,14.92001],[100.08203,14.91825],[100.0792,14.91559],[100.07755,14.91515],[100.0744,14.91605],[100.07404,14.91528],[100.07577,14.91138],[100.07869,14.90802],[100.07854,14.90499],[100.07964,14.90456],[100.08143,14.9058],[100.08365,14.90581],[100.0878,14.90283],[100.08906,14.90104],[100.08841,14.89962],[100.0843,14.8993],[100.08287,14.8969],[100.08384,14.89526],[100.08299,14.89343],[100.08684,14.89336],[100.0876,14.89069],[100.08303,14.89052],[100.081,14.88898],[100.08139,14.88714],[100.08341,14.88413],[100.08173,14.88331],[100.08015,14.88064],[100.08536,14.87473],[100.08398,14.87273],[100.08387,14.86927],[100.08276,14.86615],[100.08435,14.8648],[100.08837,14.86327],[100.09035,14.85901],[100.09279,14.85637],[100.09413,14.84951],[100.09939,14.84262],[100.09954,14.8407],[100.09819,14.83729],[100.10024,14.83201],[100.10144,14.83115],[100.10421,14.83112],[100.10932,14.83241],[100.11116,14.83128],[100.11146,14.8304],[100.10956,14.82331],[100.1112,14.8205],[100.11381,14.81931],[100.11424,14.81847],[100.11384,14.81368],[100.11509,14.81074],[100.10729,14.81002],[100.10849,14.80607],[100.10772,14.80247],[100.10598,14.802],[100.10483,14.80432],[100.10365,14.80312],[100.10576,14.79634],[100.10468,14.79311],[100.09777,14.79034],[100.09326,14.79026],[100.08972,14.7884],[100.0848,14.78917],[100.08332,14.78731],[100.08463,14.78443]]}},{"type":"Feature","properties":{"name":"แม่น้ำป่าสัก","osm_id":410016565,"direction":"downstream"},"geometry":{"type":"LineString","coordinates":[[101.07429,15.87869],[101.07407,15.87698],[101.07274,15.87744],[101.07196,15.87635],[101.07352,15.8755],[101.07355,15.87284],[101.07124,15.87188],[101.07005,15.87313],[101.06907,15.87176],[101.0674,15.87476],[101.06668,15.87485],[101.06596,15.87242],[101.06438,15.87213],[101.06406,15.8712],[101.06325,15.87165],[101.06292,15.87081],[101.06376,15.87036],[101.06366,15.86967],[101.06252,15.86882],[101.0596,15.86947],[101.05863,15.86832],[101.05747,15.86934],[101.0551,15.8684],[101.05009,15.86565],[101.04873,15.8616],[101.04727,15.86251],[101.04774,15.8638],[101.04607,15.86342],[101.04475,15.86055],[101.04572,15.85903],[101.04497,15.85848],[101.04294,15.8588],[101.04272,15.85718],[101.04081,15.85902],[101.03851,15.85742],[101.03791,15.85949],[101.03885,15.86069],[101.0365,15.86211],[101.03516,15.86191],[101.03419,15.8548],[101.03482,15.85416],[101.03607,15.85546],[101.03676,15.85473],[101.03522,15.85237],[101.0389,15.85052],[101.04213,15.85222],[101.04345,15.85213],[101.0438,15.85147],[101.04247,15.85064],[101.04261,15.84807],[101.04333,15.84709],[101.04455,15.84784],[101.04541,15.84651],[101.04664,15.84692],[101.04651,15.84469],[101.04786,15.8439],[101.04641,15.84186],[101.04438,15.84099]]}},{"type":"Feature","properties":{"name":"แม่น้ำป่าสัก","osm_id":410028956,"direction":"downstream"},"geometry":{"type":"LineString","coordinates":[[101.05077,15.83322],[101.05097,15.83163],[101.04938,15.82922],[101.04671,15.82788]]}},{"type":"Feature","properties":{"name":"แม่น้ำป่าสัก","osm_id":410051615,"direction":"downstream"},"geometry":{"type":"LineString","coordinates":[[101.07182,15.88077],[101.07094,15.88002],[101.07189,15.87932],[101.0735,15.88128],[101.07475,15.88078],[101.07429,15.87869]]}},{"type":"Feature","properties":{"name":"แม่น้ำท่าจีน","osm_id":415961060,"direction":"downstream"},"geometry":{"type":"LineString","coordinates":[[100.05189,15.15819],[100.05172,15.15527],[100.04962,15.14964],[100.04978,15.14511],[100.04496,15.14066],[100.04554,15.13567],[100.0431,15.13545],[100.03781,15.1394],[100.03616,15.13863],[100.03436,15.13594],[100.03103,15.13626],[100.02954,15.13341],[100.02455,15.13171],[100.01997,15.12382],[100.01879,15.11751],[100.0171,15.11426],[100.02179,15.10602],[100.02356,15.10453],[100.02488,15.10444],[100.02787,15.10698],[100.02988,15.10667],[100.03225,15.10339],[100.03302,15.09938],[100.03582,15.09889],[100.04079,15.09306],[100.04439,15.09074],[100.04547,15.08867],[100.0453,15.08753]]}},{"type":"Feature","properties":{"name":"แม่น้ำป่าสัก","osm_id":416457605,"direction":"downstream"},"geometry":{"type":"LineString","coordinates":[[101.19797,15.25206],[101.19255,15.24642],[101.19175,15.24476],[101.18775,15.24177]]}},{"type":"Feature","properties":{"name":"แม่น้ำป่าสัก","osm_id":416457611,"direction":"downstream"},"geometry":{"type":"LineString","coordinates":[[101.15454,15.19928],[101.15244,15.19664]]}},{"type":"Feature","properties":{"name":"แม่น้ำป่าสัก","osm_id":416457612,"direction":"downstream"},"geometry":{"type":"LineString","coordinates":[[101.18775,15.24177],[101.184,15.23974],[101.18094,15.23531],[101.17734,15.2324],[101.17896,15.22891],[101.17828,15.2274],[101.17674,15.22683],[101.17667,15.22563],[101.17757,15.22435],[101.17951,15.22525],[101.17979,15.22364],[101.17546,15.2211],[101.17258,15.22373],[101.17116,15.22271],[101.17229,15.2199],[101.1715,15.21827],[101.16901,15.21816],[101.16944,15.21294],[101.16845,15.20752],[101.16371,15.20412],[101.16123,15.19967],[101.1598,15.19987],[101.1567,15.20273],[101.15454,15.19928]]}},{"type":"Feature","properties":{"name":"แม่น้ำชี","osm_id":420549842,"direction":"downstream"},"geometry":{"type":"LineString","coordinates":[[104.21777,15.59003],[104.21984,15.58853],[104.22073,15.58646],[104.22006,15.58142],[104.22157,15.57939],[104.22514,15.57909],[104.23349,15.58097],[104.23638,15.5799],[104.23658,15.57771],[104.23537,15.57529],[104.2333,15.57423],[104.2264,15.57515],[104.22457,15.57325],[104.22348,15.57018],[104.22442,15.56858],[104.22912,15.56487],[104.22921,15.55822],[104.23013,15.55651],[104.23163,15.55625],[104.23359,15.55722],[104.23613,15.56259],[104.23805,15.56263],[104.23907,15.56169],[104.23923,15.55921],[104.23405,15.55181],[104.23345,15.54892],[104.23419,15.54764],[104.23652,15.54628],[104.24315,15.54623],[104.24467,15.54483],[104.24435,15.54292]]}},{"type":"Feature","properties":{"name":"แม่น้ำยม","osm_id":424851855,"direction":"downstream"},"geometry":{"type":"LineString","coordinates":[[100.11513,18.12563],[100.11378,18.12492],[100.11273,18.12251],[100.11473,18.11531],[100.11428,18.10962],[100.11534,18.10337],[100.11236,18.09761],[100.112,18.09166],[100.11133,18.09022],[100.10973,18.08901],[100.10792,18.08887],[100.10523,18.09084],[100.10278,18.09103],[100.09939,18.08783],[100.0997,18.08542],[100.09884,18.08439],[100.09562,18.08609],[100.09411,18.09033],[100.0923,18.09058],[100.09136,18.09018],[100.0863,18.08177],[100.08383,18.08244],[100.08107,18.08491],[100.08006,18.0848],[100.0784,18.07963],[100.0796,18.07316],[100.07849,18.06189],[100.07097,18.04603],[100.07191,18.04027],[100.0713,18.03868],[100.06845,18.03268],[100.06499,18.0302],[100.06548,18.02828],[100.06875,18.0266],[100.06932,18.02548],[100.06904,18.02345],[100.06371,18.02091],[100.05475,18.02103],[100.04963,18.01981],[100.04039,18.01331],[100.03874,18.01369],[100.03606,18.01575],[100.03536,18.01407],[100.03688,18.00982],[100.03537,18.00275],[100.03615,17.99748],[100.03356,17.9936],[100.02911,17.99445],[100.02622,17.99743],[100.02552,18.00216],[100.02259,18.0043],[100.02061,18.00338],[100.01918,17.99772],[100.01597,17.99446],[100.015,17.9945],[100.00996,17.99825],[100.00636,17.99852],[100.00425,17.99738],[100.00135,18.00091],[99.99906,18.00181],[99.99465,18.00039],[99.99207,18.00246],[99.98855,18.00275],[99.98372,18.00034],[99.98158,18.00004],[99.97575,18.00406],[99.9707,18.00497],[99.96945,18.0058],[99.96903,18.00751],[99.97045,18.01031],[99.96878,18.01207],[99.96726,18.01258],[99.96461,18.01214],[99.96189,18.01344],[99.96034,18.01331],[99.95347,18.01539],[99.95323,18.01684],[99.95403,18.01858],[99.95348,18.02056],[99.94588,18.02632],[99.94545,18.02788],[99.9464,18.02985],[99.94025,18.03692],[99.93762,18.03649],[99.9356,18.03802],[99.92645,18.03274],[99.92367,18.03211],[99.92227,18.03292],[99.92172,18.03635],[99.91812,18.04164],[99.91719,18.04238],[99.91529,18.04224],[99.91076,18.0397],[99.8985,18.02825],[99.89197,18.02828],[99.88755,18.03233],[99.88537,18.03621],[99.88672,18.0431],[99.88491,18.04681],[99.87299,18.05032],[99.87134,18.04967],[99.8696,18.04746],[99.8681,18.04742],[99.8649,18.0519],[99.86306,18.05283],[99.86123,18.05255],[99.85942,18.05041],[99.858,18.0416],[99.85869,18.03697],[99.85814,18.03521],[99.8547,18.03332],[99.85083,18.03321],[99.84258,18.02909],[99.84143,18.02982],[99.84027,18.03208],[99.84593,18.03832],[99.8464,18.0409],[99.84557,18.04292],[99.84329,18.04403],[99.8387,18.04462],[99.8315,18.04848],[99.82757,18.04834],[99.82391,18.0459],[99.82273,18.04179],[99.82131,18.04174],[99.81928,18.04333],[99.81885,18.04839],[99.81597,18.05133],[99.80968,18.05104],[99.80531,18.05278],[99.80234,18.05276],[99.80029,18.05129],[99.80016,18.0488],[99.80225,18.0459],[99.79984,18.04165],[99.79862,18.04113],[99.79851,18.04023],[99.79638,18.03826],[99.78644,18.03806],[99.78635,18.03558],[99.78907,18.03182],[99.78933,18.03046],[99.7862,18.02696],[99.78053,18.02793],[99.77833,18.02922],[99.77748,18.02912],[99.7764,18.02719],[99.77711,18.02505],[99.7839,18.0244],[99.78487,18.02364],[99.78583,18.0202],[99.78397,18.0173],[99.77788,18.01574],[99.77641,18.01336],[99.77727,18.00715],[99.77223,18.00323],[99.77193,18.002],[99.77372,17.99873],[99.77318,17.99634],[99.77189,17.99499],[99.76766,17.99453],[99.76544,17.99334],[99.76362,17.991],[99.76445,17.98825],[99.76601,17.98631],[99.76613,17.98345],[99.76495,17.98268],[99.75815,17.9814],[99.75327,17.97907],[99.75003,17.98032],[99.74162,17.97917],[99.73827,17.98062],[99.73579,17.97463],[99.73091,17.97648],[99.72505,17.97367],[99.72163,17.97299],[99.72195,17.97079],[99.72459,17.96953],[99.72575,17.96708],[99.7236,17.964],[99.72163,17.96303],[99.71858,17.96294],[99.71733,17.9617],[99.71822,17.95643],[99.7178,17.95437],[99.71651,17.95257],[99.71166,17.95247],[99.70752,17.95381],[99.70569,17.9528],[99.70402,17.95013],[99.70102,17.94793],[99.69928,17.94549],[99.6951,17.94355],[99.69176,17.94327],[99.68847,17.94129],[99.68727,17.93733],[99.6875,17.93119],[99.68649,17.92938],[99.68221,17.92899],[99.67771,17.93343],[99.67254,17.93396],[99.67441,17.9413],[99.67326,17.94241],[99.67043,17.94251],[99.66773,17.94021],[99.66642,17.93759],[99.66418,17.93643],[99.65857,17.93606],[99.65658,17.93708],[99.65623,17.93799],[99.65666,17.94019],[99.66066,17.9441],[99.66006,17.94561],[99.65911,17.9461],[99.65648,17.94574],[99.65303,17.94359],[99.64592,17.94465],[99.63654,17.94844],[99.63519,17.94772],[99.63421,17.9461],[99.63498,17.94495],[99.6423,17.94109],[99.64305,17.93739],[99.64068,17.93543],[99.63687,17.93465],[99.63284,17.93502],[99.63197,17.93442],[99.6313,17.93226],[99.63338,17.92868],[99.63234,17.92727],[99.62921,17.92728],[99.62421,17.9288],[99.62235,17.92837],[99.62005,17.92542],[99.6196,17.92115],[99.62032,17.91886],[99.61931,17.91655],[99.61653,17.91465],[99.61133,17.91473],[99.61045,17.91415],[99.60987,17.91112],[99.6124,17.9067],[99.60633,17.9022],[99.60418,17.89877],[99.60585,17.89477],[99.60625,17.8916],[99.60502,17.88723],[99.60546,17.88103],[99.60765,17.87934],[99.61101,17.87843],[99.61417,17.88154],[99.61706,17.88136],[99.61807,17.88027],[99.61606,17.87367],[99.61801,17.87058],[99.62019,17.8688],[99.62012,17.86742],[99.61856,17.86591],[99.61588,17.86491],[99.61463,17.86336],[99.61582,17.86143],[99.61796,17.86085],[99.61895,17.8597],[99.62081,17.85475],[99.62088,17.85108],[99.62272,17.84296],[99.62774,17.84147],[99.63815,17.84718],[99.63988,17.84697],[99.64036,17.84184],[99.63897,17.83089],[99.64093,17.82927],[99.64276,17.82908],[99.64452,17.83007],[99.64642,17.8301],[99.65052,17.82763],[99.65054,17.82534],[99.64956,17.82361],[99.65118,17.81736],[99.65091,17.8107],[99.65527,17.8035],[99.65659,17.80231],[99.66669,17.80358],[99.67002,17.80169],[99.67119,17.79635],[99.67354,17.79077],[99.67728,17.78719],[99.6803,17.78592],[99.68639,17.77725],[99.68664,17.77594],[99.68527,17.77335],[99.6765,17.77147],[99.6714,17.76609],[99.6615,17.75765],[99.65987,17.75483],[99.65648,17.7531],[99.65128,17.74841],[99.64897,17.74518],[99.64725,17.73791],[99.64524,17.73473],[99.63985,17.72912],[99.64012,17.72406],[99.64115,17.72318]]}},{"type":"Feature","properties":{"name":"แม่น้ำยม","osm_id":425035329,"direction":"downstream"},"geometry":{"type":"LineString","coordinates":[[99.70204,17.61873],[99.70436,17.6187],[99.70547,17.61543],[99.7026,17.61096],[99.70313,17.60922],[99.7093,17.60486],[99.71,17.60309],[99.7092,17.59912],[99.71001,17.59854],[99.71209,17.59911],[99.71253,17.59804],[99.71488,17.59648],[99.71817,17.59092]]}},{"type":"Feature","properties":{"name":"แม่น้ำยม","osm_id":425035331,"direction":"downstream"},"geometry":{"type":"LineString","coordinates":[[99.71817,17.59092],[99.71962,17.58843],[99.72189,17.58706],[99.72358,17.58457],[99.72319,17.58354],[99.71979,17.58187],[99.71938,17.57893],[99.72096,17.57466],[99.72385,17.57027],[99.72457,17.56997],[99.73117,17.57254],[99.74607,17.56863],[99.74781,17.5675],[99.7492,17.56542],[99.75177,17.55764],[99.75368,17.55726],[99.76331,17.55895],[99.76693,17.55878],[99.76865,17.55697],[99.77089,17.55176],[99.77171,17.54723],[99.77086,17.54074],[99.76819,17.53709],[99.76516,17.52635],[99.75908,17.51759],[99.75697,17.51299],[99.75419,17.50337],[99.75507,17.49572],[99.75787,17.48854],[99.75687,17.47382],[99.75743,17.47251],[99.76182,17.46885],[99.76345,17.46498],[99.76721,17.46179],[99.77185,17.45943],[99.7752,17.45494],[99.77779,17.4535],[99.78037,17.45085],[99.78624,17.44915],[99.78748,17.44811],[99.78826,17.44625],[99.78731,17.43774],[99.7882,17.43544],[99.79125,17.43252],[99.79528,17.43283],[99.80068,17.43109],[99.81503,17.43053],[99.81855,17.42405],[99.8183,17.42161],[99.81632,17.4206],[99.81258,17.4221],[99.81253,17.42619],[99.81119,17.42794],[99.80723,17.42802],[99.80342,17.42587],[99.80185,17.41774],[99.80267,17.40396],[99.79969,17.39736],[99.79992,17.39396],[99.7976,17.38741],[99.79405,17.38555],[99.79375,17.38385],[99.79854,17.38079],[99.80067,17.37704],[99.80462,17.37332],[99.80675,17.36831],[99.8088,17.36708],[99.81134,17.36677],[99.81481,17.36301],[99.81937,17.36152],[99.82256,17.35877],[99.82868,17.34782],[99.829,17.34421],[99.8329,17.34316],[99.83349,17.33972],[99.83555,17.33785],[99.8357,17.33617],[99.83459,17.33273],[99.8345,17.32502],[99.82921,17.31991],[99.82929,17.31742],[99.83051,17.3152],[99.82631,17.31238],[99.82539,17.31002],[99.8263,17.30807],[99.82909,17.30702],[99.83027,17.3058],[99.82983,17.30065],[99.83077,17.29669],[99.83509,17.29368],[99.83662,17.29012],[99.83968,17.28709],[99.84094,17.28353],[99.84052,17.28249],[99.83678,17.2809],[99.83347,17.27728],[99.83324,17.27024],[99.8342,17.2687],[99.83888,17.26565],[99.83948,17.26432],[99.83937,17.25916],[99.84455,17.25885],[99.84535,17.25414],[99.8466,17.25403],[99.84914,17.25631],[99.85118,17.25525],[99.85415,17.25203],[99.8522,17.24687],[99.85316,17.24344],[99.85275,17.24187],[99.85079,17.24011],[99.84967,17.23755],[99.85003,17.23418],[99.85137,17.23063],[99.85,17.22675],[99.85147,17.22547],[99.85679,17.22457],[99.85945,17.22218],[99.85987,17.22049]]}},{"type":"Feature","properties":{"name":"แม่น้ำชี","osm_id":425245869,"direction":"downstream"},"geometry":{"type":"LineString","coordinates":[[101.92534,15.65725],[101.92689,15.65828],[101.92843,15.65645],[101.9304,15.65669],[101.93187,15.65946],[101.9332,15.66011],[101.9342,15.66279],[101.93626,15.66432],[101.93859,15.66238],[101.93991,15.66254],[101.94084,15.66365],[101.9406,15.66765],[101.94317,15.66916],[101.94452,15.66891],[101.94408,15.66727],[101.94461,15.66585],[101.94656,15.66649],[101.94775,15.6719],[101.95036,15.67112],[101.95117,15.67166],[101.94953,15.67418],[101.94579,15.67484],[101.94698,15.67838],[101.94805,15.67823],[101.95044,15.67602],[101.95107,15.67667],[101.9506,15.67876],[101.95198,15.67902],[101.95491,15.67479],[101.957,15.67727],[101.95565,15.67847],[101.95683,15.67875],[101.95826,15.67772],[101.95873,15.67572],[101.95962,15.67572],[101.95971,15.6783],[101.96054,15.67964],[101.96287,15.6794],[101.96422,15.68049],[101.96422,15.68411],[101.9656,15.68716],[101.96891,15.68752],[101.96737,15.6831],[101.96934,15.68271],[101.97067,15.68331],[101.97146,15.68466],[101.97117,15.68767],[101.97359,15.6882],[101.97297,15.68391],[101.97201,15.68288],[101.9725,15.68244],[101.97454,15.68399],[101.97563,15.68784],[101.97702,15.68827],[101.97843,15.6903],[101.98261,15.68888],[101.98064,15.68425],[101.98282,15.68442],[101.98339,15.68636],[101.9855,15.68691],[101.98592,15.68451],[101.98761,15.68391],[101.98987,15.68493],[101.98904,15.68824],[101.99041,15.68811],[101.99312,15.68939],[101.99517,15.68921],[101.99543,15.69093],[101.99846,15.69314],[102.00039,15.69209],[102.00043,15.69031],[102.00131,15.68942]]}},{"type":"Feature","properties":{"name":"แม่น้ำมูล","osm_id":428913934,"direction":"downstream"},"geometry":{"type":"LineString","coordinates":[[103.15819,15.3522],[103.16295,15.35341],[103.16604,15.35813],[103.16965,15.35974],[103.16956,15.36228],[103.17049,15.36346],[103.17392,15.36312],[103.17636,15.35932],[103.17874,15.35978],[103.18003,15.36225],[103.17881,15.36585],[103.1817,15.36811],[103.19062,15.36458],[103.19443,15.36573],[103.19741,15.3623],[103.19746,15.35974],[103.19661,15.35828],[103.19364,15.35791],[103.18934,15.36025],[103.18787,15.35957],[103.18724,15.35787],[103.18823,15.35601],[103.19192,15.35381],[103.19281,15.35248],[103.19322,15.34894],[103.19563,15.34495],[103.19648,15.33581],[103.19822,15.33485],[103.20101,15.33616],[103.20167,15.33839],[103.20092,15.34202],[103.202,15.34312],[103.20337,15.34274],[103.20596,15.33967],[103.20709,15.33929],[103.20907,15.34023],[103.20971,15.34221],[103.21187,15.34286],[103.21367,15.34089],[103.21027,15.33602],[103.20968,15.33249],[103.21063,15.33083]]}},{"type":"Feature","properties":{"name":"แม่น้ำมูล","osm_id":428922358,"direction":"downstream"},"geometry":{"type":"LineString","coordinates":[[103.23533,15.31954],[103.23737,15.31981],[103.24461,15.31724],[103.25052,15.32096],[103.25262,15.3207],[103.25414,15.31591],[103.25409,15.31335],[103.25162,15.31082],[103.24855,15.30904],[103.24842,15.30704],[103.24981,15.30662],[103.25636,15.30983],[103.25762,15.31252],[103.25973,15.31388],[103.26349,15.31326],[103.26549,15.31072],[103.26624,15.31087],[103.26657,15.31153],[103.26476,15.31375],[103.26609,15.31517],[103.26521,15.31578],[103.26799,15.31788],[103.27596,15.31816],[103.27667,15.31711],[103.27533,15.31567],[103.27694,15.31405],[103.27882,15.31426],[103.28316,15.31676],[103.28602,15.31686],[103.28643,15.31473],[103.28308,15.31176],[103.28086,15.30844],[103.28068,15.30708],[103.28177,15.30462],[103.28701,15.30366],[103.28813,15.30271],[103.28808,15.29913],[103.2896,15.29864],[103.29267,15.30008],[103.29557,15.30276],[103.30097,15.30973],[103.30397,15.31702],[103.30598,15.31919],[103.30795,15.31967],[103.31409,15.31793],[103.31583,15.31807],[103.31725,15.32014],[103.31676,15.3224],[103.31368,15.32579],[103.31361,15.32733],[103.31515,15.32804],[103.31848,15.32709],[103.32039,15.32769],[103.3231,15.33256],[103.32427,15.33333],[103.32612,15.33327],[103.32846,15.33119],[103.32969,15.33125],[103.33012,15.33214],[103.32778,15.33398],[103.3271,15.33588],[103.32821,15.33731],[103.33344,15.33683],[103.33788,15.33505],[103.33972,15.33594],[103.34083,15.34289],[103.34231,15.34384],[103.34373,15.34337],[103.3449,15.34034],[103.34761,15.33921],[103.35013,15.34028],[103.35032,15.34188],[103.3481,15.34604],[103.34945,15.34729],[103.35087,15.34669]]}},{"type":"Feature","properties":{"name":"แม่น้ำชี","osm_id":429569740,"direction":"downstream"},"geometry":{"type":"LineString","coordinates":[[103.77387,16.18006],[103.77858,16.17703],[103.77883,16.17343],[103.77982,16.17228],[103.78643,16.17332],[103.79458,16.16992],[103.79891,16.16897],[103.80016,16.16472],[103.79978,16.16266],[103.79611,16.16175],[103.7912,16.15866],[103.7903,16.15689],[103.79123,16.15493],[103.79313,16.15353],[103.79943,16.15213],[103.80155,16.15248],[103.80323,16.15711],[103.80696,16.16031],[103.80977,16.16481],[103.81483,16.16689],[103.82,16.16526],[103.82151,16.16731],[103.82149,16.17144],[103.81589,16.17568],[103.81466,16.17909],[103.81308,16.17913],[103.81044,16.17634],[103.80856,16.17661],[103.80713,16.17785],[103.80709,16.18164],[103.80875,16.18458],[103.81005,16.18522],[103.81507,16.18548],[103.82182,16.18196],[103.82882,16.18211],[103.83159,16.18046],[103.83688,16.16086],[103.83924,16.15503],[103.84088,16.15331],[103.84292,16.1526],[103.84649,16.15437],[103.84798,16.15841],[103.84652,16.16299],[103.84744,16.16409],[103.84873,16.16311],[103.85065,16.15455],[103.84983,16.153],[103.84581,16.15009],[103.84597,16.14778],[103.84905,16.14521],[103.84632,16.14166],[103.84156,16.13956],[103.83714,16.14195],[103.83449,16.14136],[103.83097,16.13969],[103.8288,16.13564],[103.82476,16.13365],[103.82445,16.13049],[103.82638,16.12647],[103.82962,16.12216],[103.83758,16.11688],[103.84569,16.11589],[103.85363,16.11695],[103.86397,16.11486],[103.86693,16.11357],[103.87445,16.10841],[103.87767,16.10549],[103.88152,16.09901],[103.88794,16.08257]]}},{"type":"Feature","properties":{"name":"แม่น้ำชี","osm_id":429677494,"direction":"downstream"},"geometry":{"type":"LineString","coordinates":[[103.90331,16.06107],[103.90704,16.03581],[103.9071,16.02835],[103.90551,16.02135],[103.9053,16.01699],[103.90671,16.01218],[103.90823,16.00216],[103.90969,15.99983],[103.912,15.99801],[103.91387,15.99754],[103.91668,15.99812],[103.919,16.00029],[103.91963,16.00223],[103.91769,16.00887],[103.91872,16.0125],[103.92044,16.01314],[103.92607,16.01191],[103.9311,16.01281],[103.93233,16.0118],[103.93193,16.00962],[103.92638,16.00647],[103.92497,16.004],[103.92665,16.00151],[103.93082,15.99938],[103.93183,15.99681]]}},{"type":"Feature","properties":{"name":"แม่น้ำชี","osm_id":435094294,"direction":"downstream"},"geometry":{"type":"LineString","coordinates":[[103.20802,16.19514],[103.21078,16.19491],[103.21469,16.19716],[103.21748,16.19763],[103.22106,16.19932],[103.22222,16.19864],[103.22402,16.19551],[103.22782,16.19588],[103.23224,16.19407],[103.23728,16.19625],[103.2408,16.19998],[103.2393,16.20367],[103.23975,16.20464],[103.24569,16.2039],[103.24678,16.20444],[103.24837,16.20717],[103.25335,16.20724],[103.2567,16.2094],[103.25725,16.21043],[103.25689,16.21156],[103.25252,16.21498],[103.25269,16.21674],[103.25472,16.21682],[103.25816,16.2133],[103.26017,16.21272],[103.2614,16.2141],[103.26266,16.21861],[103.26754,16.21927],[103.26777,16.2202],[103.26648,16.22281],[103.26828,16.22679],[103.26545,16.22838],[103.26429,16.23],[103.26509,16.2312],[103.26816,16.23239],[103.2747,16.23231],[103.27781,16.23118],[103.27859,16.22401],[103.2759,16.22286],[103.27524,16.22149],[103.27634,16.21873],[103.27895,16.21732],[103.28354,16.21749],[103.28884,16.21926],[103.29256,16.2239],[103.29767,16.22466],[103.29942,16.22792],[103.30081,16.22853],[103.3017,16.22698],[103.30053,16.22346],[103.30316,16.21926],[103.30619,16.21767],[103.31035,16.21846],[103.31199,16.21812],[103.31706,16.21319],[103.31852,16.21276],[103.32162,16.21734],[103.32165,16.21881],[103.31973,16.21939],[103.31664,16.21854],[103.31451,16.21886],[103.30989,16.2256],[103.3103,16.22708],[103.31524,16.23038],[103.32564,16.22642],[103.32921,16.22616],[103.33373,16.22378],[103.33466,16.22267],[103.33463,16.2185],[103.33601,16.21758],[103.33931,16.2176],[103.34356,16.21606],[103.34907,16.2162],[103.35075,16.21888],[103.35171,16.21898],[103.35418,16.21684],[103.35686,16.21704],[103.36096,16.21612],[103.36238,16.21769],[103.36302,16.2202]]}},{"type":"Feature","properties":{"name":"แม่น้ำชี","osm_id":436331643,"direction":"downstream"},"geometry":{"type":"LineString","coordinates":[[102.26492,15.78276],[102.26627,15.7834],[102.2679,15.78241],[102.26898,15.78484],[102.2698,15.78521],[102.2765,15.7809],[102.27976,15.78449],[102.28282,15.7828],[102.28513,15.78346],[102.28552,15.78431],[102.28443,15.78582],[102.28496,15.78717],[102.28936,15.78708],[102.29063,15.78562],[102.29262,15.78503],[102.2956,15.78927],[102.30194,15.7899],[102.30426,15.7911]]}},{"type":"Feature","properties":{"name":"แม่น้ำชี","osm_id":436339656,"direction":"downstream"},"geometry":{"type":"LineString","coordinates":[[102.25343,15.77035],[102.25737,15.77129],[102.25839,15.77269],[102.25585,15.77488],[102.25694,15.77768],[102.2558,15.7797],[102.25631,15.78144],[102.2578,15.78186],[102.25936,15.78122],[102.2615,15.78307],[102.26379,15.78121],[102.26492,15.78276]]}},{"type":"Feature","properties":{"name":"แม่น้ำชี","osm_id":436339660,"direction":"downstream"},"geometry":{"type":"LineString","coordinates":[[102.16277,15.7406],[102.1633,15.74012],[102.16235,15.73807],[102.16305,15.73718],[102.16445,15.73784],[102.16672,15.74112],[102.16322,15.74283],[102.16445,15.74447],[102.16636,15.74489],[102.16887,15.74359],[102.17307,15.74404],[102.17597,15.74661],[102.17728,15.74451],[102.17837,15.74404],[102.17901,15.7474],[102.17977,15.74778],[102.18093,15.74691],[102.18104,15.74481],[102.18199,15.7445],[102.18616,15.74754],[102.18728,15.7456],[102.18357,15.74443],[102.18295,15.74316],[102.18315,15.74194],[102.18496,15.7401],[102.18721,15.74112],[102.18783,15.74057],[102.18774,15.7388],[102.19152,15.73886],[102.19318,15.7416],[102.19482,15.74097],[102.19606,15.73889],[102.19932,15.74026],[102.20154,15.73907],[102.20172,15.74151],[102.20534,15.74919],[102.20345,15.74994],[102.20131,15.74849],[102.20019,15.74977],[102.2029,15.75186],[102.20426,15.75515],[102.204,15.75665],[102.20501,15.75727],[102.20633,15.75654],[102.20759,15.75397],[102.21069,15.75491],[102.21431,15.75464],[102.21592,15.74995],[102.21858,15.75266],[102.22328,15.75084],[102.22301,15.74938],[102.21925,15.7477],[102.21964,15.74678],[102.22338,15.74819],[102.22705,15.74846],[102.22767,15.74783],[102.22775,15.74544],[102.23055,15.74574],[102.23104,15.74368],[102.23237,15.74339],[102.23618,15.74574],[102.23766,15.74852],[102.24152,15.74895],[102.24354,15.75187],[102.24502,15.75205],[102.248,15.74942],[102.25017,15.75031],[102.25296,15.75289],[102.25336,15.75416],[102.25268,15.75522],[102.24742,15.75634],[102.24673,15.75719],[102.24828,15.75954],[102.25236,15.7598],[102.25056,15.76273],[102.25258,15.7645],[102.25195,15.76935],[102.25254,15.77028]]}},{"type":"Feature","properties":{"name":"แม่น้ำมูล","osm_id":438126754,"direction":"downstream"},"geometry":{"type":"LineString","coordinates":[[103.8282,15.45619],[103.83041,15.45976],[103.83524,15.46093],[103.83921,15.45985],[103.84423,15.4565],[103.84629,15.45629],[103.84824,15.45781],[103.85159,15.46564],[103.85403,15.46638],[103.85628,15.46493],[103.8584,15.46084],[103.85878,15.4584],[103.85758,15.45318],[103.85788,15.4506],[103.85962,15.44911],[103.86129,15.44899],[103.86317,15.44975],[103.86523,15.45244],[103.86568,15.45448],[103.86515,15.45958],[103.86588,15.46185],[103.86784,15.46324],[103.87327,15.46385],[103.8779,15.46845],[103.88076,15.4677],[103.88319,15.46501],[103.88466,15.45475],[103.88575,15.45412],[103.88765,15.45475],[103.89157,15.46114],[103.89159,15.46241],[103.889,15.46741],[103.88969,15.46862],[103.89064,15.46871],[103.89237,15.46749],[103.89391,15.46225],[103.90011,15.4497],[103.90028,15.44702],[103.89868,15.44342],[103.89915,15.4418],[103.9006,15.44155],[103.90341,15.44306],[103.90533,15.44248],[103.90734,15.43725],[103.90967,15.43593],[103.91746,15.4394],[103.92316,15.43877],[103.92531,15.43745],[103.92765,15.43382],[103.92957,15.43239],[103.93133,15.43272],[103.93411,15.43596],[103.93834,15.43646],[103.94338,15.43886],[103.94608,15.43831],[103.94754,15.43663],[103.94786,15.43335],[103.94678,15.43202],[103.94244,15.43018],[103.94184,15.42701],[103.94754,15.41867],[103.94915,15.4142],[103.95104,15.41283],[103.95331,15.41349],[103.9574,15.41669],[103.95894,15.41636],[103.96083,15.41422],[103.96263,15.41436],[103.96338,15.41587],[103.96132,15.4213],[103.96211,15.42315],[103.96865,15.42431],[103.97229,15.4258],[103.97482,15.42567],[103.97607,15.42389],[103.97626,15.42087],[103.97138,15.41132],[103.9714,15.40798],[103.97403,15.40572],[103.98178,15.40497],[103.98417,15.40515],[103.989,15.40698],[103.99393,15.39956],[103.99349,15.3945],[103.99409,15.39346],[103.9957,15.39354],[104.00319,15.3992],[104.00362,15.401],[104.00224,15.40739],[104.00303,15.4091],[104.0041,15.40968],[104.00722,15.40918],[104.01071,15.40451],[104.01345,15.40359],[104.01575,15.40491],[104.01711,15.41082],[104.01898,15.41148],[104.02516,15.40506],[104.02837,15.40473],[104.03122,15.40716],[104.03384,15.40698],[104.04226,15.40339],[104.04866,15.40248],[104.04976,15.40162],[104.05056,15.39841],[104.05168,15.39783],[104.05302,15.39808],[104.0574,15.40268],[104.06004,15.40314],[104.07422,15.39245],[104.07484,15.3899],[104.07147,15.38401],[104.07209,15.38153],[104.07405,15.38106],[104.07971,15.3842],[104.08195,15.38351],[104.08246,15.38186],[104.08057,15.37593],[104.08215,15.36855],[104.08792,15.35656],[104.09113,15.35199]]}},{"type":"Feature","properties":{"name":"แม่น้ำป่าสัก","osm_id":446674379,"direction":"downstream"},"geometry":{"type":"LineString","coordinates":[[101.26756,17.229],[101.26868,17.22866],[101.2694,17.2301],[101.27087,17.22749],[101.27058,17.22604],[101.27505,17.2255],[101.27515,17.22454],[101.27412,17.22425],[101.27396,17.22344],[101.27537,17.22204],[101.27567,17.22056],[101.27447,17.21997],[101.27698,17.21871],[101.27767,17.21618],[101.28133,17.21464],[101.28413,17.2145],[101.284,17.21379],[101.2821,17.21385],[101.2817,17.21326],[101.28192,17.21244],[101.28437,17.21107],[101.28532,17.21143],[101.28525,17.20927],[101.28351,17.20813],[101.28288,17.2062],[101.28396,17.20443],[101.28587,17.2036],[101.28591,17.20189],[101.2889,17.20134],[101.28799,17.19934],[101.28899,17.19786],[101.28884,17.19675],[101.29006,17.19651],[101.29023,17.19561],[101.28869,17.19438],[101.28902,17.19366],[101.29154,17.19308],[101.29186,17.19155],[101.29608,17.18907],[101.29603,17.18771],[101.29463,17.18768],[101.29565,17.18672],[101.2962,17.18455],[101.29794,17.18319],[101.2972,17.17915],[101.30154,17.18087],[101.30117,17.18138],[101.30184,17.18232],[101.30379,17.18089],[101.30454,17.18311],[101.30552,17.18345],[101.30584,17.18123],[101.30697,17.18076],[101.30728,17.17907],[101.30995,17.17815],[101.30945,17.17421],[101.31058,17.17389],[101.31113,17.17628],[101.31263,17.17658],[101.31379,17.17363],[101.31587,17.17389],[101.31555,17.17161],[101.31684,17.17096],[101.31814,17.17235],[101.32103,17.17133],[101.31938,17.17718],[101.32179,17.17635],[101.32331,17.17786],[101.32367,17.17954],[101.3252,17.17846],[101.32733,17.17871],[101.32955,17.17745],[101.33059,17.17846],[101.33204,17.17863],[101.3339,17.17613],[101.33546,17.17708],[101.33724,17.17567],[101.33866,17.17729],[101.33885,17.17969],[101.3418,17.17878],[101.341,17.18043],[101.34292,17.18035],[101.34488,17.18166],[101.34716,17.18038],[101.34766,17.1792],[101.34695,17.17764],[101.34523,17.17655],[101.34535,17.17547],[101.34684,17.17389],[101.34875,17.17346],[101.3502,17.17153],[101.35229,17.1726],[101.35441,17.16841],[101.35611,17.16736],[101.35639,17.16453],[101.35791,17.16406],[101.35903,17.16252],[101.35938,17.15978],[101.35639,17.15953],[101.35594,17.15863],[101.3572,17.15766],[101.35898,17.15834],[101.3589,17.15637],[101.35633,17.15648],[101.35493,17.15549],[101.35842,17.1551],[101.35836,17.15457],[101.3567,17.15295],[101.35518,17.15283],[101.35453,17.15392],[101.35347,17.15272],[101.35458,17.15065],[101.35572,17.15147],[101.35633,17.15088],[101.35567,17.14986],[101.35428,17.14975],[101.35279,17.14854],[101.35574,17.14698],[101.35347,17.14036],[101.35508,17.13823],[101.35087,17.134],[101.35205,17.13236],[101.35102,17.12884],[101.35184,17.12597],[101.35156,17.12338],[101.35248,17.12314],[101.35413,17.12457],[101.35517,17.12459],[101.35641,17.12348],[101.35656,17.12184],[101.35473,17.11901],[101.35656,17.11905],[101.35705,17.11832],[101.36227,17.11916],[101.36261,17.11625],[101.36544,17.11528],[101.36611,17.11387],[101.36716,17.11339],[101.36718,17.11221],[101.36478,17.10769],[101.36352,17.1082],[101.36229,17.10734],[101.36319,17.10415],[101.36521,17.10268],[101.36739,17.10455],[101.36866,17.1021],[101.37013,17.10433],[101.37279,17.10439],[101.37279,17.10322],[101.37182,17.10293],[101.37113,17.10101],[101.37253,17.09925],[101.37429,17.09875],[101.3754,17.10075],[101.37606,17.10054],[101.37688,17.09806],[101.3779,17.09798],[101.3782,17.09663],[101.37672,17.09358],[101.37975,17.09279],[101.37811,17.09141],[101.37206,17.09108],[101.37066,17.0896],[101.37128,17.08894],[101.3735,17.08898],[101.37485,17.08708],[101.375,17.08517],[101.37109,17.08441],[101.37079,17.08383],[101.37188,17.08193],[101.37396,17.08272],[101.3751,17.08162],[101.37477,17.0804],[101.37223,17.07958],[101.37187,17.07797],[101.37478,17.07686],[101.37453,17.0754],[101.37345,17.07434],[101.37525,17.07294],[101.37518,17.07233],[101.37179,17.07026],[101.36986,17.07168],[101.36795,17.07146],[101.36697,17.06844],[101.36497,17.06869],[101.36349,17.06803],[101.36383,17.06671],[101.36639,17.06523],[101.36555,17.06331],[101.36238,17.06239],[101.35991,17.06063],[101.36095,17.05956],[101.36194,17.05965],[101.36346,17.05755],[101.36431,17.05934],[101.3654,17.05972],[101.36572,17.05864],[101.36467,17.05615],[101.3672,17.05423],[101.37006,17.05352],[101.37352,17.05401],[101.37584,17.05219],[101.3732,17.04966],[101.37583,17.0476],[101.37375,17.04639],[101.37272,17.04474],[101.37321,17.04332],[101.37543,17.04257],[101.37567,17.04161],[101.37424,17.0399],[101.37255,17.04042],[101.37117,17.03976],[101.37524,17.03687],[101.37504,17.03581],[101.37287,17.03559],[101.37288,17.03403],[101.37636,17.03218],[101.37607,17.03071],[101.37433,17.0291],[101.3743,17.0278],[101.37307,17.02725],[101.37327,17.02612],[101.37475,17.02563],[101.37442,17.0239],[101.37128,17.02257],[101.37173,17.02134],[101.37356,17.01989],[101.37207,17.0192],[101.36858,17.02017],[101.36706,17.01982],[101.36497,17.01897],[101.36568,17.01734],[101.3653,17.01625],[101.35883,17.01422],[101.35449,17.01408],[101.35458,17.01172],[101.35169,17.00947],[101.3529,17.0038]]}},{"type":"Feature","properties":{"name":"แม่น้ำชี","osm_id":447629298,"direction":"downstream"},"geometry":{"type":"LineString","coordinates":[[103.95359,15.87226],[103.95697,15.87111],[103.95706,15.86917],[103.95487,15.86839],[103.95084,15.86983],[103.94825,15.86958],[103.94576,15.86558],[103.94491,15.86083],[103.94581,15.85984],[103.94921,15.85902],[103.95228,15.86149],[103.9558,15.86236],[103.96047,15.86714],[103.96425,15.8664],[103.9674,15.86286],[103.96736,15.85947],[103.96611,15.85836],[103.95949,15.85736],[103.95848,15.85522],[103.95908,15.85373],[103.96178,15.85187],[103.96288,15.84944],[103.96272,15.8475],[103.96002,15.84465],[103.96011,15.84337],[103.9647,15.84183]]}},{"type":"Feature","properties":{"name":"แม่น้ำโขง","osm_id":447717911,"direction":"downstream"},"geometry":{"type":"LineString","coordinates":[[105.35943,10.72901],[105.37896,10.68952],[105.3975,10.6374],[105.41459,10.60476],[105.42918,10.57903],[105.44472,10.55435],[105.45403,10.54693],[105.46321,10.54199],[105.47875,10.5352],[105.4862,10.53286],[105.49188,10.53205],[105.50416,10.53212],[105.53257,10.53412],[105.53692,10.533],[105.54499,10.52805],[105.55042,10.5221],[105.55608,10.51364],[105.56879,10.48693],[105.57265,10.47524],[105.57582,10.4543],[105.57754,10.45004],[105.58226,10.44266],[105.59372,10.4278],[105.60542,10.40858],[105.61393,10.40923],[105.63201,10.41241],[105.64132,10.41293],[105.65829,10.41194],[105.67968,10.40916],[105.68923,10.40699],[105.70078,10.40245],[105.72987,10.38448],[105.73726,10.37872],[105.74377,10.37009],[105.74651,10.36469],[105.75417,10.34132],[105.75645,10.33222],[105.75997,10.32625],[105.77154,10.30048],[105.77858,10.29333],[105.78656,10.288],[105.7901,10.28678],[105.79722,10.28655],[105.80709,10.29018],[105.81941,10.29624],[105.82598,10.29786],[105.84014,10.29843],[105.84598,10.29807],[105.86215,10.29516],[105.87396,10.29201],[105.87874,10.28916],[105.89422,10.27578],[105.89831,10.27369],[105.90389,10.27473],[105.9275,10.28415]]}},{"type":"Feature","properties":{"name":"แม่น้ำชี","osm_id":448429484,"direction":"downstream"},"geometry":{"type":"LineString","coordinates":[[103.9647,15.84183],[103.96798,15.83943],[103.9736,15.8326],[103.97817,15.82908],[103.97841,15.8265],[103.97755,15.8251],[103.97534,15.82426],[103.97169,15.8251],[103.97103,15.82425],[103.97491,15.82021],[103.97824,15.81455],[103.97978,15.81026],[103.98236,15.80955],[103.98605,15.81282],[103.98777,15.81168],[103.98723,15.80848],[103.9809,15.80543],[103.98034,15.80402],[103.981,15.80214],[103.9839,15.80097],[103.98813,15.80187],[103.9891,15.80344],[103.99017,15.80916],[103.99102,15.81013],[103.99326,15.81056],[103.99714,15.80877],[104.00207,15.80305]]}},{"type":"Feature","properties":{"name":"แม่น้ำชี","osm_id":448436402,"direction":"downstream"},"geometry":{"type":"LineString","coordinates":[[104.13353,15.73495],[104.12823,15.72191]]}},{"type":"Feature","properties":{"name":"แม่น้ำชี","osm_id":448436403,"direction":"downstream"},"geometry":{"type":"LineString","coordinates":[[104.00207,15.80305],[104.00244,15.80142],[104.00008,15.797],[104.00032,15.79574],[104.00129,15.79513],[104.0092,15.79436],[104.01418,15.79653],[104.0254,15.79913],[104.02918,15.79831],[104.03306,15.79618],[104.03562,15.79635],[104.04645,15.80394],[104.0554,15.80808],[104.05944,15.81175],[104.06753,15.81315],[104.07784,15.81961],[104.07958,15.82261],[104.07937,15.82498],[104.07819,15.82547],[104.07557,15.82452],[104.07259,15.82473],[104.07055,15.82604],[104.06969,15.82871],[104.07003,15.83569],[104.07072,15.83769],[104.07338,15.83928],[104.07679,15.83895],[104.08882,15.82975],[104.09722,15.82471],[104.10542,15.81596],[104.10967,15.8084],[104.11168,15.80625],[104.11469,15.80522],[104.12099,15.80497],[104.12554,15.80167],[104.13215,15.80059],[104.13464,15.79878],[104.13864,15.78522],[104.13786,15.78328],[104.13387,15.77902],[104.13267,15.77316],[104.12801,15.77008],[104.12743,15.76851],[104.13297,15.75438],[104.13606,15.75339],[104.14026,15.75413],[104.14189,15.75232],[104.14142,15.74996],[104.14001,15.74794],[104.13542,15.74681],[104.1328,15.74493],[104.13222,15.74187],[104.13353,15.73495]]}},{"type":"Feature","properties":{"name":"แม่น้ำโขง","osm_id":451272658,"direction":"downstream"},"geometry":{"type":"LineString","coordinates":[[105.58797,15.33327],[105.59293,15.33377],[105.59789,15.33326],[105.60582,15.32902],[105.61759,15.3209],[105.6314,15.30682],[105.64791,15.29523],[105.65672,15.27901],[105.66014,15.26577],[105.65678,15.24652],[105.67631,15.20915],[105.6921,15.19027],[105.71802,15.17602],[105.73203,15.14807],[105.76096,15.13648],[105.7659,15.13173],[105.77598,15.11801],[105.78242,15.11296],[105.79637,15.10689],[105.81312,15.10623],[105.81873,15.10397],[105.82456,15.09918],[105.82709,15.09475],[105.82776,15.07577],[105.82943,15.06987],[105.85389,15.04704],[105.86372,15.03677],[105.8672,15.02819],[105.87082,15.01435],[105.89458,14.94489],[105.89387,14.91481],[105.88368,14.87997],[105.88104,14.86852],[105.88104,14.84413],[105.884,14.83322],[105.89531,14.81393],[105.91599,14.79895],[105.92807,14.78824],[105.93133,14.7799],[105.93339,14.76633],[105.93219,14.75693],[105.92775,14.74276],[105.92056,14.73299],[105.90314,14.70657],[105.88132,14.6816],[105.8796,14.67853],[105.85891,14.61891],[105.85391,14.59677],[105.856,14.56065],[105.8649,14.5281],[105.8574,14.46087],[105.86014,14.40178],[105.86903,14.36865],[105.87567,14.33743],[105.87623,14.32947],[105.87559,14.31961],[105.87053,14.28201],[105.85703,14.24314],[105.84374,14.21322],[105.84203,14.19999],[105.84374,14.19292],[105.84804,14.18351],[105.86022,14.16564],[105.86419,14.15786],[105.867,14.14619],[105.86711,14.13397],[105.86668,14.13119],[105.86058,14.12276],[105.85832,14.10722],[105.85747,14.105],[105.84477,14.09396],[105.84398,14.09256],[105.84207,14.07544],[105.87199,14.01268],[105.87309,14.00768],[105.87261,14.0056],[105.87387,13.9974],[105.87582,13.99269],[105.87685,13.98139],[105.88089,13.9792],[105.88917,13.97963],[105.89065,13.97911],[105.89577,13.97178],[105.89717,13.96459],[105.90517,13.95885],[105.90536,13.95617],[105.90739,13.95147],[105.912,13.94837],[105.91409,13.94534],[105.91472,13.93775],[105.91848,13.93681],[105.92056,13.9331],[105.92743,13.9317],[105.94088,13.93447],[105.94597,13.93444]]}},{"type":"Feature","properties":{"name":"แม่น้ำมูล","osm_id":459651783,"direction":"downstream"},"geometry":{"type":"LineString","coordinates":[[105.46769,15.29473],[105.46698,15.29798],[105.46823,15.30343],[105.4722,15.30402],[105.47361,15.30045]]}},{"type":"Feature","properties":{"name":"แม่น้ำมูล","osm_id":459651784,"direction":"downstream"},"geometry":{"type":"LineString","coordinates":[[105.4732,15.30154],[105.47675,15.30084]]}},{"type":"Feature","properties":{"name":"แม่น้ำตาปี","osm_id":462700819,"direction":"downstream"},"geometry":{"type":"LineString","coordinates":[[99.22371,9.11708],[99.22297,9.12032],[99.21947,9.12304],[99.219,9.12503],[99.21993,9.12662],[99.22547,9.13107],[99.2298,9.13793],[99.22885,9.13956],[99.2248,9.13995],[99.22312,9.14088],[99.22125,9.14366],[99.22147,9.1461],[99.22776,9.15035],[99.22885,9.1559],[99.23272,9.15866],[99.23283,9.1626],[99.23596,9.16412],[99.23754,9.16613],[99.24062,9.16677],[99.2396,9.1717],[99.24564,9.17202],[99.24518,9.1677],[99.24651,9.16711],[99.24844,9.16795],[99.24917,9.17059],[99.24705,9.17612],[99.24864,9.17719],[99.2527,9.1765],[99.25257,9.179],[99.25095,9.18059],[99.25083,9.18175],[99.25436,9.18567],[99.25498,9.18808]]}},{"type":"Feature","properties":{"name":"แม่น้ำตาปี","osm_id":462700820,"direction":"downstream"},"geometry":{"type":"LineString","coordinates":[[99.25498,9.18808],[99.25507,9.18937],[99.25601,9.18979],[99.25805,9.18878],[99.26259,9.18809],[99.2634,9.189],[99.26302,9.19223],[99.2638,9.19508],[99.26863,9.19735],[99.27027,9.1975],[99.27359,9.19615],[99.27528,9.19636],[99.29596,9.20811],[99.29833,9.21048],[99.30789,9.23047],[99.31659,9.24115],[99.32188,9.24458]]}},{"type":"Feature","properties":{"name":"ห้วยแม่กลองใหญ่","osm_id":463563777,"direction":"downstream"},"geometry":{"type":"LineString","coordinates":[[99.01018,16.27511],[99.00859,16.27594],[99.00601,16.27582],[99.00469,16.27753],[99.00348,16.27691],[99.00311,16.27892],[99.00179,16.27818],[99.00124,16.27999],[99.00031,16.27953],[98.99923,16.28049],[98.99813,16.28594],[98.99561,16.28699],[98.99688,16.28918],[98.9955,16.29223],[98.99167,16.29321],[98.99089,16.29539],[98.9905,16.29426],[98.98984,16.29488],[98.99026,16.29635],[98.99145,16.29709],[98.99,16.29818],[98.99209,16.30037],[98.9913,16.30071],[98.99159,16.30213],[98.99076,16.30341],[98.99024,16.30359],[98.9899,16.30267],[98.98942,16.30359],[98.99109,16.31008],[98.98995,16.31229],[98.99105,16.31377],[98.9907,16.31489],[98.99146,16.31573],[98.99268,16.31561],[98.99367,16.31731],[98.99469,16.31653],[98.99649,16.31714],[98.99797,16.31904],[99.00407,16.32165]]}},{"type":"Feature","properties":{"name":"คลองท่าจีน","osm_id":486447098,"direction":"downstream"},"geometry":{"type":"LineString","coordinates":[[100.02576,9.70192],[100.02486,9.69935],[100.02385,9.69869],[100.02414,9.69729]]}},{"type":"Feature","properties":{"name":"แม่น้ำตาปี","osm_id":495133405,"direction":"downstream"},"geometry":{"type":"LineString","coordinates":[[99.50907,8.44322],[99.51123,8.44348],[99.50892,8.44152],[99.50758,8.43925],[99.50966,8.43666],[99.50993,8.43452],[99.51241,8.43431],[99.51203,8.43048],[99.51136,8.4295],[99.50967,8.42899],[99.50594,8.4298],[99.50438,8.42811],[99.50259,8.42744],[99.50237,8.42296],[99.49858,8.41624],[99.49653,8.41477],[99.49785,8.41045],[99.49777,8.40826],[99.49955,8.40937],[99.50136,8.40886],[99.50133,8.40615],[99.50005,8.40449],[99.50215,8.40369],[99.50305,8.40228],[99.49964,8.39877],[99.49641,8.39731],[99.4938,8.39924],[99.49025,8.40018],[99.48933,8.39776],[99.48957,8.394],[99.48823,8.39308],[99.48187,8.39154],[99.47362,8.3926],[99.47191,8.39488],[99.47217,8.39897],[99.47031,8.39896],[99.46885,8.39663],[99.46754,8.39633],[99.46358,8.39704],[99.46003,8.39887],[99.45581,8.39929],[99.45475,8.40069],[99.45508,8.40342],[99.45305,8.40634],[99.45259,8.40947],[99.4518,8.41019],[99.45114,8.4099],[99.45082,8.40767],[99.44995,8.40733],[99.44716,8.40787],[99.44284,8.41101],[99.44144,8.41117],[99.43991,8.40809],[99.43682,8.40499],[99.43216,8.4049],[99.43063,8.40386],[99.42288,8.40709],[99.42122,8.41126],[99.41971,8.41231],[99.41783,8.41174],[99.41659,8.40795],[99.41539,8.40685],[99.41326,8.40656],[99.41129,8.40384],[99.41255,8.4002],[99.41572,8.39742],[99.41585,8.39637],[99.41499,8.39527],[99.41275,8.39547],[99.41002,8.39717],[99.40858,8.39479],[99.40767,8.39452],[99.40606,8.39839],[99.40174,8.3981],[99.39424,8.39061],[99.39181,8.38723],[99.38958,8.388],[99.3886,8.39138],[99.38734,8.39082],[99.38701,8.38831],[99.38365,8.3902],[99.37727,8.38751],[99.37137,8.39076]]}},{"type":"Feature","properties":{"name":"แม่น้ำตาปี","osm_id":497717581,"direction":"downstream"},"geometry":{"type":"LineString","coordinates":[[99.26275,8.61631],[99.26008,8.61938],[99.25965,8.62271],[99.26047,8.62455],[99.26359,8.62773],[99.26332,8.62891],[99.26045,8.62963],[99.26057,8.63105],[99.26229,8.63189],[99.2652,8.63109],[99.26538,8.63596],[99.26381,8.63846],[99.26528,8.63868],[99.26921,8.6334],[99.27053,8.63366],[99.27257,8.63653],[99.27357,8.63686],[99.2754,8.63598],[99.27694,8.63348],[99.27746,8.63472],[99.27663,8.63789],[99.27849,8.64123],[99.27887,8.64606],[99.28061,8.64654],[99.28363,8.64344],[99.28526,8.64367],[99.28482,8.64718],[99.28223,8.64842],[99.28061,8.65143],[99.2818,8.65643],[99.28062,8.65748],[99.27796,8.65724],[99.27741,8.66106],[99.27851,8.66284],[99.28121,8.66431],[99.28253,8.66707],[99.28552,8.66962],[99.28346,8.67096],[99.2789,8.67107],[99.27651,8.66899],[99.27583,8.66909],[99.2759,8.67252],[99.27335,8.67404],[99.27374,8.6764],[99.27258,8.68094],[99.27065,8.68389],[99.27162,8.68482],[99.2731,8.68484],[99.2754,8.68242],[99.27507,8.68477],[99.27185,8.68698],[99.2722,8.689],[99.27341,8.69035],[99.27639,8.69064],[99.28112,8.69273],[99.2819,8.69403],[99.27801,8.69452],[99.27742,8.6957],[99.27757,8.69927],[99.27275,8.70188],[99.27006,8.70148],[99.26766,8.70004],[99.26643,8.69519],[99.26443,8.6952],[99.26332,8.69682],[99.26355,8.69853],[99.26618,8.70001],[99.26708,8.70283],[99.27025,8.70541],[99.2715,8.70785],[99.27586,8.7077],[99.27312,8.7094],[99.26954,8.7141],[99.26975,8.7166],[99.27152,8.72021],[99.27104,8.7218],[99.26958,8.72351],[99.26683,8.72434],[99.26205,8.72828],[99.26071,8.72659],[99.26076,8.72144],[99.25968,8.72053],[99.25861,8.72075],[99.2583,8.72861],[99.25656,8.72935],[99.25484,8.72753],[99.25378,8.72736],[99.25141,8.73045],[99.2511,8.73307],[99.253,8.73521],[99.2523,8.73643],[99.24963,8.73536],[99.24975,8.73265],[99.24895,8.73111],[99.24609,8.72952],[99.24415,8.72957],[99.24321,8.73147],[99.24553,8.7371],[99.24601,8.74088]]}},{"type":"Feature","properties":{"name":"แม่น้ำโขง","osm_id":509396103,"direction":"downstream"},"geometry":{"type":"LineString","coordinates":[[105.15237,11.91779],[105.14534,11.91075],[105.14075,11.90403],[105.13197,11.86974],[105.1289,11.86416],[105.12267,11.85789],[105.10458,11.84836],[105.09391,11.84507],[105.07927,11.84445],[105.06889,11.84299],[105.04483,11.84653],[105.02416,11.84511],[105.01807,11.84306],[105.0117,11.83918],[105.00395,11.83293],[105.00157,11.83],[104.99589,11.81556],[104.99562,11.80308],[104.99751,11.79916],[105.01171,11.79023],[105.01608,11.78464],[105.01761,11.78016],[105.01795,11.77485],[105.01534,11.76357],[105.01337,11.76032],[105.00311,11.75047],[104.93252,11.69055],[104.92318,11.67294],[104.9187,11.65967],[104.91842,11.65612],[104.91979,11.65001],[104.94218,11.59577],[104.94408,11.58744],[104.94514,11.56642],[104.94754,11.5598]]}},{"type":"Feature","properties":{"name":"แม่น้ำป่าสัก","osm_id":509416674,"direction":"downstream"},"geometry":{"type":"LineString","coordinates":[[101.18084,15.4044],[101.18493,15.40018],[101.18562,15.40066],[101.18596,15.40346],[101.18795,15.40259],[101.18947,15.40302],[101.18959,15.40169],[101.19151,15.40104],[101.19299,15.39876],[101.19548,15.39783],[101.19353,15.39632],[101.19383,15.39293],[101.19701,15.39241],[101.19654,15.39111],[101.19702,15.39035],[101.19963,15.39141],[101.20134,15.39067],[101.20223,15.3871],[101.20101,15.38712],[101.19933,15.38833],[101.1982,15.38694],[101.20162,15.38278],[101.2002,15.382],[101.19848,15.38395],[101.19783,15.38229],[101.19947,15.38084],[101.20313,15.37484],[101.20413,15.37515],[101.2043,15.37726],[101.2055,15.37751],[101.20754,15.37621],[101.20728,15.37438],[101.20895,15.37251],[101.2033,15.36862],[101.19954,15.36481],[101.20046,15.36365],[101.20582,15.36232],[101.20685,15.35913],[101.20988,15.35631],[101.20868,15.35383],[101.20878,15.35014],[101.20953,15.34913],[101.21101,15.34924]]}},{"type":"Feature","properties":{"name":"แม่น้ำวัง","osm_id":514835391,"direction":"downstream"},"geometry":{"type":"LineString","coordinates":[[99.07668,17.32629],[99.07764,17.32091],[99.0802,17.31913],[99.08328,17.31873],[99.08463,17.31657],[99.08776,17.31828],[99.09129,17.31891],[99.09229,17.31847],[99.09343,17.30727],[99.09228,17.30505],[99.08921,17.3034],[99.08965,17.30169],[99.09267,17.30104],[99.10113,17.30395],[99.10341,17.29995],[99.10041,17.29589],[99.09961,17.28619],[99.09708,17.28253],[99.09361,17.28228],[99.08959,17.28397],[99.08555,17.28419],[99.08276,17.28005],[99.08125,17.27364]]}},{"type":"Feature","properties":{"name":"แม่น้ำชี","osm_id":524677013,"direction":"downstream"},"geometry":{"type":"LineString","coordinates":[[103.89693,15.95376],[103.89729,15.95288],[103.90161,15.9511],[103.90316,15.94919],[103.90357,15.94552],[103.90004,15.94096],[103.89973,15.93897],[103.90505,15.93336],[103.90365,15.92984],[103.90671,15.9211],[103.90554,15.9162],[103.90607,15.91493],[103.90948,15.91241],[103.91028,15.911],[103.91021,15.90938],[103.90768,15.90343],[103.90761,15.90109]]}},{"type":"Feature","properties":{"name":"แม่น้ำชี","osm_id":524677014,"direction":"downstream"},"geometry":{"type":"LineString","coordinates":[[103.89802,15.95565],[103.89693,15.95376]]}},{"type":"Feature","properties":{"name":"แม่น้ำชี","osm_id":524677015,"direction":"downstream"},"geometry":{"type":"LineString","coordinates":[[103.93183,15.99681],[103.93157,15.99268],[103.93485,15.98825],[103.93514,15.98632],[103.93313,15.98301],[103.92833,15.97967],[103.92788,15.97821],[103.92858,15.97733],[103.93257,15.9777],[103.93398,15.97718],[103.93473,15.97588],[103.93469,15.97368],[103.93358,15.97253],[103.92706,15.9718],[103.92175,15.96615],[103.9214,15.96366],[103.92429,15.96062],[103.92409,15.9588],[103.92024,15.95724],[103.91482,15.95716],[103.91327,15.95643],[103.91261,15.95376],[103.91469,15.95131],[103.91523,15.94951],[103.9145,15.94807],[103.91316,15.94767],[103.90834,15.94807],[103.90653,15.94893],[103.90493,15.95617],[103.90381,15.9576],[103.90126,15.95776],[103.89802,15.95565]]}},{"type":"Feature","properties":{"name":"แม่น้ำชี","osm_id":525272230,"direction":"downstream"},"geometry":{"type":"LineString","coordinates":[[101.49529,16.29027],[101.49448,16.28861],[101.49205,16.28688],[101.49255,16.28515],[101.48993,16.28564],[101.48821,16.2843],[101.48812,16.28266],[101.48907,16.28206],[101.48902,16.28108],[101.4833,16.28429],[101.48338,16.28354],[101.48206,16.28287],[101.48236,16.28193],[101.48177,16.28117],[101.4825,16.27861],[101.47826,16.27578],[101.47656,16.27584],[101.47678,16.2748],[101.47801,16.2745],[101.47841,16.27223],[101.48327,16.26906],[101.48104,16.26656],[101.48137,16.265],[101.4806,16.26369],[101.48325,16.26484],[101.48374,16.26379],[101.4854,16.26432],[101.48587,16.26384],[101.48495,16.2631],[101.48561,16.262],[101.48477,16.26117],[101.4855,16.25991],[101.4852,16.25903],[101.48117,16.25699],[101.48194,16.25506],[101.48159,16.25341],[101.47984,16.25258],[101.48073,16.25001],[101.48021,16.24838],[101.48122,16.24736],[101.48035,16.24643],[101.48067,16.24519],[101.48202,16.2446],[101.48242,16.24539],[101.48349,16.24532],[101.48341,16.244],[101.48427,16.24332],[101.48566,16.2445],[101.48718,16.24407],[101.48787,16.2431],[101.48594,16.24067],[101.48759,16.23986],[101.48787,16.23837],[101.4872,16.23838],[101.4873,16.23743],[101.4897,16.23647],[101.48895,16.23545],[101.4869,16.23579],[101.48609,16.23475],[101.48641,16.23281],[101.48804,16.23221],[101.48864,16.23266],[101.48877,16.23189],[101.48747,16.23094],[101.4864,16.23126],[101.48541,16.22997],[101.48643,16.22946],[101.48377,16.22845],[101.48306,16.22685],[101.48379,16.2265],[101.4823,16.22564],[101.48388,16.22291],[101.48637,16.22257],[101.48783,16.22141],[101.48973,16.22138],[101.49005,16.22027],[101.48893,16.21903],[101.49072,16.21881],[101.49344,16.21558],[101.4954,16.21449],[101.49613,16.21679],[101.49579,16.21816],[101.4992,16.22051],[101.50116,16.2193],[101.49929,16.21848],[101.49869,16.21739],[101.49888,16.21584],[101.50035,16.21444],[101.5023,16.21588],[101.50303,16.21516],[101.50385,16.21595],[101.50433,16.21509],[101.50532,16.2158],[101.50653,16.21477],[101.50635,16.21361],[101.50758,16.21309],[101.50807,16.21416],[101.50744,16.21669],[101.50955,16.21635],[101.51089,16.21514],[101.51188,16.21575],[101.51184,16.21731],[101.51272,16.21853],[101.51562,16.2191],[101.51685,16.21716],[101.51572,16.21635],[101.51953,16.21418],[101.51914,16.21255],[101.52724,16.21576],[101.52927,16.21541],[101.53906,16.21911],[101.54368,16.21984],[101.54533,16.22049],[101.54551,16.22166],[101.54668,16.22236],[101.54949,16.2223],[101.55155,16.2242],[101.54904,16.22537],[101.54856,16.22694],[101.54937,16.2279],[101.55158,16.22771],[101.55262,16.22611],[101.55709,16.22788],[101.5608,16.22507],[101.5649,16.22564],[101.56548,16.22512],[101.5649,16.22348],[101.56599,16.22319],[101.56669,16.22408],[101.56715,16.22282],[101.5691,16.22316],[101.57385,16.22215],[101.57484,16.22286],[101.57643,16.22175],[101.5763,16.22024],[101.57787,16.21772],[101.57928,16.21691],[101.57961,16.21938],[101.58138,16.2199],[101.5845,16.21776],[101.58503,16.21664],[101.58417,16.21608],[101.58372,16.21695],[101.58296,16.21584],[101.58382,16.215],[101.58215,16.21466],[101.58237,16.21395],[101.58395,16.21284],[101.58404,16.21173],[101.58513,16.2116],[101.58729,16.20928],[101.58717,16.20805],[101.58803,16.208],[101.58837,16.2087],[101.58927,16.20815],[101.58912,16.20723],[101.58767,16.20698],[101.58887,16.20564],[101.58827,16.20502],[101.58925,16.20407],[101.58951,16.20208],[101.58917,16.20088],[101.5884,16.20101],[101.58716,16.20188],[101.58762,16.20328],[101.58682,16.20371],[101.58555,16.2034],[101.58406,16.20135],[101.58401,16.20236],[101.58329,16.20222],[101.58485,16.19893],[101.58339,16.19853],[101.58451,16.1958],[101.58278,16.19459],[101.58326,16.19123],[101.58193,16.18715],[101.58366,16.18604],[101.58017,16.18151],[101.57944,16.17804],[101.58002,16.17743],[101.5783,16.17512],[101.57733,16.17191],[101.57791,16.17012],[101.57544,16.1678],[101.57529,16.16551],[101.57834,16.16185],[101.5782,16.16029],[101.57691,16.15978],[101.57723,16.15916],[101.57631,16.15832],[101.57608,16.15553],[101.57515,16.15532],[101.57547,16.15332],[101.57837,16.15347],[101.57928,16.15433],[101.57926,16.15325],[101.5835,16.15371],[101.58285,16.15164],[101.58374,16.15111],[101.58459,16.15148],[101.58435,16.15244],[101.58567,16.15298],[101.58619,16.15275],[101.58603,16.15084],[101.58677,16.15137],[101.59268,16.15151],[101.59301,16.14971],[101.59175,16.14993],[101.59193,16.14893],[101.59487,16.14742],[101.59298,16.14659],[101.59284,16.14569],[101.59415,16.14465],[101.59467,16.14581],[101.59567,16.14612],[101.59586,16.14551],[101.59393,16.14345],[101.59254,16.14317],[101.59276,16.14255],[101.59435,16.14243],[101.59446,16.14087],[101.59369,16.14007],[101.59178,16.14014],[101.59102,16.13767],[101.59424,16.13674],[101.59471,16.13487],[101.59606,16.13502],[101.59672,16.13655],[101.59785,16.13613],[101.59835,16.138],[101.60022,16.13758],[101.60155,16.13579],[101.60246,16.1362],[101.60492,16.13516],[101.60649,16.1355],[101.60816,16.13718],[101.60936,16.13724],[101.61067,16.13678],[101.6134,16.13206],[101.61584,16.13194],[101.6162,16.13298],[101.61414,16.13438],[101.61557,16.13847],[101.61954,16.13718],[101.61938,16.13212],[101.62174,16.13225],[101.62308,16.12957],[101.62577,16.13181],[101.62951,16.12984],[101.6297,16.1304],[101.62863,16.13118],[101.62931,16.13295],[101.62882,16.13437],[101.63115,16.13532],[101.63278,16.13393],[101.63362,16.13188],[101.63625,16.13169],[101.63955,16.12858],[101.64264,16.129]]}},{"type":"Feature","properties":{"name":"แม่น้ำวัง","osm_id":534838087,"direction":"downstream"},"geometry":{"type":"LineString","coordinates":[[99.62194,19.15371],[99.62216,19.1422],[99.6213,19.14061],[99.62199,19.13757],[99.62158,19.13644],[99.61704,19.13207],[99.61902,19.12687],[99.61722,19.12484],[99.61794,19.12371],[99.6209,19.12223],[99.62104,19.11989],[99.62014,19.11881],[99.62021,19.11732],[99.62289,19.11613],[99.62176,19.11415],[99.62026,19.11398],[99.61877,19.11203],[99.62201,19.10921],[99.62333,19.10904],[99.62448,19.10698],[99.62304,19.1038],[99.62376,19.10166],[99.62342,19.09591],[99.62462,19.09367],[99.62257,19.09152],[99.62344,19.08819],[99.62259,19.08617],[99.62082,19.08463],[99.62106,19.08387],[99.62213,19.08367],[99.62241,19.0819],[99.62518,19.08223],[99.62682,19.08053],[99.62802,19.0804],[99.62627,19.0769],[99.62596,19.07408],[99.62675,19.07168],[99.62566,19.07075],[99.62628,19.06872],[99.6274,19.06787],[99.62473,19.06465],[99.62252,19.0653],[99.62087,19.06418],[99.62109,19.06279],[99.62409,19.05937],[99.62141,19.05774],[99.6204,19.05483],[99.61817,19.05635],[99.61748,19.05496],[99.61815,19.05243],[99.61716,19.05123],[99.61739,19.04908],[99.61649,19.04639],[99.61704,19.04547],[99.61874,19.04526],[99.6192,19.04373],[99.6156,19.03933],[99.61779,19.03329],[99.61611,19.0321],[99.6166,19.03041],[99.61757,19.03096],[99.61958,19.02983],[99.61821,19.0287],[99.61801,19.02638],[99.61579,19.02544],[99.61368,19.02588],[99.61246,19.02519],[99.61239,19.02262],[99.61287,19.02152],[99.61708,19.02188],[99.61727,19.01958],[99.61946,19.01608],[99.61735,19.01274],[99.61247,19.01156],[99.61223,19.01013],[99.6145,19.00789],[99.61488,19.00504],[99.6164,19.00486],[99.61726,19.00548],[99.61841,19.00488],[99.61826,19.0032],[99.61719,19.00303],[99.61428,19.00018],[99.61703,18.99662],[99.61587,18.99424],[99.6161,18.99295],[99.62109,18.99122],[99.62199,18.98779],[99.62012,18.98647],[99.62004,18.98502],[99.62112,18.98432],[99.62207,18.98511],[99.62394,18.98493],[99.62574,18.98403],[99.6241,18.98142],[99.6222,18.98145],[99.62226,18.98002],[99.62361,18.97849],[99.62758,18.97855],[99.62777,18.97713],[99.62892,18.9762],[99.63057,18.9764],[99.63097,18.97773],[99.63183,18.97626],[99.6303,18.97325],[99.6307,18.97196],[99.63125,18.97163],[99.63359,18.97304],[99.63489,18.97195],[99.63489,18.96988],[99.63599,18.96797],[99.63221,18.96492],[99.63325,18.96249],[99.63421,18.96259],[99.63615,18.96573],[99.63831,18.96647],[99.63974,18.96803],[99.64259,18.96844],[99.64386,18.96979],[99.64627,18.96881],[99.64949,18.96888],[99.64671,18.96753],[99.64776,18.96553],[99.64688,18.96394],[99.64734,18.96202],[99.64657,18.95651],[99.64147,18.94527],[99.64217,18.94405],[99.64456,18.94489],[99.64635,18.94415],[99.64596,18.94284],[99.64315,18.94254],[99.64158,18.94051],[99.64212,18.93994],[99.64529,18.94025],[99.64551,18.93948],[99.64365,18.93706],[99.64654,18.93706],[99.64729,18.93612],[99.64644,18.93546],[99.64194,18.93525],[99.64197,18.93318],[99.64002,18.93111],[99.6406,18.93062],[99.64516,18.93176],[99.64731,18.93151],[99.64779,18.9322],[99.64672,18.93369],[99.6476,18.9341],[99.65252,18.9289],[99.65281,18.92711],[99.65498,18.92741],[99.65599,18.92646],[99.65516,18.9245],[99.65138,18.92388],[99.65168,18.92269],[99.65039,18.92301],[99.65015,18.92182],[99.64822,18.92029],[99.64722,18.91835],[99.64568,18.91947],[99.6452,18.92085],[99.64437,18.92071],[99.6441,18.91934],[99.6454,18.9171],[99.64458,18.91374],[99.64609,18.91276],[99.64598,18.91141],[99.64528,18.91074],[99.64082,18.91097],[99.64095,18.91021],[99.64354,18.90857],[99.64422,18.90564],[99.64563,18.90352],[99.64401,18.90164],[99.64398,18.90059],[99.64821,18.89555],[99.64723,18.89307],[99.64854,18.89207],[99.6492,18.88544],[99.64778,18.88502],[99.64677,18.88694],[99.64544,18.88707]]}},{"type":"Feature","properties":{"name":"แม่น้ำยม","osm_id":537120287,"direction":"downstream"},"geometry":{"type":"LineString","coordinates":[[100.02573,16.87147],[100.02617,16.87008],[100.02799,16.86907],[100.02895,16.86937],[100.02898,16.87093]]}},{"type":"Feature","properties":{"name":"แม่น้ำปิง","osm_id":547783215,"direction":"downstream"},"geometry":{"type":"LineString","coordinates":[[98.99137,19.18505],[98.99158,19.18421],[98.99363,19.18355],[98.99447,19.18254],[98.99632,19.18262],[98.99721,19.18088],[98.9967,19.17928],[98.99804,19.17981],[98.99828,19.1791]]}},{"type":"Feature","properties":{"name":"แม่น้ำปิง","osm_id":547783229,"direction":"downstream"},"geometry":{"type":"LineString","coordinates":[[98.96997,19.09885],[98.96515,19.10099],[98.96275,19.09848],[98.96055,19.09918],[98.95906,19.10076],[98.96082,19.10308],[98.95878,19.10492],[98.94918,19.10338],[98.94512,19.10015],[98.94385,19.09763],[98.94175,19.09567],[98.94019,19.09304],[98.93998,19.08877],[98.94088,19.08651],[98.9442,19.08434],[98.94469,19.08099],[98.94657,19.08177],[98.94817,19.08124],[98.9493,19.08024],[98.95077,19.07684],[98.94904,19.07414],[98.94588,19.07533],[98.94335,19.07542],[98.94158,19.07171],[98.94141,19.06894],[98.94228,19.06765],[98.94681,19.06721],[98.94917,19.06603],[98.94958,19.06481],[98.94673,19.05837],[98.94655,19.05622],[98.94952,19.05461],[98.95431,19.05474],[98.95477,19.05324],[98.95416,19.04786],[98.95838,19.04417],[98.96012,19.04133],[98.95987,19.03844],[98.95646,19.03497],[98.96017,19.02885],[98.95936,19.02597],[98.96077,19.02436],[98.95912,19.022],[98.9569,19.02043],[98.95629,19.01707],[98.95988,19.00951],[98.96268,19.00847],[98.9648,19.00584],[98.96407,19.00204],[98.9679,18.99841],[98.9673,18.99629]]}},{"type":"Feature","properties":{"name":"แม่น้ำปิง","osm_id":547901430,"direction":"downstream"},"geometry":{"type":"LineString","coordinates":[[99.00551,19.1746],[99.00526,19.17645],[99.007,19.17502]]}},{"type":"Feature","properties":{"name":"แม่น้ำตาปี","osm_id":557048595,"direction":"downstream"},"geometry":{"type":"LineString","coordinates":[[99.23585,9.05096],[99.23443,9.05427],[99.23289,9.06258],[99.23154,9.06441],[99.22839,9.06554],[99.21166,9.07914],[99.20981,9.08286],[99.20976,9.08461],[99.21092,9.08657],[99.21606,9.0894],[99.22309,9.09501],[99.22758,9.09681],[99.22962,9.09894],[99.22882,9.10385],[99.22383,9.11191],[99.22371,9.11708],[99.22571,9.11884],[99.22891,9.11952],[99.23108,9.11834],[99.23559,9.11329],[99.24128,9.11535],[99.25096,9.11546],[99.25313,9.11656],[99.25569,9.12044],[99.25711,9.12819],[99.2602,9.13427],[99.26468,9.13701],[99.27109,9.13676],[99.27663,9.13523],[99.28137,9.13188],[99.28395,9.12905],[99.2863,9.12819],[99.28822,9.12912],[99.29391,9.13607],[99.29944,9.13843],[99.30621,9.13784],[99.31407,9.13532],[99.31648,9.13593],[99.321,9.14039],[99.32267,9.14538],[99.33298,9.1652],[99.33847,9.16902],[99.34962,9.1684],[99.35137,9.16906],[99.35964,9.17627],[99.36536,9.18278],[99.37922,9.19189]]}},{"type":"Feature","properties":{"name":"แม่น้ำลพบุรี","osm_id":571946579,"direction":"downstream"},"geometry":{"type":"LineString","coordinates":[[100.4602,14.84288],[100.46185,14.84116],[100.46533,14.83955],[100.47049,14.83106],[100.47382,14.82797],[100.47585,14.82484],[100.4858,14.82103],[100.493,14.82107],[100.49843,14.81672],[100.50141,14.81564],[100.50371,14.81329],[100.50565,14.81352],[100.50827,14.81567],[100.5109,14.81523],[100.51567,14.81145],[100.51926,14.80729],[100.52029,14.80699],[100.52432,14.80806],[100.53338,14.80684],[100.53877,14.80767],[100.54312,14.80548],[100.54521,14.80633],[100.55131,14.80544],[100.55254,14.80657],[100.55534,14.80734],[100.56134,14.80747],[100.56338,14.80929],[100.56585,14.80825],[100.56807,14.80924],[100.57534,14.80618],[100.57747,14.80593],[100.58361,14.80803],[100.59434,14.80725],[100.59802,14.80584],[100.60669,14.80612],[100.60802,14.80552]]}},{"type":"Feature","properties":{"name":"แม่น้ำท่าจีน","osm_id":576520896,"direction":"downstream"},"geometry":{"type":"LineString","coordinates":[[100.14905,14.30497],[100.14719,14.29713],[100.14181,14.29732],[100.13947,14.29969],[100.13851,14.2972],[100.14018,14.29423],[100.14013,14.29303],[100.13861,14.29271],[100.13587,14.29361],[100.13511,14.29275],[100.13556,14.29129],[100.13769,14.28994],[100.13792,14.28869],[100.13352,14.28414],[100.13178,14.2807],[100.13592,14.27522],[100.13685,14.27296],[100.13631,14.26995],[100.13301,14.2654],[100.13548,14.25992],[100.13228,14.25569],[100.13227,14.25022],[100.12935,14.24377],[100.11801,14.23567],[100.11927,14.23203],[100.12367,14.23052],[100.12495,14.22857],[100.12396,14.22633],[100.1183,14.22032],[100.11604,14.21584],[100.11242,14.21378],[100.11468,14.20838]]}},{"type":"Feature","properties":{"name":"แม่น้ำท่าจีน","osm_id":576520897,"direction":"downstream"},"geometry":{"type":"LineString","coordinates":[[100.11468,14.20838],[100.11518,14.20326],[100.11613,14.20169],[100.12737,14.19859],[100.12809,14.19716]]}},{"type":"Feature","properties":{"name":"แม่น้ำท่าจีน","osm_id":576675808,"direction":"downstream"},"geometry":{"type":"LineString","coordinates":[[100.13087,14.13891],[100.13237,14.13203],[100.13107,14.12835],[100.12903,14.12707],[100.12142,14.12672],[100.12019,14.12608],[100.12035,14.12085],[100.12311,14.11388],[100.12922,14.10868],[100.13759,14.10776],[100.14008,14.10683],[100.14533,14.10008],[100.14771,14.09815],[100.15165,14.09756],[100.16349,14.10134],[100.17504,14.09248],[100.17471,14.09138],[100.17034,14.08776],[100.1691,14.08373],[100.16991,14.08047],[100.17573,14.06836],[100.17734,14.06305],[100.17742,14.05954],[100.17637,14.05586],[100.17241,14.04929],[100.17177,14.04702],[100.17425,14.03549],[100.17415,14.02692],[100.17891,14.01948],[100.17968,14.01667],[100.17782,14.00787],[100.18066,14.00039],[100.18087,13.99809],[100.17778,13.99037],[100.17765,13.98797],[100.17989,13.9824],[100.18062,13.97488],[100.18262,13.97291],[100.18557,13.97259],[100.19365,13.97341],[100.20056,13.97549],[100.20214,13.97457],[100.20287,13.97288],[100.20246,13.97049],[100.19661,13.96594],[100.19581,13.96296],[100.19735,13.96098],[100.20714,13.95559],[100.2085,13.95405],[100.20852,13.95219],[100.20284,13.94272],[100.20196,13.93881],[100.2024,13.92627],[100.20322,13.92171],[100.20434,13.92017],[100.2067,13.9195],[100.21106,13.92153],[100.21259,13.92143],[100.21425,13.92046],[100.21527,13.91882],[100.21516,13.91687],[100.21378,13.91489],[100.20518,13.9101],[100.20443,13.90782],[100.20569,13.9052],[100.21449,13.89752],[100.21934,13.89593],[100.22199,13.89416],[100.22066,13.88453],[100.21912,13.87996],[100.21714,13.87639],[100.21323,13.87221],[100.21287,13.86984],[100.21541,13.86147],[100.22142,13.85764],[100.223,13.85588],[100.22332,13.85356],[100.22213,13.84203],[100.22445,13.83363],[100.22375,13.81201],[100.22319,13.81076]]}},{"type":"Feature","properties":{"name":"แม่น้ำป่าสัก","osm_id":598504680,"direction":"downstream"},"geometry":{"type":"LineString","coordinates":[[101.04671,15.82788],[101.04208,15.82808],[101.03921,15.82948],[101.03836,15.82798],[101.04048,15.82681],[101.04123,15.82451],[101.03782,15.82369],[101.03712,15.82479],[101.03658,15.82381],[101.03856,15.82143],[101.04368,15.82168],[101.04488,15.8209],[101.04457,15.81879],[101.04244,15.81761],[101.04382,15.81494],[101.04244,15.81353],[101.04263,15.81216],[101.04114,15.81197],[101.04015,15.8128],[101.03782,15.81058],[101.03885,15.81023],[101.04,15.81085],[101.04139,15.81023],[101.04199,15.80919],[101.04137,15.80778],[101.04206,15.80705],[101.04635,15.80706],[101.04756,15.80569],[101.04788,15.80726],[101.04914,15.80712],[101.04989,15.80584],[101.04845,15.8056],[101.04682,15.80376],[101.04734,15.80153],[101.05143,15.80186],[101.05255,15.8002],[101.05174,15.79342],[101.05062,15.79374],[101.04952,15.7926],[101.04442,15.79154],[101.04515,15.79034],[101.04684,15.79071],[101.04818,15.78917],[101.04827,15.78518],[101.04944,15.78435],[101.04795,15.78255],[101.05083,15.78274],[101.05359,15.78148],[101.05378,15.78073],[101.05279,15.77984],[101.05494,15.77859],[101.05339,15.7778],[101.0534,15.7742],[101.05565,15.77228],[101.05671,15.76869],[101.05956,15.76896],[101.05884,15.76682],[101.05758,15.76662],[101.06016,15.76553],[101.0587,15.76351],[101.06004,15.76164],[101.06002,15.75962],[101.0586,15.76094],[101.05542,15.76066],[101.05569,15.75839],[101.0535,15.75753],[101.0529,15.75915],[101.05024,15.76018],[101.04887,15.75977],[101.04918,15.75847],[101.04859,15.75723],[101.05073,15.75677],[101.04997,15.75506],[101.05176,15.75474],[101.05281,15.75305]]}},{"type":"Feature","properties":{"name":"แม่น้ำป่าสัก","osm_id":598504868,"direction":"downstream"},"geometry":{"type":"LineString","coordinates":[[101.05281,15.75305],[101.05577,15.75062],[101.05895,15.74637],[101.05895,15.74479],[101.05779,15.74395],[101.05946,15.74151],[101.06039,15.74129],[101.06064,15.74264],[101.06319,15.74393],[101.06347,15.74323],[101.06224,15.74135],[101.06505,15.74],[101.06453,15.73448],[101.0634,15.73459],[101.06319,15.73632],[101.06173,15.73729],[101.06159,15.73389],[101.05998,15.73192],[101.05965,15.73389],[101.05739,15.7343],[101.05573,15.73168],[101.05463,15.73111],[101.05453,15.73054],[101.0579,15.72751],[101.0576,15.72482],[101.05661,15.72439],[101.05666,15.72344],[101.0582,15.72148],[101.0597,15.72082],[101.05998,15.72212],[101.05917,15.72329],[101.06312,15.7235],[101.06347,15.72271],[101.06246,15.72148],[101.06378,15.72052],[101.06526,15.72118],[101.06612,15.7208],[101.06633,15.7163],[101.06734,15.71557],[101.06893,15.7165],[101.06843,15.71498],[101.06884,15.71372],[101.07011,15.71416],[101.06969,15.71534],[101.07017,15.71596],[101.07195,15.71526],[101.07326,15.71612],[101.07577,15.71597],[101.07637,15.71548],[101.076,15.71476],[101.07671,15.71438],[101.07726,15.71501],[101.07808,15.71343],[101.07739,15.71145],[101.08017,15.70978],[101.07977,15.7091],[101.07791,15.70891],[101.0788,15.70425],[101.07626,15.70436],[101.07579,15.70197],[101.07472,15.70063],[101.07502,15.70007],[101.07797,15.69973],[101.07693,15.69564],[101.0785,15.69531],[101.07922,15.6918],[101.07878,15.69137],[101.07748,15.69223],[101.07588,15.69096],[101.0781,15.68956],[101.07755,15.68527],[101.07807,15.68426],[101.07916,15.68343],[101.08114,15.68346],[101.08069,15.68181],[101.08211,15.67994],[101.08377,15.68],[101.0842,15.68082],[101.08546,15.67939],[101.08706,15.67883],[101.08625,15.67734],[101.08744,15.67672],[101.08791,15.67547],[101.08573,15.67451],[101.08535,15.67549],[101.08416,15.67576],[101.08347,15.67349],[101.08117,15.67313],[101.07967,15.6709],[101.07954,15.66909],[101.08149,15.66823],[101.0784,15.66504],[101.08056,15.66453],[101.08169,15.66182],[101.08308,15.66257],[101.08408,15.66136],[101.08355,15.65976],[101.08454,15.65988],[101.08569,15.6624],[101.08774,15.65955],[101.09182,15.65852],[101.09221,15.65785],[101.09113,15.65456],[101.09309,15.65518],[101.09747,15.6542],[101.09657,15.65605],[101.09782,15.65796],[101.09854,15.65699],[101.10022,15.65708],[101.10071,15.65564],[101.0997,15.65474]]}},{"type":"Feature","properties":{"name":"แม่น้ำป่าสัก","osm_id":598703017,"direction":"downstream"},"geometry":{"type":"LineString","coordinates":[[101.11186,15.92601],[101.11086,15.92622],[101.11083,15.9246],[101.10975,15.92522],[101.10918,15.92385],[101.11191,15.92296],[101.1119,15.92073],[101.11496,15.9164],[101.11502,15.91522],[101.11409,15.9151],[101.11268,15.91621],[101.11032,15.91368],[101.1093,15.91461],[101.10799,15.91246],[101.10687,15.91232],[101.10537,15.91079],[101.10435,15.91121],[101.1051,15.91291],[101.10466,15.9137],[101.1028,15.91352],[101.10136,15.91203],[101.09809,15.91343],[101.10005,15.91502],[101.09958,15.91708],[101.09884,15.91737],[101.09864,15.9162],[101.09737,15.91636],[101.09604,15.91351],[101.09407,15.913],[101.09507,15.91127],[101.09422,15.90984],[101.09522,15.90838],[101.09395,15.90566],[101.09122,15.90661],[101.09235,15.90508],[101.09,15.90363],[101.09052,15.90224],[101.08898,15.90265],[101.08935,15.90392],[101.08785,15.90614],[101.08718,15.90489],[101.08577,15.90461],[101.08635,15.90684],[101.08488,15.90821],[101.08304,15.90852],[101.08184,15.91011],[101.08037,15.90958],[101.08104,15.90866],[101.07988,15.90771],[101.07774,15.90743],[101.07866,15.90873],[101.078,15.91158],[101.07921,15.91198],[101.07971,15.91309],[101.07925,15.91347],[101.07652,15.91277],[101.07592,15.91386],[101.07437,15.91284],[101.07329,15.91042],[101.07411,15.90935],[101.07153,15.90897],[101.07212,15.90752],[101.07167,15.90674],[101.07055,15.90832],[101.06971,15.90832],[101.06903,15.90443],[101.0703,15.90295],[101.06871,15.90294],[101.06793,15.90142],[101.06645,15.90082],[101.06623,15.89778],[101.06673,15.89617],[101.06919,15.89319],[101.06992,15.89128],[101.0696,15.89009],[101.07169,15.88804],[101.07235,15.8842],[101.07182,15.88077]]}},{"type":"Feature","properties":{"name":"แม่น้ำชี","osm_id":602230154,"direction":"downstream"},"geometry":{"type":"LineString","coordinates":[[102.00131,15.68942],[102.00145,15.6893]]}},{"type":"Feature","properties":{"name":"แม่น้ำชี","osm_id":602230155,"direction":"downstream"},"geometry":{"type":"LineString","coordinates":[[102.00145,15.6893],[102.00407,15.68698],[102.00452,15.68407],[102.00907,15.68451],[102.00852,15.6825],[102.01067,15.68107],[102.01262,15.68297],[102.01409,15.68231],[102.01591,15.68278],[102.01963,15.6773],[102.02072,15.67422],[102.02358,15.67292],[102.02493,15.67567],[102.02653,15.67597],[102.02794,15.67486],[102.02776,15.67199],[102.03076,15.6712],[102.03173,15.66872],[102.03518,15.66791],[102.0364,15.66592],[102.03609,15.66518],[102.03309,15.66581],[102.03179,15.66477],[102.03556,15.66181],[102.03576,15.65916],[102.03269,15.65869],[102.03309,15.65565],[102.03217,15.65503],[102.03073,15.65612],[102.03016,15.65489],[102.03341,15.65195],[102.03365,15.65015],[102.0351,15.65259],[102.03619,15.65234],[102.03609,15.65044],[102.03492,15.64827],[102.03763,15.64485],[102.038,15.64186],[102.0399,15.63951]]}},{"type":"Feature","properties":{"name":"แม่น้ำชี","osm_id":602701947,"direction":"downstream"},"geometry":{"type":"LineString","coordinates":[[102.0399,15.63951],[102.04021,15.63918]]}},{"type":"Feature","properties":{"name":"แม่น้ำชี","osm_id":605635801,"direction":"downstream"},"geometry":{"type":"LineString","coordinates":[[104.35259,15.44007],[104.35385,15.44306],[104.36194,15.4507],[104.36205,15.45316],[104.36067,15.45856],[104.36156,15.46045],[104.36348,15.46079],[104.36736,15.45991],[104.37285,15.45733],[104.38487,15.44526],[104.3861,15.44256],[104.38615,15.43555],[104.38758,15.42695],[104.38739,15.41599],[104.39185,15.40573],[104.39036,15.40315],[104.38432,15.4018],[104.38254,15.40059],[104.38158,15.39664],[104.38349,15.39281],[104.38958,15.38715],[104.39186,15.38602],[104.3966,15.38599],[104.40046,15.38857],[104.40293,15.38931],[104.40688,15.38814],[104.40929,15.38597],[104.41143,15.38259],[104.41391,15.37432],[104.41703,15.3669],[104.41816,15.366],[104.42052,15.36603],[104.42233,15.36878],[104.42362,15.36937],[104.42601,15.36927],[104.43113,15.36719],[104.43389,15.36835],[104.43446,15.37013],[104.43405,15.37226],[104.42922,15.3762],[104.42899,15.37742],[104.42977,15.37826],[104.43184,15.37797],[104.43654,15.37372],[104.43799,15.36635],[104.43826,15.35791],[104.43646,15.35336],[104.43351,15.34889],[104.4337,15.34648],[104.43547,15.34479],[104.43768,15.34469],[104.44153,15.34828],[104.44376,15.3486],[104.44623,15.34673],[104.44703,15.34372],[104.44543,15.34114],[104.43954,15.33618],[104.43504,15.33374],[104.43322,15.33141],[104.43284,15.32964],[104.43358,15.32708],[104.43816,15.3224],[104.43923,15.32023],[104.43894,15.31699],[104.43654,15.31488]]}},{"type":"Feature","properties":{"name":"แม่น้ำชี","osm_id":605636972,"direction":"downstream"},"geometry":{"type":"LineString","coordinates":[[104.43654,15.31488],[104.43291,15.3143],[104.42422,15.31772],[104.4227,15.31699],[104.42302,15.31446],[104.42489,15.31298],[104.4291,15.31175],[104.43468,15.31237],[104.43698,15.31178],[104.4421,15.30562],[104.44415,15.3058],[104.45298,15.31004],[104.46672,15.31472],[104.47019,15.31285],[104.47363,15.30558],[104.47851,15.30078],[104.47824,15.29609],[104.47878,15.29503]]}},{"type":"Feature","properties":{"name":"แม่น้ำชี","osm_id":607995997,"direction":"downstream"},"geometry":{"type":"LineString","coordinates":[[104.47878,15.29503],[104.48105,15.29482],[104.48612,15.2974],[104.49257,15.29912],[104.49845,15.30283],[104.50092,15.30206],[104.50255,15.29886],[104.50507,15.29871],[104.50736,15.30124],[104.51042,15.30775],[104.51756,15.3095],[104.51858,15.31169],[104.51795,15.31393],[104.51486,15.31612],[104.50938,15.31836],[104.50853,15.31957],[104.50885,15.32285],[104.51106,15.3244],[104.51411,15.32388],[104.51796,15.32033],[104.52097,15.31915],[104.5242,15.32028],[104.52791,15.325],[104.53203,15.32506],[104.53484,15.32361],[104.53878,15.31973],[104.5419,15.31871],[104.54374,15.32036],[104.54407,15.32193],[104.54345,15.32391],[104.54432,15.3245],[104.55229,15.31859],[104.56048,15.31403],[104.56438,15.31289],[104.56827,15.31399],[104.57429,15.3192],[104.5771,15.3198],[104.58027,15.31677],[104.58231,15.31293],[104.58705,15.30994],[104.58853,15.30745],[104.58943,15.30121],[104.58596,15.2963],[104.58533,15.29418],[104.58591,15.29211],[104.58783,15.28997],[104.5904,15.28892],[104.59542,15.28905],[104.60099,15.28591],[104.60354,15.28582],[104.6055,15.28694],[104.6069,15.28926],[104.6068,15.29746],[104.60789,15.29804],[104.60889,15.29734],[104.60893,15.29326],[104.61048,15.28786],[104.60881,15.28191],[104.60953,15.27998],[104.61306,15.27619],[104.6143,15.27386],[104.61289,15.26584],[104.61421,15.26369],[104.61702,15.26305],[104.61982,15.26476],[104.61996,15.26612],[104.61799,15.26924],[104.61761,15.27114],[104.6188,15.27414],[104.62092,15.27546],[104.62376,15.27539],[104.62878,15.27097],[104.63395,15.26934],[104.63716,15.26966],[104.64022,15.2736],[104.64284,15.27246],[104.64469,15.2678],[104.64423,15.26104],[104.64591,15.25141],[104.64579,15.24892],[104.64405,15.24348],[104.6451,15.24031],[104.64648,15.23868],[104.64997,15.23785],[104.65613,15.23958],[104.65944,15.23872],[104.66208,15.23611],[104.66369,15.23212],[104.66516,15.23168],[104.66572,15.23309],[104.66271,15.24071],[104.66019,15.24255],[104.65507,15.24302],[104.65274,15.24411],[104.65199,15.24831],[104.65381,15.24988],[104.65821,15.25111],[104.65909,15.25336],[104.65865,15.25607],[104.65767,15.25743],[104.65833,15.25862],[104.66544,15.25759],[104.66885,15.25507],[104.6713,15.25126],[104.67262,15.24551],[104.67739,15.23918],[104.67895,15.23573],[104.678,15.22771],[104.67891,15.22628],[104.6836,15.22338],[104.68621,15.22347],[104.69315,15.22596],[104.69538,15.22556],[104.69665,15.22367],[104.69617,15.22092],[104.69373,15.21913],[104.69119,15.21893],[104.68601,15.21993],[104.68275,15.2186],[104.68165,15.21536],[104.68273,15.21259],[104.68486,15.2105],[104.6891,15.20833],[104.68954,15.20578],[104.68862,15.20439],[104.6868,15.20393],[104.68089,15.20553],[104.68036,15.20421],[104.68132,15.20181],[104.68395,15.19957],[104.68652,15.19925],[104.68995,15.20086],[104.69289,15.20371],[104.69581,15.20412],[104.70403,15.20045],[104.70501,15.19854],[104.70448,15.19643],[104.69952,15.1932],[104.6985,15.19112],[104.69924,15.18749],[104.70228,15.18524],[104.70721,15.18621],[104.7096,15.18893],[104.71195,15.19452],[104.71368,15.19553],[104.71514,15.19516],[104.71756,15.19211],[104.71842,15.18923],[104.71442,15.18254]]}},{"type":"Feature","properties":{"name":"แม่น้ำชี","osm_id":608487223,"direction":"downstream"},"geometry":{"type":"LineString","coordinates":[[104.24845,15.52539],[104.25502,15.52337],[104.26274,15.51791],[104.26583,15.51808],[104.26987,15.52097],[104.27236,15.52109],[104.27356,15.51936],[104.27154,15.51262],[104.2721,15.50985],[104.27403,15.50923],[104.27493,15.50968],[104.27671,15.51422],[104.27845,15.51493],[104.28042,15.51398],[104.28326,15.51043]]}},{"type":"Feature","properties":{"name":"แม่น้ำชี","osm_id":608487224,"direction":"downstream"},"geometry":{"type":"LineString","coordinates":[[104.24435,15.54292],[104.23896,15.53944],[104.23882,15.53792],[104.23986,15.53574],[104.24183,15.53571],[104.2452,15.53857],[104.248,15.53945],[104.25275,15.53816],[104.25427,15.53635],[104.254,15.53428],[104.25226,15.53202],[104.24664,15.52939],[104.24652,15.52703],[104.24845,15.52539]]}},{"type":"Feature","properties":{"name":"แม่น้ำชี","osm_id":609637398,"direction":"downstream"},"geometry":{"type":"LineString","coordinates":[[104.28326,15.51043],[104.28829,15.50656],[104.28948,15.50089],[104.2892,15.49518],[104.28987,15.49359],[104.29283,15.49344],[104.29819,15.49859],[104.30029,15.4979],[104.3009,15.49622],[104.29898,15.48887],[104.29731,15.48683],[104.29492,15.48623],[104.28625,15.48743],[104.28362,15.48592],[104.28287,15.48383]]}},{"type":"Feature","properties":{"name":"แม่น้ำชี","osm_id":609704175,"direction":"downstream"},"geometry":{"type":"LineString","coordinates":[[104.28287,15.48383],[104.28337,15.48181],[104.28528,15.47946],[104.28842,15.47771],[104.29107,15.47745],[104.29474,15.47914],[104.29838,15.48352],[104.30132,15.48389],[104.30149,15.48265],[104.2992,15.47958],[104.29729,15.47467],[104.29667,15.46509],[104.29494,15.46333],[104.29118,15.46208],[104.29021,15.46005],[104.29157,15.45899],[104.29596,15.45988],[104.2981,15.45959],[104.30899,15.45183]]}},{"type":"Feature","properties":{"name":"แม่น้ำชี","osm_id":609704176,"direction":"downstream"},"geometry":{"type":"LineString","coordinates":[[104.30899,15.45183],[104.3102,15.45043],[104.31022,15.44844],[104.30892,15.44723],[104.30591,15.44624],[104.30579,15.44409],[104.31119,15.43987],[104.31516,15.43862],[104.32008,15.43825],[104.32398,15.43209],[104.33057,15.42833],[104.33338,15.42758],[104.33681,15.42783],[104.34063,15.42952],[104.34359,15.43225],[104.34585,15.43324],[104.35284,15.43287],[104.35389,15.43474],[104.35259,15.44007]]}},{"type":"Feature","properties":{"name":"แม่น้ำน่าน","osm_id":624178958,"direction":"downstream"},"geometry":{"type":"LineString","coordinates":[[100.56324,17.76037],[100.56344,17.76035]]}},{"type":"Feature","properties":{"name":"แม่น้ำชี","osm_id":625231279,"direction":"downstream"},"geometry":{"type":"LineString","coordinates":[[102.07335,15.6203],[102.07506,15.62151],[102.07449,15.6234],[102.07496,15.62425],[102.08053,15.62192],[102.08174,15.62253],[102.082,15.62319],[102.07998,15.62441],[102.07963,15.62539],[102.08017,15.62601],[102.08272,15.62455],[102.08509,15.62436],[102.08297,15.62235],[102.08298,15.62129],[102.08549,15.62233],[102.08688,15.62588],[102.08561,15.62637],[102.08339,15.6259],[102.08309,15.62662],[102.08467,15.62748],[102.08796,15.62656],[102.08972,15.62691],[102.08904,15.62884],[102.0859,15.63024],[102.08876,15.63438],[102.0904,15.63355],[102.09018,15.6301],[102.09176,15.62745],[102.09254,15.628],[102.09332,15.63082],[102.09503,15.63236],[102.09522,15.63393],[102.09619,15.63379],[102.09815,15.63172],[102.0956,15.63065],[102.09548,15.62947],[102.09969,15.63015],[102.10099,15.63198],[102.09919,15.63313],[102.09942,15.63612],[102.10155,15.63428],[102.10465,15.63296],[102.10598,15.63324],[102.1052,15.63608],[102.10652,15.6383],[102.10579,15.6386],[102.1035,15.63705],[102.10189,15.63837],[102.10439,15.63955],[102.10518,15.64087],[102.10686,15.64024],[102.10819,15.64415],[102.11101,15.64401],[102.11094,15.64559],[102.11169,15.64574],[102.11238,15.64212],[102.11131,15.64015],[102.11291,15.63944],[102.11513,15.64307],[102.11322,15.64449],[102.11469,15.64744],[102.11571,15.64774],[102.11769,15.64603],[102.11975,15.64805],[102.12051,15.64609],[102.12131,15.64615]]}},{"type":"Feature","properties":{"name":"แม่น้ำชี","osm_id":625293563,"direction":"downstream"},"geometry":{"type":"LineString","coordinates":[[102.38524,15.98581],[102.38712,15.98501],[102.38764,15.98303],[102.39142,15.98151],[102.38995,15.98],[102.39026,15.97828],[102.39232,15.98003],[102.39232,15.98287],[102.39144,15.98468],[102.39204,15.98694],[102.39454,15.98669],[102.3963,15.98746],[102.39682,15.98546],[102.39853,15.98343],[102.40223,15.9838],[102.40414,15.98105],[102.4077,15.98491],[102.40877,15.98333],[102.41106,15.9827],[102.41284,15.98533],[102.40979,15.98516],[102.40899,15.98607],[102.41217,15.98816],[102.4105,15.98909],[102.41136,15.99114],[102.41255,15.9916],[102.41326,15.98991],[102.4145,15.99018],[102.41471,15.99226],[102.41303,15.99356],[102.41278,15.99548],[102.4142,15.99521],[102.41547,15.99373],[102.41601,15.99107],[102.4186,15.99061],[102.4189,15.99156],[102.41761,15.99355],[102.41902,15.99448],[102.42117,15.99802],[102.42204,15.99759],[102.42156,15.9935],[102.42345,15.99122],[102.42571,15.99291],[102.42687,15.99484],[102.42648,15.99639],[102.42493,15.99777],[102.42558,15.99896],[102.42699,15.99951],[102.42817,15.99698],[102.42914,15.99666],[102.43007,15.99727],[102.43466,16.00518],[102.4329,16.0062],[102.43188,16.00883],[102.43014,16.00885],[102.4304,16.00998]]}},{"type":"Feature","properties":{"name":"แม่น้ำชี","osm_id":625521425,"direction":"downstream"},"geometry":{"type":"LineString","coordinates":[[102.4304,16.00998],[102.4319,16.0115],[102.43341,16.0096],[102.43441,16.00964],[102.43541,16.01081],[102.43495,16.01315],[102.439,16.01528],[102.43803,16.01673],[102.43624,16.01604],[102.43459,16.01642],[102.43348,16.0149],[102.43291,16.01508],[102.43305,16.01656],[102.43205,16.01869],[102.43301,16.02034],[102.43445,16.02052],[102.43348,16.02499],[102.43455,16.02513],[102.43642,16.02795],[102.43817,16.02861],[102.44007,16.02726],[102.44018,16.0304],[102.44279,16.02943],[102.44308,16.02888],[102.44201,16.02768],[102.44415,16.02795],[102.44505,16.0252],[102.44749,16.02527],[102.44942,16.02782],[102.45322,16.02799],[102.45386,16.02909],[102.45418,16.03219],[102.45343,16.03315],[102.45067,16.03346],[102.45178,16.03491],[102.45397,16.03356],[102.45529,16.03394],[102.45565,16.03663],[102.45365,16.04582],[102.44971,16.05312],[102.44702,16.05257],[102.44605,16.05343]]}},{"type":"Feature","properties":{"name":"แม่น้ำชี","osm_id":625678884,"direction":"downstream"},"geometry":{"type":"LineString","coordinates":[[102.32756,15.80341],[102.32795,15.80461],[102.32597,15.80815],[102.3267,15.80943],[102.3289,15.80888],[102.32872,15.81064],[102.32702,15.81379],[102.3244,15.81601],[102.32498,15.81841],[102.32697,15.81709],[102.32589,15.81975],[102.32607,15.82133],[102.32268,15.82699],[102.32132,15.82518],[102.31949,15.82578],[102.32189,15.8282],[102.32463,15.82898],[102.32398,15.83446],[102.32198,15.83707],[102.32171,15.84245],[102.31914,15.84165],[102.31907,15.84483],[102.3171,15.84525],[102.31561,15.84694],[102.3183,15.84931],[102.31941,15.84699],[102.32079,15.84791],[102.32054,15.84907],[102.31744,15.85034],[102.31716,15.85118],[102.31924,15.85311],[102.31838,15.85513],[102.32213,15.85685],[102.31975,15.8594],[102.3212,15.86119],[102.32034,15.86539],[102.32189,15.86671],[102.32593,15.86655],[102.32565,15.8704],[102.32768,15.87034],[102.33097,15.87172],[102.33555,15.87141],[102.33822,15.87381],[102.33842,15.87446],[102.33738,15.87481],[102.3367,15.87616],[102.33811,15.87996],[102.33946,15.88093],[102.34255,15.88107],[102.34342,15.88193],[102.34236,15.88585],[102.34068,15.88742],[102.34229,15.888],[102.34401,15.88759],[102.34585,15.88884],[102.3493,15.89565],[102.34892,15.89757],[102.34958,15.89984],[102.35021,15.90051],[102.35231,15.89996],[102.3534,15.90085]]}},{"type":"Feature","properties":{"name":"แม่น้ำป่าสัก","osm_id":637143346,"direction":"downstream"},"geometry":{"type":"LineString","coordinates":[[101.06577,14.84048],[101.06536,14.83938],[101.0667,14.83244],[101.06772,14.83113],[101.07136,14.83134],[101.07513,14.83431],[101.07873,14.8356],[101.08552,14.83422],[101.08818,14.83282],[101.08915,14.83114],[101.08746,14.82805],[101.08401,14.82559],[101.07851,14.81878],[101.07924,14.81339],[101.08005,14.81256],[101.08183,14.81242],[101.08174,14.81105],[101.07639,14.81063],[101.07491,14.8119],[101.07442,14.81476],[101.07209,14.81584],[101.07037,14.81564],[101.06898,14.81399],[101.06802,14.81044],[101.06891,14.80347],[101.07279,14.79173],[101.07179,14.79073],[101.06995,14.7925],[101.06364,14.79238],[101.06227,14.7915],[101.06218,14.78913],[101.06385,14.78061],[101.06556,14.77878],[101.06574,14.77622],[101.07286,14.76689],[101.07361,14.76456],[101.07257,14.76263],[101.06971,14.75996],[101.06403,14.75919],[101.06216,14.75994]]}},{"type":"Feature","properties":{"name":"แม่น้ำป่าสัก","osm_id":637143349,"direction":"downstream"},"geometry":{"type":"LineString","coordinates":[[101.07507,14.71882],[101.0745,14.7156],[101.07776,14.7153],[101.07853,14.71366]]}},{"type":"Feature","properties":{"name":"แม่น้ำชี","osm_id":638432117,"direction":"downstream"},"geometry":{"type":"LineString","coordinates":[[104.65325,15.23874],[104.65451,15.24078],[104.65389,15.24338]]}},{"type":"Feature","properties":{"name":"แม่น้ำชี","osm_id":646380749,"direction":"downstream"},"geometry":{"type":"LineString","coordinates":[[101.66941,16.00513],[101.67284,16.00502],[101.67424,16.00582],[101.67553,16.00499],[101.67547,16.00408],[101.67312,16.00291],[101.67233,15.99674],[101.67056,15.99591],[101.67023,15.99426],[101.67512,15.99259],[101.67708,15.9904],[101.67893,15.98981],[101.68173,15.98644],[101.68334,15.98606],[101.68479,15.98267],[101.68481,15.976],[101.68632,15.97532],[101.69421,15.97586],[101.69565,15.97426],[101.69048,15.96786],[101.68714,15.96774],[101.68646,15.95873],[101.68723,15.95721],[101.69007,15.95503],[101.6939,15.94894],[101.69774,15.94491],[101.70302,15.94224],[101.70329,15.94038],[101.70142,15.93849],[101.7,15.93498],[101.69873,15.92775],[101.7012,15.92367],[101.7016,15.91693],[101.70456,15.91656],[101.70608,15.91824],[101.70727,15.91855],[101.70707,15.91545],[101.70802,15.9133],[101.70784,15.91188],[101.71003,15.90843],[101.70158,15.90462],[101.7,15.90135],[101.70333,15.90059],[101.70925,15.90087],[101.71372,15.899],[101.71707,15.89928],[101.71884,15.89748],[101.71527,15.89438],[101.71324,15.89569],[101.71163,15.89569],[101.71063,15.89672],[101.70622,15.89368],[101.70476,15.8941],[101.70473,15.89661],[101.70364,15.89708],[101.70259,15.89613],[101.70279,15.89369],[101.7012,15.89273],[101.69899,15.89298],[101.69861,15.89043],[101.70277,15.88725],[101.70495,15.88667],[101.70573,15.88461],[101.70921,15.88375],[101.71082,15.88064],[101.71082,15.87808],[101.70838,15.87729],[101.70788,15.87643],[101.71174,15.87307],[101.71191,15.86887],[101.71292,15.86706],[101.72019,15.86593],[101.71859,15.86153],[101.71694,15.86],[101.71652,15.85681],[101.72166,15.8505],[101.72271,15.85028],[101.72455,15.85163],[101.72779,15.85943],[101.73526,15.85778],[101.73493,15.85612],[101.73031,15.85313],[101.73311,15.8512],[101.73093,15.84644],[101.73302,15.84305],[101.73419,15.84203],[101.7367,15.84179],[101.73801,15.84437],[101.73832,15.84768],[101.74116,15.84861],[101.74441,15.84424],[101.74629,15.83992],[101.74147,15.84127],[101.73953,15.8395],[101.73815,15.83663],[101.73521,15.83757],[101.73433,15.8364],[101.73473,15.83345],[101.73682,15.8344],[101.74336,15.83397],[101.74523,15.83317],[101.744,15.83027],[101.73964,15.8271],[101.73892,15.8255],[101.74235,15.82305],[101.74153,15.8167],[101.74544,15.80918],[101.74916,15.80862],[101.75189,15.80942],[101.75451,15.8043],[101.75896,15.80455],[101.75799,15.80002],[101.75949,15.79833],[101.75959,15.79636],[101.76077,15.79413],[101.76472,15.79571],[101.76515,15.80013],[101.76985,15.80309],[101.77186,15.80273],[101.77375,15.80017],[101.77552,15.80038],[101.7777,15.79839],[101.78059,15.79957],[101.78351,15.79972],[101.78593,15.79827],[101.78662,15.79579],[101.7879,15.79447],[101.78581,15.78722],[101.78832,15.7846],[101.78878,15.77966],[101.79225,15.77939],[101.79326,15.77762],[101.79315,15.77487],[101.79676,15.77403],[101.79653,15.77213],[101.79522,15.77003],[101.7955,15.76929],[101.79773,15.76949],[101.8008,15.77138],[101.80391,15.77079],[101.80563,15.77288],[101.80668,15.77573],[101.80786,15.77614],[101.81261,15.77023],[101.81713,15.76999],[101.81867,15.76764],[101.81619,15.76257],[101.81361,15.76124],[101.81337,15.76031],[101.81591,15.75395],[101.81558,15.74829],[101.82155,15.74544],[101.82235,15.7444],[101.82189,15.74369],[101.81615,15.74234],[101.8157,15.74132],[101.81623,15.74025],[101.82032,15.73839],[101.82204,15.74028],[101.82381,15.74057],[101.82816,15.7373],[101.82821,15.73619],[101.82621,15.73376],[101.83121,15.73266],[101.83232,15.73462],[101.83636,15.73633],[101.83607,15.73976],[101.83765,15.74067],[101.83985,15.73893],[101.8418,15.73549],[101.84203,15.73444],[101.84091,15.73159],[101.84311,15.73001],[101.8443,15.73077],[101.84315,15.73767],[101.84456,15.73881],[101.84648,15.73803],[101.84758,15.73622],[101.84771,15.73402],[101.84609,15.72972],[101.84344,15.72762],[101.84383,15.72574],[101.84533,15.72526],[101.8488,15.7259],[101.85543,15.7248],[101.8575,15.72534],[101.85597,15.72181],[101.85347,15.72054],[101.85313,15.71745],[101.85541,15.71427],[101.85849,15.71284],[101.85864,15.71085],[101.85984,15.7106],[101.8621,15.71173],[101.86227,15.71003],[101.86323,15.70936],[101.86593,15.71114],[101.86763,15.711],[101.86874,15.70915],[101.86758,15.70642],[101.86822,15.70525],[101.86978,15.70586],[101.87095,15.70775],[101.87344,15.7078],[101.87827,15.70522],[101.87907,15.70306],[101.8774,15.70201],[101.87725,15.70069],[101.8791,15.69894],[101.88107,15.69974],[101.88199,15.69938],[101.88358,15.69507],[101.8871,15.6941],[101.89201,15.69484],[101.89267,15.69337],[101.89544,15.6913],[101.89352,15.6899],[101.89354,15.68682],[101.89768,15.68892],[101.89899,15.68841],[101.89768,15.68537],[101.89784,15.68387],[101.90195,15.68161],[101.90149,15.68067],[101.89987,15.68009],[101.89967,15.67881],[101.90292,15.67793],[101.90444,15.67579],[101.90524,15.67611],[101.90563,15.67793],[101.90724,15.67785],[101.90627,15.67222],[101.90498,15.67029],[101.90473,15.66849],[101.90762,15.66771],[101.90967,15.66567],[101.91155,15.66822],[101.91331,15.66815],[101.91387,15.66541],[101.91476,15.66437],[101.91623,15.66658],[101.9189,15.66704],[101.91989,15.665],[101.92263,15.66282],[101.92275,15.66146],[101.92141,15.66017],[101.92168,15.65854],[101.92534,15.65725]]}},{"type":"Feature","properties":{"name":"แม่น้ำชี","osm_id":646630379,"direction":"downstream"},"geometry":{"type":"LineString","coordinates":[[101.70606,16.19102],[101.70572,16.1898],[101.70331,16.1876],[101.7019,16.18432],[101.69969,16.18239],[101.69746,16.17775],[101.69437,16.17783],[101.69218,16.17616],[101.68523,16.17727],[101.68199,16.17488],[101.68141,16.17342],[101.6796,16.1726],[101.6778,16.16619],[101.67911,16.16435],[101.68289,16.16305],[101.68036,16.15967],[101.67533,16.15947],[101.67295,16.16068],[101.67156,16.16169],[101.66991,16.16464],[101.66692,16.16577],[101.66615,16.16833],[101.6592,16.16811],[101.65891,16.16706],[101.66155,16.16516],[101.66136,16.16362],[101.65843,16.16222],[101.65711,16.1601],[101.65519,16.16189],[101.65254,16.16153],[101.65367,16.1544],[101.65286,16.14953],[101.6504,16.14848],[101.64926,16.14891],[101.64868,16.15002],[101.64968,16.15132],[101.64959,16.1528],[101.64573,16.15544],[101.64318,16.15589],[101.64189,16.1584],[101.63661,16.15655],[101.63637,16.15502],[101.63478,16.15448],[101.63469,16.1535],[101.63266,16.15156],[101.63487,16.15098],[101.63669,16.15213],[101.63965,16.15026],[101.63851,16.14857],[101.63837,16.14436],[101.63713,16.14211],[101.63864,16.14065],[101.64288,16.13891],[101.64401,16.13537],[101.64605,16.13318],[101.64526,16.1321],[101.64309,16.1328],[101.64219,16.13098],[101.64238,16.12921],[101.64387,16.12837],[101.64607,16.12912],[101.64843,16.12818],[101.65195,16.13044],[101.65385,16.13013],[101.65556,16.12666],[101.65769,16.12529],[101.65935,16.12254],[101.65964,16.12036],[101.66344,16.11603],[101.66205,16.11132],[101.66447,16.10752],[101.66364,16.10643],[101.66124,16.10589],[101.66092,16.10506],[101.66557,16.10265],[101.66721,16.10036],[101.66569,16.09864],[101.66285,16.09843],[101.66268,16.09728],[101.66698,16.09642],[101.66927,16.09468],[101.66996,16.09332],[101.66957,16.09001],[101.67023,16.08882],[101.67172,16.08918],[101.67325,16.0907],[101.67746,16.09211],[101.68161,16.09036],[101.68401,16.08639],[101.68395,16.08434],[101.68133,16.08201],[101.67782,16.08187],[101.67546,16.08063],[101.67227,16.08219],[101.66997,16.08236],[101.66564,16.08014],[101.66319,16.07725],[101.66347,16.07597],[101.66787,16.07194],[101.66888,16.06634],[101.66685,16.06431],[101.66315,16.0633],[101.66074,16.05966],[101.66677,16.05934],[101.67052,16.05425],[101.67485,16.05362],[101.6757,16.05219],[101.67533,16.05131],[101.67109,16.05075],[101.66992,16.04954],[101.67168,16.04609],[101.67156,16.04247],[101.67275,16.04068],[101.67056,16.03988],[101.66316,16.03306],[101.66353,16.03199],[101.66512,16.03158],[101.67007,16.0325],[101.67155,16.03196],[101.67427,16.02963],[101.67554,16.02563],[101.67702,16.02425],[101.67651,16.02205],[101.67151,16.02268],[101.66745,16.02172],[101.66495,16.01981],[101.66094,16.01984],[101.6612,16.01723],[101.66309,16.01363],[101.66725,16.0125],[101.66727,16.00938]]}},{"type":"Feature","properties":{"name":"แม่น้ำมูล","osm_id":647940617,"direction":"downstream"},"geometry":{"type":"LineString","coordinates":[[102.31712,15.05758],[102.31683,15.05852],[102.31508,15.05884],[102.31473,15.05976],[102.31572,15.06034],[102.31779,15.05999],[102.32163,15.06329],[102.32151,15.06394],[102.3195,15.06453],[102.3203,15.06623],[102.31998,15.06792],[102.32349,15.06824],[102.32551,15.06962],[102.3263,15.06877],[102.32723,15.06898],[102.32714,15.07007],[102.32464,15.07144],[102.32457,15.07241],[102.32718,15.07325],[102.32737,15.07179],[102.3289,15.0709],[102.32903,15.0728],[102.33171,15.0748],[102.33295,15.0733],[102.33508,15.07287],[102.33505,15.07445],[102.33756,15.07418],[102.33644,15.07634],[102.33892,15.07548],[102.3393,15.07697],[102.34044,15.07764],[102.33848,15.07879],[102.33964,15.07997],[102.34111,15.07943],[102.34175,15.07738],[102.34274,15.07765],[102.34318,15.07952],[102.34584,15.07794],[102.34617,15.0804],[102.34806,15.07962],[102.34761,15.08064]]}},{"type":"Feature","properties":{"name":"แม่น้ำมูล","osm_id":648325333,"direction":"downstream"},"geometry":{"type":"LineString","coordinates":[[102.45314,15.21637],[102.45414,15.21322],[102.45489,15.213],[102.45647,15.21561],[102.45641,15.21846],[102.45718,15.21839],[102.45841,15.21644],[102.45907,15.21676],[102.45849,15.21844],[102.45692,15.2199],[102.45743,15.22098],[102.46019,15.21952],[102.46174,15.22133],[102.46245,15.21943],[102.46578,15.22043],[102.46679,15.2222],[102.46778,15.22146],[102.47008,15.22169],[102.47107,15.21951],[102.47166,15.2208]]}},{"type":"Feature","properties":{"name":"แม่น้ำมูล","osm_id":648334905,"direction":"downstream"},"geometry":{"type":"LineString","coordinates":[[102.47166,15.2208],[102.47735,15.22428],[102.47877,15.22644],[102.48228,15.22626],[102.48246,15.22831],[102.48489,15.22816],[102.48531,15.23023],[102.48635,15.23072],[102.48839,15.22991],[102.49079,15.2271],[102.49323,15.22731],[102.49406,15.22571],[102.49654,15.22637],[102.49798,15.22552],[102.49979,15.22756],[102.50544,15.22998],[102.50618,15.23166],[102.5076,15.23098],[102.50826,15.2315],[102.50789,15.23334],[102.50893,15.23478],[102.51061,15.23445],[102.51065,15.23739],[102.50793,15.23858],[102.50851,15.24035],[102.51063,15.23922],[102.51237,15.24003],[102.51518,15.23773],[102.51611,15.23825],[102.5162,15.23913],[102.51435,15.24145],[102.51536,15.24271],[102.51521,15.24379],[102.5156,15.24444],[102.5175,15.2439],[102.51909,15.24557],[102.52012,15.24548],[102.52179,15.2439],[102.52151,15.24537],[102.52004,15.24657],[102.5201,15.24853],[102.52126,15.24888],[102.52215,15.2458],[102.52572,15.24552],[102.52432,15.24855],[102.5227,15.24923],[102.52269,15.251],[102.52561,15.25012],[102.52673,15.25118],[102.52957,15.25033],[102.53008,15.25082],[102.52872,15.25219],[102.52909,15.25322],[102.5303,15.25374],[102.53197,15.25807],[102.53473,15.25888],[102.53364,15.26187],[102.53405,15.26292],[102.5369,15.26199],[102.53711,15.26457],[102.53994,15.26591],[102.54112,15.26495],[102.54379,15.26726],[102.5445,15.26732],[102.54479,15.26603],[102.54666,15.26816],[102.54765,15.26783],[102.54792,15.26623],[102.54688,15.26549],[102.54674,15.26427],[102.54858,15.26344],[102.54947,15.26424],[102.5495,15.26628],[102.5507,15.26714],[102.5503,15.26919],[102.55085,15.27052],[102.55024,15.27079],[102.55081,15.27245],[102.55004,15.27346],[102.55164,15.27351],[102.5524,15.27203],[102.55512,15.27363],[102.55423,15.27572],[102.55584,15.27746],[102.55732,15.27772],[102.5572,15.27867],[102.55906,15.27805],[102.55983,15.27862],[102.5583,15.28075],[102.56048,15.28125],[102.56003,15.28208],[102.55824,15.28223],[102.55957,15.28349],[102.558,15.28412],[102.5564,15.2827],[102.55689,15.2851],[102.5582,15.28563],[102.5568,15.28747],[102.55756,15.28786],[102.56223,15.28684],[102.56291,15.28736],[102.5632,15.29006],[102.56169,15.29132],[102.56199,15.29182],[102.56542,15.29212],[102.56665,15.29577],[102.56865,15.29873],[102.57065,15.29817],[102.57174,15.30184],[102.57435,15.30335],[102.57374,15.30581],[102.5747,15.30765],[102.57556,15.30795]]}},{"type":"Feature","properties":{"name":"แม่น้ำมูล","osm_id":648335677,"direction":"downstream"},"geometry":{"type":"LineString","coordinates":[[102.34761,15.08064],[102.34654,15.08263],[102.34769,15.08393],[102.34595,15.08521],[102.34703,15.08687],[102.34559,15.0866],[102.34503,15.08543],[102.34438,15.08693],[102.34522,15.08827],[102.34697,15.08828],[102.34671,15.09022],[102.34834,15.08932],[102.34905,15.09086],[102.3498,15.0907],[102.35071,15.0895],[102.35036,15.08826],[102.35155,15.08726],[102.3539,15.0878],[102.35277,15.08989],[102.35354,15.09058],[102.35739,15.08631],[102.3597,15.08606],[102.36039,15.08512],[102.36117,15.08541],[102.36172,15.087],[102.36268,15.08531],[102.36399,15.08664],[102.36325,15.08843],[102.36055,15.08781],[102.35969,15.08826],[102.36013,15.09085],[102.3584,15.09143],[102.35826,15.09216],[102.36057,15.09288],[102.36073,15.09353],[102.35794,15.09358],[102.3584,15.095],[102.35962,15.09574],[102.35802,15.09676],[102.35909,15.0981],[102.35812,15.09857],[102.3557,15.09754],[102.35582,15.09898],[102.35747,15.09919],[102.35354,15.10203],[102.35366,15.10285],[102.35509,15.10376],[102.35349,15.10379],[102.3534,15.10556],[102.35165,15.10606],[102.35199,15.10752],[102.35049,15.10687],[102.34975,15.10726],[102.34989,15.10824],[102.35132,15.10921],[102.35105,15.1106],[102.35339,15.11089],[102.35217,15.11277],[102.35291,15.11547],[102.35415,15.11593],[102.35594,15.11279],[102.35676,15.11424],[102.35541,15.11548],[102.3557,15.11633],[102.36037,15.11696],[102.36135,15.11546],[102.36408,15.1167],[102.36593,15.11664],[102.36576,15.11813],[102.36325,15.11919],[102.36465,15.12021],[102.36701,15.1202],[102.36629,15.12231],[102.36729,15.12327],[102.3666,15.12466],[102.36701,15.12625],[102.36808,15.12631],[102.37056,15.1239],[102.37269,15.12519],[102.37251,15.12718],[102.37361,15.12694],[102.37386,15.12532],[102.37449,15.12528],[102.37339,15.12982],[102.37859,15.13126],[102.37798,15.13269],[102.37885,15.13419],[102.37739,15.13423],[102.37621,15.1332],[102.37658,15.13536],[102.37544,15.13522],[102.37476,15.13675],[102.37642,15.13668],[102.37697,15.13777],[102.37404,15.13955],[102.37612,15.14167],[102.3726,15.14066],[102.37441,15.14373],[102.3734,15.14518],[102.37369,15.14652],[102.37122,15.14759],[102.37282,15.14899],[102.37285,15.15003],[102.36986,15.15045],[102.37175,15.15282],[102.36947,15.15414],[102.37027,15.15699],[102.36875,15.15891],[102.36847,15.16207],[102.3697,15.16223],[102.37026,15.16017],[102.37108,15.16007],[102.37211,15.16083],[102.37239,15.1635],[102.37021,15.16267],[102.36957,15.16356],[102.37217,15.16536],[102.37333,15.164],[102.37407,15.16446],[102.3733,15.16589],[102.37122,15.16658],[102.36915,15.16906],[102.36854,15.17049],[102.36974,15.17235],[102.36818,15.17349],[102.3692,15.17419],[102.36973,15.17684],[102.37096,15.17686],[102.37205,15.17519],[102.37338,15.17516],[102.37264,15.1778],[102.37549,15.1785],[102.37608,15.1799],[102.37508,15.18129],[102.37771,15.18181],[102.37693,15.18273],[102.37542,15.18246],[102.37504,15.18388],[102.37744,15.18561],[102.37751,15.18691],[102.37857,15.18747],[102.37779,15.18824],[102.37563,15.18735],[102.3754,15.18787],[102.37653,15.18943],[102.37967,15.18937],[102.37968,15.19103],[102.38095,15.19255],[102.38079,15.19448],[102.38189,15.1947],[102.38218,15.19376],[102.38284,15.19375],[102.3816,15.1972],[102.38413,15.19833],[102.38265,15.19938],[102.3827,15.20029],[102.38569,15.20108],[102.38699,15.20059],[102.38616,15.19862],[102.38829,15.19713],[102.38842,15.19571],[102.39184,15.19488],[102.3921,15.19574],[102.39041,15.19969],[102.39254,15.20062],[102.39372,15.20219],[102.39512,15.20062],[102.39509,15.20263],[102.3971,15.20366],[102.39615,15.20466],[102.39429,15.20482],[102.39427,15.20684],[102.39272,15.20847],[102.39546,15.21185],[102.39853,15.2115],[102.40024,15.21289],[102.40231,15.21189],[102.40368,15.21362],[102.41288,15.21518],[102.41453,15.21681],[102.41846,15.21786],[102.41949,15.21687],[102.41851,15.2142],[102.42088,15.21475],[102.42186,15.21561],[102.42168,15.21828],[102.42252,15.21944],[102.42351,15.2194],[102.42396,15.21826],[102.42594,15.2212],[102.42756,15.22007],[102.42892,15.22032],[102.42883,15.22143],[102.42765,15.22221],[102.42789,15.22305],[102.43021,15.22323],[102.43128,15.22133],[102.43301,15.22168],[102.43334,15.22283],[102.43119,15.22478],[102.43147,15.22543],[102.43293,15.22546],[102.43499,15.22411],[102.43547,15.22238],[102.43638,15.22241],[102.43627,15.22437],[102.43537,15.22569],[102.43662,15.22698],[102.43533,15.22842],[102.43542,15.22932],[102.43786,15.22769],[102.44091,15.22746],[102.43831,15.2254],[102.43866,15.22462],[102.44368,15.22578],[102.4445,15.22507],[102.44451,15.22347],[102.44664,15.22363],[102.44666,15.22183],[102.44876,15.22162],[102.44801,15.22006],[102.44596,15.22032],[102.44551,15.21843],[102.44982,15.2185],[102.45127,15.21705],[102.45283,15.21818],[102.45314,15.21637]]}},{"type":"Feature","properties":{"name":"แม่น้ำมูล","osm_id":670176403,"direction":"downstream"},"geometry":{"type":"LineString","coordinates":[[103.6377,15.32236],[103.64071,15.32727],[103.64402,15.33525],[103.64786,15.34057],[103.64917,15.34427],[103.64972,15.35026],[103.65078,15.35249],[103.65599,15.35518],[103.66159,15.35652],[103.66664,15.36149],[103.66665,15.36244],[103.66898,15.36056],[103.66967,15.35483],[103.67233,15.35119],[103.6771,15.34036],[103.67647,15.33889],[103.67484,15.33798],[103.67147,15.33904],[103.6708,15.33867],[103.67075,15.33472],[103.66697,15.33106],[103.66637,15.32833],[103.66775,15.3268],[103.6765,15.32594],[103.68846,15.33385],[103.69437,15.33556],[103.69875,15.33939],[103.70187,15.34372],[103.70476,15.34991],[103.70559,15.35431],[103.70534,15.361],[103.70599,15.36302],[103.70844,15.36678],[103.71078,15.36895],[103.71495,15.36986],[103.7177,15.36902],[103.71878,15.36739],[103.71986,15.36213],[103.72173,15.35991],[103.72508,15.36042],[103.72911,15.36314],[103.73181,15.36298],[103.733,15.36092],[103.73246,15.35478],[103.73366,15.35326],[103.74391,15.35347],[103.74868,15.35652],[103.74946,15.35841],[103.7499,15.36523],[103.75445,15.3702],[103.75893,15.3716],[103.76108,15.37152],[103.76451,15.36951],[103.76892,15.36488],[103.77099,15.36476],[103.77364,15.3664],[103.77502,15.3688],[103.77527,15.37122],[103.77421,15.37635],[103.77493,15.37789],[103.77853,15.37885],[103.78226,15.37739],[103.78347,15.37754],[103.78444,15.37883],[103.78494,15.38244],[103.78729,15.38482],[103.79043,15.38606],[103.79418,15.38598],[103.79597,15.38697],[103.79759,15.38989],[103.79797,15.39216],[103.7973,15.39762],[103.79548,15.40137],[103.79549,15.40471],[103.79626,15.40678],[103.79835,15.40894],[103.80303,15.40989],[103.80532,15.40829],[103.80514,15.4043],[103.80636,15.39922],[103.80508,15.39479],[103.80589,15.39291],[103.80701,15.3924],[103.80897,15.39277],[103.81412,15.39819],[103.81401,15.40139],[103.81057,15.40599],[103.81101,15.40996],[103.8123,15.41132],[103.81549,15.41128],[103.82073,15.40781],[103.82473,15.40343],[103.82757,15.40304],[103.82883,15.40462],[103.82869,15.40639],[103.82331,15.41508],[103.82467,15.42398],[103.82156,15.42821],[103.81892,15.43903],[103.82001,15.44144],[103.82618,15.44363],[103.82929,15.44663],[103.8282,15.45619]]}},{"type":"Feature","properties":{"name":"แม่น้ำป่าสัก","osm_id":671034840,"direction":"downstream"},"geometry":{"type":"LineString","coordinates":[[101.15244,15.19664],[101.14768,15.19165],[101.1443,15.18604],[101.14447,15.18488],[101.14635,15.18521],[101.14773,15.18406],[101.14726,15.18338],[101.14402,15.18306],[101.1461,15.17935],[101.14584,15.17873],[101.14301,15.1778],[101.14168,15.17816],[101.14103,15.18279],[101.13888,15.18399],[101.1373,15.18332],[101.13854,15.18128],[101.13811,15.17973],[101.13585,15.17978],[101.13516,15.18154],[101.1361,15.18638],[101.13724,15.1869],[101.13875,15.18607],[101.13972,15.18836],[101.13974,15.19071],[101.13708,15.19015],[101.13538,15.19085],[101.13324,15.1907],[101.13127,15.19256],[101.13005,15.19515],[101.12881,15.19543],[101.12604,15.19356],[101.12573,15.18873],[101.12219,15.18399],[101.12189,15.18157],[101.11891,15.17787],[101.11659,15.17732],[101.11601,15.1745],[101.10813,15.17575],[101.10417,15.17557],[101.10272,15.17623],[101.10101,15.17552],[101.10039,15.1738],[101.10085,15.17044],[101.09923,15.16738],[101.0998,15.16581]]}},{"type":"Feature","properties":{"name":"แม่น้ำป่าสัก","osm_id":671095354,"direction":"downstream"},"geometry":{"type":"LineString","coordinates":[[101.0998,15.16581],[101.10495,15.16039],[101.10487,15.15572],[101.10155,15.15304],[101.09742,15.15332],[101.09622,15.14884],[101.09636,15.14609],[101.11037,15.14635],[101.11149,15.14529],[101.11055,15.14229],[101.10333,15.13943]]}},{"type":"Feature","properties":{"name":"แม่น้ำมูล","osm_id":677533952,"direction":"downstream"},"geometry":{"type":"LineString","coordinates":[[104.09113,15.35199],[104.09824,15.34428],[104.10086,15.34264]]}},{"type":"Feature","properties":{"name":"แม่น้ำท่าจีน","osm_id":677682376,"direction":"downstream"},"geometry":{"type":"LineString","coordinates":[[100.22319,13.81076],[100.22198,13.81005],[100.21917,13.80994],[100.20552,13.81048],[100.20118,13.81184],[100.19806,13.818],[100.19679,13.81861],[100.19338,13.81802],[100.18734,13.81336],[100.18579,13.80831],[100.18702,13.80319],[100.18926,13.80018],[100.19344,13.79662]]}},{"type":"Feature","properties":{"name":"แม่น้ำท่าจีน","osm_id":677682383,"direction":"downstream"},"geometry":{"type":"LineString","coordinates":[[100.12076,14.5322],[100.11977,14.53028]]}},{"type":"Feature","properties":{"name":"แม่น้ำเจ้าพระยา","osm_id":677684760,"direction":"downstream"},"geometry":{"type":"LineString","coordinates":[[100.50819,13.71234],[100.50391,13.70821],[100.49847,13.70515]]}},{"type":"Feature","properties":{"name":"แม่น้ำบางปะกง","osm_id":677684762,"direction":"downstream"},"geometry":{"type":"LineString","coordinates":[[101.13719,13.70794],[101.1339,13.70788],[101.1217,13.7116],[101.1153,13.70991],[101.11153,13.70706],[101.11007,13.70334],[101.10974,13.69975],[101.10781,13.69866],[101.10288,13.70029],[101.09916,13.70058],[101.09473,13.6992],[101.09153,13.69679],[101.09034,13.69561],[101.08908,13.69218],[101.08938,13.68779],[101.0885,13.68649],[101.08603,13.68649],[101.08206,13.68975],[101.0795,13.68942],[101.07612,13.68735],[101.07438,13.68353],[101.074,13.68074],[101.07445,13.67795],[101.07736,13.67126],[101.07718,13.66979],[101.07428,13.66949],[101.06896,13.6721],[101.06598,13.67108],[101.06376,13.66559],[101.06365,13.65741],[101.06621,13.6544],[101.06883,13.65364],[101.07913,13.65376],[101.07994,13.65271],[101.07999,13.65087],[101.07401,13.64482],[101.07385,13.64321],[101.07459,13.64197],[101.0771,13.64173],[101.08365,13.64563],[101.08817,13.64515],[101.09097,13.64183],[101.09212,13.636],[101.08881,13.62781],[101.08697,13.62523],[101.08423,13.62313],[101.08078,13.62308],[101.07674,13.62507],[101.07194,13.62907],[101.06866,13.62916],[101.06036,13.62108],[101.05667,13.6165],[101.05637,13.61484],[101.05943,13.6043],[101.06178,13.60172],[101.06489,13.60186],[101.07026,13.60634],[101.07359,13.6066],[101.07616,13.60452],[101.07622,13.59118],[101.07446,13.58749],[101.07022,13.58467],[101.05966,13.58376],[101.04918,13.58092],[101.04607,13.58259],[101.04525,13.58447],[101.04705,13.59181],[101.04646,13.59499],[101.04377,13.59724],[101.03854,13.59616],[101.03335,13.59148],[101.03082,13.58663],[101.03124,13.58128],[101.03596,13.57583],[101.04049,13.57194],[101.04133,13.56972],[101.04049,13.56695],[101.03707,13.56485],[101.02578,13.56587],[101.0229,13.56395],[101.02218,13.55843],[101.02451,13.55166],[101.02405,13.54931],[101.02248,13.54827],[101.01497,13.5511],[101.01041,13.55194],[101.00532,13.55126],[100.99845,13.54676],[100.99521,13.54195],[100.99492,13.5404],[100.99564,13.53673],[100.99964,13.53027],[101.0008,13.52507],[100.99691,13.51648],[100.99662,13.51341],[100.99794,13.5098],[101.00174,13.50813],[101.01137,13.51142],[101.01732,13.5098],[101.02033,13.50525],[101.02033,13.49879],[101.01681,13.49284],[101.01079,13.4874],[101.00711,13.48586],[100.99962,13.48748],[100.98751,13.49894],[100.98413,13.50055],[100.9808,13.50121],[100.97875,13.50085],[100.9765,13.49642],[100.97683,13.493],[100.97716,13.49132],[100.98184,13.48438],[100.9821,13.48023],[100.97432,13.47383]]}},{"type":"Feature","properties":{"name":"แม่น้ำเจ้าพระยา","osm_id":677687601,"direction":"downstream"},"geometry":{"type":"LineString","coordinates":[[100.17209,15.15463],[100.18657,15.16344]]}},{"type":"Feature","properties":{"name":"แม่น้ำชี","osm_id":681304483,"direction":"downstream"},"geometry":{"type":"LineString","coordinates":[[103.36302,16.2202],[103.363,16.22216],[103.36189,16.22465],[103.36295,16.22662],[103.36648,16.2267],[103.36993,16.22385],[103.37053,16.2242],[103.37142,16.22853],[103.3728,16.23019],[103.37616,16.23014],[103.38139,16.22859],[103.38549,16.23298],[103.38329,16.23532],[103.38315,16.23789],[103.38442,16.23822],[103.38696,16.23661],[103.3886,16.2366],[103.39142,16.24122],[103.39294,16.24042],[103.39287,16.23547],[103.39497,16.23464],[103.40164,16.24442],[103.40299,16.24386],[103.40496,16.24072],[103.4063,16.23588],[103.40643,16.23243],[103.41252,16.23203],[103.41363,16.23089],[103.41461,16.22774],[103.41622,16.22658],[103.41818,16.22637],[103.4189,16.22757],[103.41807,16.22961],[103.41421,16.23299],[103.41448,16.23762],[103.41576,16.23941],[103.42245,16.23845],[103.42677,16.23695],[103.43207,16.23334],[103.4381,16.22479],[103.43941,16.22018],[103.44241,16.22192],[103.44319,16.22782],[103.4449,16.22935],[103.44724,16.22706],[103.44614,16.22199],[103.44796,16.2178],[103.44704,16.21694],[103.44362,16.21759],[103.44303,16.21622],[103.44416,16.21462],[103.44802,16.21356],[103.44836,16.21263],[103.44222,16.20997],[103.44032,16.20587],[103.44151,16.20491],[103.4505,16.20485],[103.44923,16.20213],[103.44496,16.1995],[103.44423,16.19811],[103.44598,16.19643],[103.45165,16.19577],[103.45593,16.19152],[103.45565,16.18996],[103.45406,16.18959],[103.44975,16.19201],[103.44807,16.19154],[103.45105,16.18713],[103.45167,16.18295],[103.45341,16.18175],[103.45559,16.18274],[103.45856,16.18715],[103.46497,16.19007],[103.4664,16.19367],[103.46775,16.19391],[103.4711,16.19234],[103.47223,16.19283],[103.47196,16.19768],[103.48004,16.20832],[103.48122,16.20797],[103.48233,16.20603],[103.48352,16.20537],[103.4868,16.20707],[103.48831,16.20709],[103.49065,16.20328],[103.49283,16.20259],[103.49558,16.20363],[103.49546,16.20712],[103.49606,16.2081],[103.50041,16.2072],[103.50343,16.20809],[103.50394,16.20696],[103.50064,16.20238],[103.5015,16.19992],[103.50917,16.19768],[103.51374,16.20032],[103.51662,16.19508],[103.5209,16.19554],[103.52213,16.19707],[103.5215,16.20154],[103.52583,16.20184],[103.52516,16.20654],[103.52942,16.20995],[103.53054,16.21308],[103.53079,16.21667],[103.53181,16.21867],[103.5334,16.22005],[103.53721,16.22057],[103.54011,16.22242],[103.54127,16.22115],[103.54124,16.21852],[103.53687,16.21654],[103.53503,16.21386],[103.53545,16.21238],[103.53727,16.21137],[103.54393,16.21364],[103.55344,16.21383],[103.55502,16.2151],[103.55541,16.21826],[103.55658,16.21927],[103.55891,16.21894],[103.56036,16.21791],[103.56031,16.21663],[103.55732,16.21419],[103.55451,16.20919],[103.55295,16.20822],[103.54894,16.20799],[103.54952,16.20486],[103.55129,16.20324],[103.55945,16.20311],[103.56897,16.20168],[103.58927,16.19434],[103.59423,16.19653],[103.59488,16.1987],[103.59464,16.20172],[103.59521,16.20237],[103.59657,16.20231],[103.59879,16.20056],[103.59743,16.19718],[103.59729,16.1942],[103.59814,16.19281],[103.59957,16.19243],[103.60653,16.19473],[103.60621,16.19908],[103.60727,16.20069],[103.60963,16.2009],[103.612,16.19911],[103.61329,16.19906],[103.61832,16.20219],[103.61949,16.20528],[103.61727,16.20715],[103.61389,16.20778],[103.61252,16.2088],[103.612,16.21052],[103.61318,16.21387],[103.61269,16.21513],[103.60175,16.21239],[103.60012,16.21325],[103.60016,16.21531],[103.60173,16.21631],[103.61011,16.21857],[103.61721,16.21762],[103.62877,16.20324],[103.63011,16.1989],[103.63142,16.1894],[103.63328,16.18773],[103.63668,16.18677],[103.63978,16.18806],[103.6417,16.19223],[103.644,16.19354],[103.64605,16.19311],[103.64915,16.18901],[103.65121,16.18851],[103.65137,16.19284],[103.65261,16.19796],[103.65217,16.20256],[103.65304,16.20397],[103.65528,16.203],[103.65623,16.19383],[103.66067,16.19267],[103.66253,16.19278],[103.66419,16.19441],[103.66597,16.19987],[103.66705,16.1997],[103.66851,16.19767],[103.66971,16.19737],[103.67583,16.20151],[103.67643,16.20323],[103.67561,16.20455],[103.67061,16.20473],[103.66749,16.20618],[103.66652,16.21158],[103.66536,16.2113],[103.66408,16.20891],[103.66288,16.20941],[103.66067,16.21564],[103.66478,16.2216],[103.66688,16.22175],[103.67099,16.22003],[103.67121,16.21846],[103.66916,16.21598],[103.66915,16.21461],[103.67419,16.21178],[103.67598,16.21228],[103.67624,16.21511],[103.67711,16.21627],[103.68162,16.216],[103.68579,16.21766],[103.68383,16.21199],[103.68537,16.21075],[103.68802,16.21187],[103.68954,16.21712],[103.69128,16.217],[103.69399,16.21465],[103.6961,16.21512],[103.69745,16.21767],[103.69626,16.2201]]}},{"type":"Feature","properties":{"name":"แม่น้ำวัง","osm_id":683076523,"direction":"downstream"},"geometry":{"type":"LineString","coordinates":[[99.12964,17.44238],[99.13107,17.43967],[99.13268,17.43885],[99.13347,17.43755],[99.13387,17.42811],[99.138,17.42337],[99.13808,17.42202],[99.1291,17.41761],[99.1192,17.41515],[99.11732,17.41351],[99.11781,17.41129],[99.12419,17.40668],[99.12737,17.4026],[99.12705,17.40137],[99.11832,17.40084],[99.11285,17.39899],[99.1081,17.40062],[99.10722,17.39898],[99.10767,17.39193],[99.10842,17.39054],[99.11411,17.38871],[99.12069,17.38855],[99.12173,17.38758],[99.11956,17.38464],[99.11289,17.38458],[99.11154,17.38349],[99.11117,17.38059],[99.11248,17.37417],[99.11304,17.36512],[99.11242,17.36148],[99.11063,17.3589],[99.10866,17.35888],[99.10399,17.36445],[99.09761,17.36973],[99.08698,17.37712],[99.0847,17.37711],[99.0796,17.37345],[99.07591,17.37195],[99.07492,17.37041],[99.07385,17.3652],[99.07514,17.36118],[99.07835,17.35866],[99.07938,17.35696],[99.07929,17.35304],[99.08381,17.3493]]}},{"type":"Feature","properties":{"name":"แม่น้ำวัง","osm_id":683287195,"direction":"downstream"},"geometry":{"type":"LineString","coordinates":[[99.08381,17.3493],[99.08662,17.34873],[99.08739,17.34783],[99.08738,17.34579],[99.0857,17.34257],[99.08586,17.34147],[99.08789,17.34027],[99.09098,17.34056],[99.09389,17.33757],[99.09337,17.33551],[99.09197,17.3328],[99.08965,17.33073],[99.08439,17.32868],[99.07893,17.32751],[99.07587,17.32956],[99.07405,17.32957],[99.07405,17.32879],[99.07668,17.32629]]}},{"type":"Feature","properties":{"name":"แม่น้ำวัง","osm_id":683468075,"direction":"downstream"},"geometry":{"type":"LineString","coordinates":[[99.08126,17.27364],[99.08529,17.26722],[99.08221,17.26686],[99.0801,17.26467],[99.07748,17.26434],[99.07638,17.26191],[99.08032,17.25795],[99.08684,17.25467],[99.08969,17.24891],[99.08974,17.24538],[99.0889,17.24231],[99.08758,17.24166],[99.08584,17.24304],[99.08472,17.2463],[99.08368,17.24722],[99.07819,17.24795],[99.0773,17.24707],[99.07736,17.24521],[99.07861,17.24326],[99.08428,17.23997],[99.08453,17.2391],[99.08129,17.23288],[99.07903,17.2304],[99.07587,17.23122],[99.07472,17.23088],[99.07317,17.22899],[99.07507,17.21478],[99.07753,17.21111],[99.08369,17.20761],[99.08949,17.20894],[99.09411,17.2082],[99.09543,17.21005],[99.09521,17.21334],[99.097,17.21379],[99.09792,17.21271],[99.09887,17.20773],[99.09746,17.20353],[99.09806,17.20085],[99.09677,17.19741],[99.097,17.19641],[99.09902,17.19634],[99.10051,17.19811],[99.10233,17.19836],[99.10339,17.19717],[99.10786,17.19548],[99.10779,17.19475],[99.09907,17.18844],[99.09481,17.18947],[99.09208,17.18896],[99.09003,17.18675],[99.08991,17.18536],[99.09389,17.17993],[99.09612,17.17812],[99.09743,17.17806],[99.09806,17.17986],[99.09976,17.18154],[99.10493,17.17951],[99.10543,17.17605],[99.10361,17.17396],[99.10375,17.17114],[99.10138,17.16833],[99.10629,17.16646],[99.10814,17.16439],[99.10479,17.15969],[99.10039,17.15982],[99.09763,17.16148],[99.09642,17.16146],[99.09663,17.15873],[99.09507,17.15743],[99.09482,17.15619],[99.09802,17.15485],[99.10118,17.15697],[99.1027,17.15665],[99.10312,17.15499],[99.10175,17.15116],[99.10263,17.14968],[99.10465,17.15075],[99.10547,17.15291],[99.11103,17.15283],[99.11234,17.15092],[99.11178,17.14899],[99.10901,17.14707],[99.10357,17.14574],[99.09994,17.14694],[99.0991,17.14648],[99.09913,17.14448],[99.10137,17.14221],[99.10225,17.13873],[99.10489,17.13575],[99.10147,17.13332],[99.09582,17.13113],[99.09324,17.13206],[99.09221,17.13382],[99.09118,17.1337],[99.08985,17.12878],[99.09153,17.12609],[99.0913,17.12311],[99.09066,17.12235],[99.08861,17.12201],[99.08615,17.1238],[99.0823,17.12336],[99.07908,17.12591],[99.07608,17.12356],[99.07451,17.1199],[99.07606,17.11676],[99.07814,17.11545],[99.07973,17.11598],[99.08294,17.11561],[99.08475,17.11684],[99.08496,17.11873],[99.08561,17.1191],[99.08625,17.11725],[99.08436,17.11467],[99.07981,17.11393],[99.07792,17.11221],[99.07533,17.11154],[99.07162,17.11196],[99.06902,17.1132],[99.06835,17.11688],[99.06492,17.12094],[99.06513,17.12205],[99.06764,17.12419],[99.06621,17.12435],[99.06415,17.12299],[99.05997,17.12376],[99.05944,17.12276],[99.05712,17.12168]]}},{"type":"Feature","properties":{"name":"แม่น้ำมูล","osm_id":688834165,"direction":"downstream"},"geometry":{"type":"LineString","coordinates":[[102.12419,14.45479],[102.13517,14.47333],[102.1507,14.48184],[102.15175,14.48411],[102.15098,14.4869],[102.15172,14.4877],[102.15281,14.48764],[102.15308,14.4887],[102.15161,14.4919],[102.15402,14.49139],[102.15416,14.49201],[102.15323,14.49225],[102.15355,14.49301],[102.1546,14.49316],[102.15502,14.49213],[102.15533,14.49313],[102.15618,14.49278],[102.15692,14.49359],[102.15747,14.49593],[102.15578,14.49659],[102.15693,14.49751],[102.15623,14.49896],[102.15751,14.49848],[102.1578,14.49907],[102.15665,14.5015],[102.15733,14.50299],[102.15617,14.50405],[102.15604,14.50615],[102.15718,14.50701],[102.15806,14.506],[102.1581,14.50776],[102.15954,14.50813],[102.15879,14.50914],[102.159,14.51026],[102.16219,14.51126],[102.16182,14.51232],[102.16276,14.51334],[102.16071,14.51413],[102.16314,14.51659],[102.1622,14.51671],[102.16256,14.51762],[102.16087,14.51804],[102.162,14.5195],[102.16183,14.52143],[102.16303,14.52199],[102.16329,14.52311],[102.16096,14.52493],[102.1624,14.52781],[102.16072,14.5285],[102.16113,14.52983],[102.15987,14.52995],[102.16054,14.53255],[102.16172,14.53333],[102.16021,14.535],[102.16438,14.53547],[102.16447,14.5365],[102.1665,14.53797],[102.16515,14.53803],[102.16501,14.54],[102.16331,14.5402],[102.1629,14.54111],[102.16404,14.54162],[102.16412,14.54402],[102.16518,14.54334],[102.16538,14.54857],[102.16641,14.54966],[102.16502,14.55003],[102.16489,14.55122],[102.16643,14.55142],[102.16577,14.55386],[102.16714,14.55593],[102.16807,14.5562],[102.16822,14.55714],[102.1671,14.55789],[102.16841,14.55809]]}},{"type":"Feature","properties":{"name":"แม่น้ำมูล","osm_id":688884506,"direction":"downstream"},"geometry":{"type":"LineString","coordinates":[[102.16841,14.55809],[102.1688,14.5605],[102.16958,14.56088],[102.16806,14.56258],[102.16864,14.56327],[102.16988,14.56291],[102.17137,14.56412],[102.17074,14.56503],[102.16977,14.56502],[102.1708,14.56641],[102.16987,14.56693],[102.17003,14.56834],[102.17097,14.56855],[102.17159,14.56726],[102.17451,14.57096],[102.17432,14.57224],[102.17273,14.57213],[102.17359,14.5733],[102.17316,14.57437],[102.1741,14.57486],[102.17239,14.57679],[102.17139,14.57655],[102.1713,14.5776],[102.17233,14.5777],[102.17166,14.57902],[102.17226,14.57929],[102.17449,14.57794],[102.17504,14.57911],[102.17362,14.57965],[102.17442,14.58094],[102.17398,14.58207],[102.17543,14.58214],[102.17591,14.58307],[102.17356,14.58544],[102.17306,14.58817],[102.17146,14.58707],[102.17044,14.58832],[102.17078,14.5906],[102.17247,14.59139],[102.16874,14.5928],[102.16942,14.59333],[102.17066,14.59286],[102.17083,14.59467],[102.16972,14.59527],[102.16864,14.59401],[102.16758,14.59424],[102.16949,14.59621],[102.16689,14.59983],[102.16695,14.60061],[102.16889,14.60124],[102.1685,14.60213],[102.1675,14.60227],[102.16773,14.60342],[102.16634,14.60521],[102.16782,14.60747],[102.16724,14.61045],[102.16561,14.61006],[102.1668,14.61199],[102.16542,14.61309],[102.16547,14.61168],[102.16279,14.61005],[102.16213,14.60718],[102.15981,14.60718],[102.15965,14.60808],[102.15864,14.60786],[102.1567,14.61004],[102.15806,14.61087],[102.15675,14.61167],[102.15764,14.61301],[102.15717,14.61531],[102.15521,14.61407],[102.15418,14.61423],[102.15423,14.61567],[102.15299,14.61577],[102.15178,14.61377],[102.15037,14.61501],[102.15317,14.61885],[102.1528,14.61944],[102.1514,14.61938],[102.15143,14.62145],[102.15228,14.62237],[102.15128,14.62426],[102.15166,14.62555],[102.15275,14.62612],[102.15181,14.6266],[102.15188,14.62756],[102.15339,14.62899],[102.15215,14.62934],[102.15116,14.63197],[102.15297,14.63254],[102.15306,14.63339],[102.15176,14.63341],[102.15166,14.63402],[102.15339,14.63481],[102.15319,14.63564],[102.15461,14.63671],[102.15296,14.63694],[102.15257,14.63811],[102.15405,14.63957],[102.15338,14.64109],[102.15245,14.64093],[102.15317,14.64243],[102.15202,14.64286],[102.15311,14.64407],[102.15217,14.64489],[102.15247,14.64587],[102.15116,14.64639],[102.15252,14.64805],[102.1528,14.65],[102.15131,14.65014],[102.15281,14.65321],[102.15184,14.65404],[102.15359,14.65497],[102.15367,14.65631],[102.15493,14.65652],[102.15451,14.65815],[102.15558,14.65831],[102.1568,14.6602],[102.1582,14.6601],[102.15763,14.66269],[102.15815,14.66352],[102.15978,14.66289],[102.15907,14.6617],[102.16102,14.66195],[102.16174,14.66118],[102.16331,14.66203],[102.16284,14.66332],[102.16599,14.66212],[102.16475,14.66447],[102.16809,14.66332],[102.16938,14.66425],[102.17011,14.66347],[102.17104,14.66373],[102.17056,14.66464],[102.17147,14.66575],[102.17313,14.66544],[102.17419,14.66695],[102.17421,14.66567],[102.17521,14.66506],[102.17553,14.66685],[102.17635,14.66681],[102.17676,14.66587]]}},{"type":"Feature","properties":{"name":"แม่น้ำมูล","osm_id":689053760,"direction":"downstream"},"geometry":{"type":"LineString","coordinates":[[102.17676,14.66587],[102.17704,14.66739],[102.17834,14.66727],[102.17898,14.66849],[102.18085,14.66853],[102.18304,14.66971],[102.18441,14.66901],[102.18459,14.67148],[102.18571,14.67209],[102.18664,14.67496],[102.18869,14.67411],[102.19156,14.67461],[102.19313,14.67784],[102.19257,14.68015],[102.19466,14.68053],[102.19231,14.6814],[102.19236,14.68268],[102.19447,14.68233],[102.19464,14.68428],[102.19781,14.68309],[102.19702,14.68645],[102.1994,14.68662],[102.19915,14.68746],[102.20116,14.68964],[102.20041,14.69053],[102.2018,14.69032],[102.20221,14.68923],[102.20235,14.69165],[102.20367,14.69019],[102.20563,14.68987],[102.20465,14.69383],[102.20623,14.69506],[102.20462,14.6953],[102.20711,14.69628],[102.2046,14.69689],[102.20557,14.69825],[102.20491,14.69901],[102.20686,14.69904],[102.20609,14.70491],[102.20742,14.70445],[102.20761,14.70679],[102.20665,14.70872],[102.20807,14.70977],[102.20651,14.71053],[102.2058,14.71018],[102.20636,14.7116],[102.20504,14.71113],[102.20439,14.71238],[102.20553,14.71432],[102.20808,14.71355],[102.20915,14.71489],[102.2085,14.71558],[102.2094,14.71705],[102.21076,14.71713],[102.21081,14.71947],[102.21191,14.722],[102.21132,14.72394],[102.21029,14.72439]]}},{"type":"Feature","properties":{"name":"แม่น้ำมูล","osm_id":689054101,"direction":"downstream"},"geometry":{"type":"LineString","coordinates":[[102.21029,14.72439],[102.20912,14.72789],[102.20862,14.72792],[102.20862,14.7265],[102.20618,14.7275],[102.20683,14.72915],[102.20609,14.72994],[102.20555,14.73006],[102.20543,14.72905],[102.2042,14.72963],[102.20498,14.73173],[102.20464,14.733],[102.20531,14.73323],[102.20443,14.73415],[102.20441,14.73629],[102.20239,14.73704],[102.20336,14.73816],[102.20285,14.73857],[102.20322,14.73927],[102.20499,14.74034],[102.20796,14.73918],[102.20745,14.74096],[102.20853,14.74077],[102.20919,14.74148],[102.20857,14.74266],[102.21198,14.7435],[102.21188,14.74516],[102.21029,14.74659],[102.21209,14.74664],[102.21206,14.74761],[102.21115,14.74794],[102.21178,14.74936],[102.21095,14.75145],[102.2119,14.75139],[102.21284,14.75238],[102.21209,14.75347],[102.21277,14.75439],[102.21229,14.75485],[102.21061,14.75404],[102.20896,14.75421],[102.20884,14.75497],[102.20996,14.75564],[102.20858,14.75674],[102.20999,14.75732],[102.20769,14.75826],[102.21,14.75948],[102.20883,14.76075],[102.21027,14.76308],[102.20855,14.76372],[102.20804,14.7647],[102.2104,14.765],[102.20939,14.76601],[102.20804,14.76561],[102.20735,14.7661],[102.2091,14.76743],[102.20843,14.76809],[102.20759,14.76778],[102.2065,14.77064],[102.20781,14.77183],[102.20511,14.77205],[102.20572,14.77369],[102.20472,14.77373],[102.20548,14.77482],[102.20384,14.77599],[102.20472,14.77737],[102.20279,14.77702],[102.20282,14.77817],[102.20392,14.77839],[102.20385,14.77893],[102.20165,14.78043],[102.20048,14.78028],[102.20147,14.78162],[102.20067,14.78216],[102.19955,14.78155],[102.20015,14.78536],[102.19899,14.7867],[102.20056,14.78724],[102.20081,14.78987],[102.19948,14.78961],[102.20084,14.79091],[102.201,14.79273],[102.20171,14.79329],[102.20065,14.79486],[102.20252,14.79399],[102.20358,14.79439],[102.20465,14.79789],[102.20429,14.79851],[102.20562,14.7975],[102.20688,14.79811],[102.20891,14.80111],[102.2103,14.80062],[102.20844,14.80322],[102.21043,14.80338],[102.21152,14.8055],[102.21304,14.8063],[102.21297,14.80739],[102.21446,14.80778],[102.21386,14.80971],[102.21202,14.80903],[102.21171,14.81079],[102.21054,14.81008],[102.21132,14.8117],[102.20973,14.81097],[102.21027,14.81386],[102.20844,14.81256],[102.20683,14.81309],[102.2058,14.81584],[102.20375,14.81498],[102.20291,14.82042],[102.20484,14.82006],[102.2052,14.82062],[102.20447,14.82229],[102.20308,14.82177],[102.20285,14.82229],[102.2039,14.82481],[102.20492,14.82538],[102.20397,14.82739],[102.20632,14.82735],[102.20692,14.82628],[102.2075,14.82651],[102.20785,14.82906],[102.20695,14.82977],[102.20747,14.83071],[102.2058,14.831],[102.20739,14.83127],[102.20645,14.83304],[102.20761,14.83488],[102.20642,14.83672],[102.20804,14.83865],[102.20585,14.8395],[102.20703,14.84091],[102.20574,14.84028],[102.20522,14.84069],[102.20547,14.84269],[102.20472,14.84429],[102.20354,14.84503],[102.20291,14.84369],[102.20171,14.84546],[102.20142,14.84856],[102.19904,14.85042],[102.19758,14.85007],[102.19706,14.8521],[102.19767,14.85254],[102.19892,14.85188],[102.1989,14.8535],[102.20021,14.85351],[102.20209,14.85519],[102.2014,14.85629],[102.20169,14.85923],[102.19981,14.8599],[102.20029,14.8611],[102.19962,14.86248],[102.20089,14.86312],[102.19992,14.86641],[102.20169,14.86758],[102.20019,14.86817],[102.19963,14.86937],[102.20072,14.86943],[102.20109,14.86863],[102.20292,14.86926],[102.20412,14.87177],[102.20568,14.87017],[102.20717,14.8724],[102.20543,14.87894],[102.20579,14.87946],[102.20678,14.87895],[102.20699,14.8801],[102.20536,14.8802],[102.20496,14.88105],[102.20562,14.88156],[102.20823,14.8813],[102.20728,14.88239],[102.20579,14.8823],[102.20574,14.88392],[102.20964,14.8841],[102.20902,14.8857],[102.21039,14.88561],[102.2108,14.88642],[102.20991,14.88721],[102.21193,14.88893],[102.21078,14.88988],[102.21337,14.88995],[102.21264,14.89258],[102.21333,14.89338],[102.21307,14.897],[102.21548,14.8987],[102.21698,14.89768],[102.21693,14.89947],[102.21828,14.90042],[102.2168,14.90183],[102.21725,14.90275],[102.21875,14.903],[102.21945,14.90411],[102.21934,14.9059],[102.22047,14.90695],[102.22285,14.9056],[102.22453,14.9027],[102.22491,14.90623],[102.22586,14.9068],[102.22583,14.90473],[102.22653,14.90452],[102.22722,14.90693],[102.22793,14.9073],[102.23075,14.9066],[102.23241,14.90715],[102.23316,14.90836],[102.23515,14.90916],[102.23768,14.91344]]}},{"type":"Feature","properties":{"name":"แม่น้ำโขง","osm_id":700506982,"direction":"downstream"},"geometry":{"type":"LineString","coordinates":[[100.16725,20.61038],[100.16602,20.5983],[100.16276,20.58421],[100.16062,20.57884],[100.1578,20.57445],[100.15612,20.56881],[100.15442,20.56576],[100.15337,20.55651],[100.15041,20.54429],[100.13944,20.51776],[100.1383,20.50391],[100.13563,20.49237],[100.13583,20.47711],[100.13495,20.4721],[100.12697,20.45914],[100.12211,20.44484],[100.11948,20.4393],[100.11844,20.43378],[100.11895,20.4276],[100.12374,20.4132],[100.12331,20.40671],[100.12053,20.4015],[100.10551,20.38336],[100.09666,20.37097],[100.08641,20.362],[100.08472,20.35588],[100.08465,20.35227]]}},{"type":"Feature","properties":{"name":"แม่น้ำโขง","osm_id":700506983,"direction":"downstream"},"geometry":{"type":"LineString","coordinates":[[100.57765,20.16901],[100.58578,20.15928],[100.58768,20.15362],[100.59014,20.13874],[100.5889,20.1255],[100.59208,20.11306],[100.59161,20.09818],[100.59296,20.0935],[100.59365,20.08703],[100.59309,20.07682],[100.58707,20.05147],[100.5857,20.0494],[100.58536,20.04735],[100.5859,20.04384],[100.5844,20.03509],[100.58503,20.026],[100.58461,20.00744],[100.58332,20.00215],[100.58336,19.99743],[100.58113,19.98329],[100.57913,19.97864],[100.5784,19.97483],[100.57845,19.96556],[100.5818,19.95657],[100.58099,19.94913],[100.58217,19.93822],[100.58027,19.92877],[100.57586,19.92118],[100.57561,19.91903],[100.58172,19.89393],[100.57986,19.88076],[100.58168,19.87757],[100.58663,19.87534],[100.58746,19.8705],[100.58582,19.86355],[100.5809,19.85656],[100.57671,19.84595],[100.57658,19.84119],[100.57847,19.83498],[100.57773,19.83077],[100.57853,19.82754],[100.58539,19.81949],[100.59432,19.81328],[100.59711,19.81187],[100.60103,19.81159],[100.60908,19.80898],[100.61457,19.80977],[100.62554,19.81355],[100.62823,19.81341],[100.63509,19.81507],[100.64799,19.82049],[100.65924,19.816],[100.66937,19.81592],[100.67489,19.8169],[100.68254,19.81969],[100.69437,19.82891],[100.70979,19.83627],[100.71681,19.84215],[100.728,19.85474],[100.73488,19.86028],[100.73871,19.86247],[100.74891,19.86534],[100.76088,19.87254]]}},{"type":"Feature","properties":{"name":"แม่น้ำโขง","osm_id":700506984,"direction":"downstream"},"geometry":{"type":"LineString","coordinates":[[101.50459,17.85605],[101.51442,17.86262],[101.5257,17.87445],[101.53009,17.87807],[101.53634,17.87993],[101.539,17.87946],[101.54153,17.87791],[101.54346,17.87584],[101.54437,17.87348],[101.54436,17.86677],[101.54046,17.85753],[101.5329,17.84637],[101.52972,17.83897],[101.52846,17.83316],[101.52887,17.8262],[101.53023,17.82179],[101.53196,17.81916],[101.5345,17.81684],[101.53852,17.81505],[101.54372,17.81574],[101.54944,17.81905],[101.55126,17.82107]]}},{"type":"Feature","properties":{"name":"แม่น้ำโขง","osm_id":700506985,"direction":"downstream"},"geometry":{"type":"LineString","coordinates":[[105.57458,15.32909],[105.58797,15.33327]]}},{"type":"Feature","properties":{"name":"แม่น้ำยม","osm_id":705400074,"direction":"downstream"},"geometry":{"type":"LineString","coordinates":[[99.64115,17.72318],[99.64506,17.72325],[99.64725,17.72132],[99.64891,17.72119],[99.65058,17.72289],[99.65209,17.72729],[99.65462,17.73074],[99.66011,17.73311],[99.66298,17.73532],[99.66606,17.73504],[99.66883,17.73256],[99.67132,17.72786],[99.67017,17.72698],[99.66584,17.72715],[99.66262,17.72573],[99.66036,17.72349],[99.66021,17.72129],[99.66251,17.72047],[99.6653,17.72238],[99.67002,17.72053],[99.67292,17.71841],[99.67444,17.71576],[99.67517,17.71155],[99.68029,17.70572],[99.68145,17.70095],[99.6845,17.701],[99.68742,17.70375],[99.69102,17.70231],[99.68987,17.69838],[99.69035,17.69568],[99.69155,17.69393],[99.70053,17.69154],[99.70554,17.69198],[99.70718,17.69141],[99.70802,17.68985],[99.70776,17.68851],[99.70265,17.68514]]}},{"type":"Feature","properties":{"name":"แม่น้ำยม","osm_id":705400075,"direction":"downstream"},"geometry":{"type":"LineString","coordinates":[[99.66251,17.72047],[99.66809,17.72125]]}},{"type":"Feature","properties":{"name":"แม่น้ำยม","osm_id":705738337,"direction":"downstream"},"geometry":{"type":"LineString","coordinates":[[99.70265,17.68514],[99.69982,17.67723],[99.68598,17.67125],[99.68792,17.66747],[99.68495,17.66276],[99.6825,17.65309],[99.68672,17.65056],[99.68732,17.64914],[99.68646,17.64819],[99.68273,17.6479],[99.68126,17.64682],[99.68148,17.64254],[99.67971,17.63825],[99.68079,17.63539],[99.68554,17.62906],[99.68682,17.62889],[99.69081,17.63063],[99.69442,17.62775],[99.69733,17.62782],[99.69972,17.62674],[99.70048,17.62538],[99.70011,17.62174],[99.70204,17.61873]]}},{"type":"Feature","properties":{"name":"แม่น้ำป่าสัก","osm_id":772283827,"direction":"downstream"},"geometry":{"type":"LineString","coordinates":[[100.75916,14.5581],[100.75673,14.55592],[100.75473,14.55661]]}},{"type":"Feature","properties":{"name":"แม่น้ำป่าสัก","osm_id":772283835,"direction":"downstream"},"geometry":{"type":"LineString","coordinates":[[100.67266,14.49938],[100.66932,14.49912],[100.66449,14.50043],[100.6618,14.49795],[100.65569,14.49519],[100.65451,14.49555],[100.65295,14.49738],[100.65232,14.5014],[100.65327,14.50389],[100.65305,14.50536],[100.65094,14.50904],[100.64939,14.51054],[100.64679,14.51066],[100.64543,14.50989],[100.64486,14.50782]]}},{"type":"Feature","properties":{"name":"แม่น้ำป่าสัก","osm_id":772283838,"direction":"downstream"},"geometry":{"type":"LineString","coordinates":[[101.04277,15.02178],[101.05683,14.98017],[101.05685,14.97511],[101.05798,14.97456],[101.05967,14.97647],[101.06127,14.97706],[101.06165,14.97622],[101.0603,14.97359],[101.0607,14.97137],[101.06267,14.97062],[101.06697,14.97157],[101.06823,14.96972],[101.06663,14.96592],[101.06153,14.96055],[101.06026,14.96034],[101.05986,14.96242],[101.05693,14.96136],[101.05544,14.9558],[101.05325,14.95541],[101.04831,14.95623],[101.04516,14.95543],[101.04357,14.95269],[101.04361,14.94929],[101.04423,14.94828],[101.04649,14.94741],[101.05605,14.94768],[101.05933,14.94667],[101.06177,14.94504],[101.06343,14.93978],[101.08232,14.90371],[101.08142,14.89371],[101.07119,14.86955],[101.06604,14.86248],[101.06607,14.86168]]}},{"type":"Feature","properties":{"name":"แม่น้ำป่าสัก","osm_id":781577760,"direction":"downstream"},"geometry":{"type":"LineString","coordinates":[[100.58078,14.37579],[100.57927,14.37225]]}},{"type":"Feature","properties":{"name":"แม่น้ำเจ้าพระยา","osm_id":781577785,"direction":"downstream"},"geometry":{"type":"LineString","coordinates":[[100.57638,14.33443],[100.5752,14.32898]]}},{"type":"Feature","properties":{"name":"แม่น้ำลพบุรี","osm_id":781577825,"direction":"downstream"},"geometry":{"type":"LineString","coordinates":[[100.57343,14.37536],[100.57647,14.37181]]}},{"type":"Feature","properties":{"name":"แม่น้ำลพบุรี","osm_id":781577828,"direction":"downstream"},"geometry":{"type":"LineString","coordinates":[[100.57647,14.37181],[100.57704,14.37074]]}},{"type":"Feature","properties":{"name":"แม่น้ำป่าสัก","osm_id":781577829,"direction":"downstream"},"geometry":{"type":"LineString","coordinates":[[100.57927,14.37225],[100.58089,14.36605],[100.57993,14.36399]]}},{"type":"Feature","properties":{"name":"แม่น้ำป่าสัก","osm_id":781577834,"direction":"downstream"},"geometry":{"type":"LineString","coordinates":[[100.57993,14.36399],[100.58039,14.36247]]}},{"type":"Feature","properties":{"name":"แม่น้ำป่าสัก","osm_id":781577836,"direction":"downstream"},"geometry":{"type":"LineString","coordinates":[[100.58188,14.34738],[100.58097,14.34497],[100.57638,14.34493]]}},{"type":"Feature","properties":{"name":"แม่น้ำลพบุรี","osm_id":781577837,"direction":"downstream"},"geometry":{"type":"LineString","coordinates":[[100.57421,14.36733],[100.57583,14.3662]]}},{"type":"Feature","properties":{"name":"แม่น้ำเจ้าพระยา","osm_id":781577838,"direction":"downstream"},"geometry":{"type":"LineString","coordinates":[[100.57195,14.32114],[100.57166,14.32036]]}},{"type":"Feature","properties":{"name":"แม่น้ำเจ้าพระยา","osm_id":781577839,"direction":"downstream"},"geometry":{"type":"LineString","coordinates":[[100.57667,14.3368],[100.57638,14.33443]]}},{"type":"Feature","properties":{"name":"แม่น้ำเจ้าพระยา","osm_id":781577840,"direction":"downstream"},"geometry":{"type":"LineString","coordinates":[[100.54562,14.35742],[100.54721,14.35607]]}},{"type":"Feature","properties":{"name":"แม่น้ำเจ้าพระยา","osm_id":781577841,"direction":"downstream"},"geometry":{"type":"LineString","coordinates":[[100.57638,14.34493],[100.57632,14.34289]]}},{"type":"Feature","properties":{"name":"แม่น้ำเจ้าพระยา","osm_id":781577842,"direction":"downstream"},"geometry":{"type":"LineString","coordinates":[[100.5744,14.34725],[100.57597,14.3459]]}},{"type":"Feature","properties":{"name":"แม่น้ำเจ้าพระยา","osm_id":781577843,"direction":"downstream"},"geometry":{"type":"LineString","coordinates":[[100.55328,14.33946],[100.55731,14.34027]]}},{"type":"Feature","properties":{"name":"แม่น้ำเจ้าพระยา","osm_id":781577844,"direction":"downstream"},"geometry":{"type":"LineString","coordinates":[[100.54647,14.33973],[100.54744,14.33953]]}},{"type":"Feature","properties":{"name":"แม่น้ำเจ้าพระยา","osm_id":781577845,"direction":"downstream"},"geometry":{"type":"LineString","coordinates":[[100.53558,14.36367],[100.54057,14.36101]]}},{"type":"Feature","properties":{"name":"แม่น้ำเจ้าพระยา","osm_id":781577846,"direction":"downstream"},"geometry":{"type":"LineString","coordinates":[[100.54721,14.35607],[100.54759,14.35486],[100.54688,14.35309]]}},{"type":"Feature","properties":{"name":"แม่น้ำลพบุรี","osm_id":781848053,"direction":"downstream"},"geometry":{"type":"LineString","coordinates":[[100.56265,14.3973],[100.56415,14.39304],[100.56683,14.38866]]}},{"type":"Feature","properties":{"name":"แม่น้ำเจ้าพระยา","osm_id":781848064,"direction":"downstream"},"geometry":{"type":"LineString","coordinates":[[100.52536,14.37258],[100.5257,14.37067]]}},{"type":"Feature","properties":{"name":"แม่น้ำเจ้าพระยา","osm_id":781848075,"direction":"downstream"},"geometry":{"type":"LineString","coordinates":[[100.56627,14.30392],[100.56532,14.2998]]}},{"type":"Feature","properties":{"name":"แม่น้ำเจ้าพระยา","osm_id":781848077,"direction":"downstream"},"geometry":{"type":"LineString","coordinates":[[100.56785,14.31325],[100.56707,14.30951]]}},{"type":"Feature","properties":{"name":"แม่น้ำลพบุรี","osm_id":782165885,"direction":"downstream"},"geometry":{"type":"LineString","coordinates":[[100.5586,14.40489],[100.55979,14.40397]]}},{"type":"Feature","properties":{"name":"แม่น้ำเจ้าพระยา","osm_id":783824641,"direction":"downstream"},"geometry":{"type":"LineString","coordinates":[[100.4899,13.74496],[100.49203,13.74231]]}},{"type":"Feature","properties":{"name":"แม่น้ำเจ้าพระยา","osm_id":783824642,"direction":"downstream"},"geometry":{"type":"LineString","coordinates":[[100.4898,13.7451],[100.4899,13.74496]]}},{"type":"Feature","properties":{"name":"แม่น้ำเจ้าพระยา","osm_id":783824643,"direction":"downstream"},"geometry":{"type":"LineString","coordinates":[[100.48957,13.74545],[100.48969,13.74527]]}},{"type":"Feature","properties":{"name":"แม่น้ำเจ้าพระยา","osm_id":783824644,"direction":"downstream"},"geometry":{"type":"LineString","coordinates":[[100.48969,13.74527],[100.4898,13.7451]]}},{"type":"Feature","properties":{"name":"แม่น้ำเจ้าพระยา","osm_id":784180121,"direction":"downstream"},"geometry":{"type":"LineString","coordinates":[[100.48937,13.76018],[100.48775,13.75569],[100.48822,13.74809]]}},{"type":"Feature","properties":{"name":"แม่น้ำเจ้าพระยา","osm_id":784180122,"direction":"downstream"},"geometry":{"type":"LineString","coordinates":[[100.49108,13.7619],[100.48988,13.76085]]}},{"type":"Feature","properties":{"name":"แม่น้ำเจ้าพระยา","osm_id":787931157,"direction":"downstream"},"geometry":{"type":"LineString","coordinates":[[100.58752,13.60939],[100.59029,13.60738],[100.59151,13.60536],[100.59262,13.59972],[100.59054,13.59052],[100.58825,13.58646]]}},{"type":"Feature","properties":{"name":"แม่น้ำเจ้าพระยา","osm_id":788585993,"direction":"downstream"},"geometry":{"type":"LineString","coordinates":[[100.57391,14.22929],[100.57013,14.21391]]}},{"type":"Feature","properties":{"name":"แม่น้ำเจ้าพระยา","osm_id":788586000,"direction":"downstream"},"geometry":{"type":"LineString","coordinates":[[100.57702,14.27864],[100.57651,14.27254]]}},{"type":"Feature","properties":{"name":"แม่น้ำเจ้าพระยา","osm_id":788586013,"direction":"downstream"},"geometry":{"type":"LineString","coordinates":[[100.56842,14.28461],[100.57546,14.27998]]}},{"type":"Feature","properties":{"name":"แม่น้ำเจ้าพระยา","osm_id":788586018,"direction":"downstream"},"geometry":{"type":"LineString","coordinates":[[100.56699,14.20703],[100.56001,14.19703],[100.55398,14.1946],[100.54463,14.19229],[100.54172,14.19246],[100.53356,14.19516]]}},{"type":"Feature","properties":{"name":"แม่น้ำเจ้าพระยา","osm_id":788586070,"direction":"downstream"},"geometry":{"type":"LineString","coordinates":[[100.57651,14.27254],[100.57714,14.26964],[100.58274,14.25918]]}},{"type":"Feature","properties":{"name":"แม่น้ำเจ้าพระยา","osm_id":788586071,"direction":"downstream"},"geometry":{"type":"LineString","coordinates":[[100.58274,14.25918],[100.58144,14.25337]]}},{"type":"Feature","properties":{"name":"แม่น้ำเจ้าพระยา","osm_id":788586072,"direction":"downstream"},"geometry":{"type":"LineString","coordinates":[[100.57546,14.27998],[100.57702,14.27864]]}},{"type":"Feature","properties":{"name":"แม่น้ำเจ้าพระยา","osm_id":788586073,"direction":"downstream"},"geometry":{"type":"LineString","coordinates":[[100.56532,14.2998],[100.56404,14.29406],[100.56408,14.29043],[100.56513,14.2877],[100.56842,14.28461]]}},{"type":"Feature","properties":{"name":"แม่น้ำเจ้าพระยา","osm_id":788586095,"direction":"downstream"},"geometry":{"type":"LineString","coordinates":[[100.57958,14.24413],[100.576,14.23646],[100.57391,14.22929]]}},{"type":"Feature","properties":{"name":"แม่น้ำเจ้าพระยา","osm_id":788586102,"direction":"downstream"},"geometry":{"type":"LineString","coordinates":[[100.5322,14.19564],[100.51575,14.20231],[100.51335,14.20236],[100.50771,14.20075]]}},{"type":"Feature","properties":{"name":"แม่น้ำเจ้าพระยา","osm_id":789326175,"direction":"downstream"},"geometry":{"type":"LineString","coordinates":[[100.57013,14.21391],[100.56986,14.21319]]}},{"type":"Feature","properties":{"name":"แม่น้ำเจ้าพระยา","osm_id":789326184,"direction":"downstream"},"geometry":{"type":"LineString","coordinates":[[100.58131,14.25265],[100.57958,14.24413]]}},{"type":"Feature","properties":{"name":"แม่น้ำเจ้าพระยา","osm_id":790019473,"direction":"downstream"},"geometry":{"type":"LineString","coordinates":[[100.57958,14.24413],[100.58135,14.2422],[100.58112,14.23843],[100.57508,14.22795],[100.57339,14.22674]]}},{"type":"Feature","properties":{"name":"แม่น้ำน้อย","osm_id":790466694,"direction":"downstream"},"geometry":{"type":"LineString","coordinates":[[100.48683,14.29595],[100.48821,14.2905],[100.48848,14.28271],[100.48748,14.27748],[100.48524,14.27268]]}},{"type":"Feature","properties":{"name":"แม่น้ำน้อย","osm_id":790466697,"direction":"downstream"},"geometry":{"type":"LineString","coordinates":[[100.48335,14.26441],[100.48432,14.25637],[100.4816,14.24606],[100.48108,14.23999]]}},{"type":"Feature","properties":{"name":"แม่น้ำน้อย","osm_id":790466726,"direction":"downstream"},"geometry":{"type":"LineString","coordinates":[[100.48255,14.23682],[100.48418,14.23405],[100.48432,14.2313]]}},{"type":"Feature","properties":{"name":"แม่น้ำน้อย","osm_id":790466734,"direction":"downstream"},"geometry":{"type":"LineString","coordinates":[[100.49008,14.22099],[100.49241,14.21756]]}},{"type":"Feature","properties":{"name":"แม่น้ำน้อย","osm_id":790466735,"direction":"downstream"},"geometry":{"type":"LineString","coordinates":[[100.48108,14.23999],[100.48255,14.23682]]}},{"type":"Feature","properties":{"name":"แม่น้ำน้อย","osm_id":790466737,"direction":"downstream"},"geometry":{"type":"LineString","coordinates":[[100.48432,14.2313],[100.48521,14.2273],[100.49008,14.22099]]}},{"type":"Feature","properties":{"name":"แม่น้ำเจ้าพระยา","osm_id":790466742,"direction":"downstream"},"geometry":{"type":"LineString","coordinates":[[100.50771,14.20075],[100.50415,14.19274],[100.50386,14.184]]}},{"type":"Feature","properties":{"name":"แม่น้ำน้อย","osm_id":790466743,"direction":"downstream"},"geometry":{"type":"LineString","coordinates":[[100.49241,14.21756],[100.49449,14.21492],[100.49619,14.21391],[100.4983,14.21376],[100.50195,14.21493],[100.50391,14.21394],[100.50488,14.21121],[100.50411,14.20468],[100.50518,14.2028],[100.50771,14.20075]]}},{"type":"Feature","properties":{"name":"แม่น้ำเจ้าพระยา","osm_id":790466762,"direction":"downstream"},"geometry":{"type":"LineString","coordinates":[[100.5042,14.17833],[100.50472,14.17325],[100.50725,14.16558]]}},{"type":"Feature","properties":{"name":"แม่น้ำเจ้าพระยา","osm_id":790466766,"direction":"downstream"},"geometry":{"type":"LineString","coordinates":[[100.5137,14.15288],[100.5169,14.14365]]}},{"type":"Feature","properties":{"name":"แม่น้ำเจ้าพระยา","osm_id":790466776,"direction":"downstream"},"geometry":{"type":"LineString","coordinates":[[100.50725,14.16558],[100.51107,14.15915],[100.5137,14.15288]]}},{"type":"Feature","properties":{"name":"แม่น้ำเจ้าพระยา","osm_id":790466779,"direction":"downstream"},"geometry":{"type":"LineString","coordinates":[[100.5169,14.14365],[100.5179,14.14102]]}},{"type":"Feature","properties":{"name":"แม่น้ำเจ้าพระยา","osm_id":790466782,"direction":"downstream"},"geometry":{"type":"LineString","coordinates":[[100.53806,14.11763],[100.54567,14.11454],[100.54792,14.11278],[100.54938,14.11036]]}},{"type":"Feature","properties":{"name":"แม่น้ำน้อย","osm_id":790741322,"direction":"downstream"},"geometry":{"type":"LineString","coordinates":[[100.45642,14.30361],[100.45779,14.30086],[100.45937,14.29962],[100.46518,14.29736]]}},{"type":"Feature","properties":{"name":"แม่น้ำน้อย","osm_id":790741325,"direction":"downstream"},"geometry":{"type":"LineString","coordinates":[[100.45131,14.32287],[100.45113,14.31933],[100.45479,14.31045],[100.45642,14.30361]]}},{"type":"Feature","properties":{"name":"แม่น้ำน้อย","osm_id":790741331,"direction":"downstream"},"geometry":{"type":"LineString","coordinates":[[100.46518,14.29736],[100.47051,14.29455]]}},{"type":"Feature","properties":{"name":"แม่น้ำน้อย","osm_id":790741332,"direction":"downstream"},"geometry":{"type":"LineString","coordinates":[[100.47051,14.29455],[100.47259,14.2938],[100.47599,14.29387],[100.48149,14.29899],[100.48324,14.29932],[100.48454,14.29895],[100.48683,14.29595]]}},{"type":"Feature","properties":{"name":"แม่น้ำลพบุรี","osm_id":791080498,"direction":"downstream"},"geometry":{"type":"LineString","coordinates":[[100.54389,14.46418],[100.54467,14.45748],[100.54351,14.45195],[100.54503,14.44711]]}},{"type":"Feature","properties":{"name":"แม่น้ำลพบุรี","osm_id":791080503,"direction":"downstream"},"geometry":{"type":"LineString","coordinates":[[100.54503,14.44711],[100.54632,14.4434],[100.54701,14.43818]]}},{"type":"Feature","properties":{"name":"แม่น้ำลพบุรี","osm_id":791080504,"direction":"downstream"},"geometry":{"type":"LineString","coordinates":[[100.55226,14.47655],[100.55119,14.47482],[100.54766,14.47349],[100.546,14.47193],[100.54389,14.46418]]}},{"type":"Feature","properties":{"name":"แม่น้ำลพบุรี","osm_id":791080528,"direction":"downstream"},"geometry":{"type":"LineString","coordinates":[[100.55765,14.43054],[100.55778,14.42932]]}},{"type":"Feature","properties":{"name":"แม่น้ำลพบุรี","osm_id":791080530,"direction":"downstream"},"geometry":{"type":"LineString","coordinates":[[100.54701,14.43818],[100.5527,14.43567],[100.55765,14.43054]]}},{"type":"Feature","properties":{"name":"แม่น้ำลพบุรี","osm_id":791080531,"direction":"downstream"},"geometry":{"type":"LineString","coordinates":[[100.55638,14.42165],[100.5586,14.40489]]}},{"type":"Feature","properties":{"name":"แม่น้ำเจ้าพระยา","osm_id":791080559,"direction":"downstream"},"geometry":{"type":"LineString","coordinates":[[100.46754,14.4422],[100.47001,14.43922],[100.46661,14.43177],[100.46643,14.42957],[100.46742,14.42816],[100.47129,14.4264],[100.4739,14.42672],[100.47637,14.42917],[100.48093,14.42991],[100.48202,14.42946],[100.4841,14.42616]]}},{"type":"Feature","properties":{"name":"แม่น้ำเจ้าพระยา","osm_id":791080564,"direction":"downstream"},"geometry":{"type":"LineString","coordinates":[[100.4841,14.42616],[100.48732,14.42506],[100.4901,14.42151],[100.49209,14.42127],[100.49454,14.41851],[100.49664,14.41741],[100.49688,14.41533],[100.50017,14.41127],[100.5017,14.40794]]}},{"type":"Feature","properties":{"name":"แม่น้ำเจ้าพระยา","osm_id":791080566,"direction":"downstream"},"geometry":{"type":"LineString","coordinates":[[100.51781,14.39139],[100.5178,14.38865],[100.52069,14.38507],[100.52139,14.38224],[100.52499,14.37649],[100.52536,14.37258]]}},{"type":"Feature","properties":{"name":"แม่น้ำน้อย","osm_id":791080594,"direction":"downstream"},"geometry":{"type":"LineString","coordinates":[[100.42859,14.32887],[100.4303,14.32928],[100.43231,14.32802],[100.43436,14.32786]]}},{"type":"Feature","properties":{"name":"แม่น้ำน้อย","osm_id":791080596,"direction":"downstream"},"geometry":{"type":"LineString","coordinates":[[100.43436,14.32786],[100.439,14.33006],[100.44266,14.32997],[100.44824,14.32731],[100.45128,14.32913]]}},{"type":"Feature","properties":{"name":"แม่น้ำน้อย","osm_id":791080605,"direction":"downstream"},"geometry":{"type":"LineString","coordinates":[[100.45128,14.32913],[100.45187,14.32684],[100.4515,14.32386]]}},{"type":"Feature","properties":{"name":"แม่น้ำป่าสัก","osm_id":792228642,"direction":"downstream"},"geometry":{"type":"LineString","coordinates":[[100.64486,14.50782],[100.64399,14.50216],[100.64725,14.49725]]}},{"type":"Feature","properties":{"name":"แม่น้ำป่าสัก","osm_id":792228644,"direction":"downstream"},"geometry":{"type":"LineString","coordinates":[[100.64725,14.49725],[100.6473,14.49393],[100.6462,14.493],[100.64427,14.49305],[100.63826,14.50045],[100.63364,14.50323],[100.63043,14.50323],[100.62934,14.50214],[100.62945,14.49857],[100.62879,14.49757],[100.62297,14.49299],[100.62088,14.48958]]}},{"type":"Feature","properties":{"name":"แม่น้ำป่าสัก","osm_id":792228662,"direction":"downstream"},"geometry":{"type":"LineString","coordinates":[[100.62103,14.48823],[100.62251,14.48487],[100.62192,14.47498],[100.62118,14.47415],[100.61714,14.47368],[100.6138,14.47224],[100.61146,14.47041]]}},{"type":"Feature","properties":{"name":"แม่น้ำป่าสัก","osm_id":792228684,"direction":"downstream"},"geometry":{"type":"LineString","coordinates":[[100.60147,14.4453],[100.60035,14.44268],[100.60057,14.43977],[100.59913,14.43668]]}},{"type":"Feature","properties":{"name":"แม่น้ำป่าสัก","osm_id":792228685,"direction":"downstream"},"geometry":{"type":"LineString","coordinates":[[100.60361,14.4521],[100.60618,14.45102],[100.60652,14.44877],[100.60564,14.44756],[100.60147,14.4453]]}},{"type":"Feature","properties":{"name":"แม่น้ำป่าสัก","osm_id":792228693,"direction":"downstream"},"geometry":{"type":"LineString","coordinates":[[100.59843,14.43512],[100.59912,14.43277]]}},{"type":"Feature","properties":{"name":"แม่น้ำป่าสัก","osm_id":792228694,"direction":"downstream"},"geometry":{"type":"LineString","coordinates":[[100.59912,14.43277],[100.59782,14.43105],[100.59772,14.42564],[100.59643,14.41894],[100.58542,14.40154],[100.58208,14.39863]]}},{"type":"Feature","properties":{"name":"แม่น้ำลพบุรี","osm_id":792946451,"direction":"downstream"},"geometry":{"type":"LineString","coordinates":[[100.54475,14.59421],[100.54553,14.59341]]}},{"type":"Feature","properties":{"name":"แม่น้ำลพบุรี","osm_id":792946457,"direction":"downstream"},"geometry":{"type":"LineString","coordinates":[[100.54552,14.59332],[100.53385,14.58969]]}},{"type":"Feature","properties":{"name":"แม่น้ำลพบุรี","osm_id":792946458,"direction":"downstream"},"geometry":{"type":"LineString","coordinates":[[100.53385,14.58969],[100.53188,14.58749],[100.53077,14.58492],[100.5317,14.58112],[100.53144,14.57889],[100.53278,14.57545],[100.52998,14.57322],[100.53001,14.5719],[100.53775,14.57106],[100.54019,14.56965]]}},{"type":"Feature","properties":{"name":"แม่น้ำป่าสัก","osm_id":792946498,"direction":"downstream"},"geometry":{"type":"LineString","coordinates":[[100.75473,14.55661],[100.75414,14.55989]]}},{"type":"Feature","properties":{"name":"แม่น้ำป่าสัก","osm_id":792946499,"direction":"downstream"},"geometry":{"type":"LineString","coordinates":[[100.75414,14.55989],[100.75225,14.5642],[100.75099,14.56506],[100.74996,14.56489],[100.7474,14.56192],[100.74183,14.55807],[100.74083,14.55837],[100.73986,14.56232],[100.73853,14.56402],[100.73212,14.56477]]}},{"type":"Feature","properties":{"name":"แม่น้ำป่าสัก","osm_id":792946505,"direction":"downstream"},"geometry":{"type":"LineString","coordinates":[[100.77738,14.55735],[100.77301,14.55835],[100.77115,14.56073],[100.76891,14.56181],[100.76775,14.56162],[100.76469,14.55912],[100.75916,14.5581]]}},{"type":"Feature","properties":{"name":"แม่น้ำป่าสัก","osm_id":792946507,"direction":"downstream"},"geometry":{"type":"LineString","coordinates":[[100.73212,14.56477],[100.72777,14.56424],[100.72656,14.55935]]}},{"type":"Feature","properties":{"name":"แม่น้ำป่าสัก","osm_id":792946517,"direction":"downstream"},"geometry":{"type":"LineString","coordinates":[[100.72656,14.55935],[100.72547,14.55852],[100.7234,14.55841],[100.71847,14.56027],[100.71717,14.55952],[100.71659,14.55794]]}},{"type":"Feature","properties":{"name":"แม่น้ำป่าสัก","osm_id":792946522,"direction":"downstream"},"geometry":{"type":"LineString","coordinates":[[100.707,14.543],[100.707,14.54169],[100.70867,14.53865]]}},{"type":"Feature","properties":{"name":"แม่น้ำป่าสัก","osm_id":792946523,"direction":"downstream"},"geometry":{"type":"LineString","coordinates":[[100.70867,14.53865],[100.7083,14.53788],[100.70671,14.53762],[100.69906,14.54013],[100.69792,14.53994],[100.69755,14.53896],[100.69869,14.53665],[100.70255,14.53184],[100.70258,14.53086],[100.6997,14.52845],[100.69805,14.52854],[100.69547,14.53144],[100.69106,14.53218]]}},{"type":"Feature","properties":{"name":"แม่น้ำป่าสัก","osm_id":792946542,"direction":"downstream"},"geometry":{"type":"LineString","coordinates":[[100.69106,14.53218],[100.68849,14.53213],[100.68416,14.52881]]}},{"type":"Feature","properties":{"name":"แม่น้ำป่าสัก","osm_id":792946543,"direction":"downstream"},"geometry":{"type":"LineString","coordinates":[[100.68416,14.52881],[100.67935,14.52698],[100.67894,14.52571],[100.67964,14.52441]]}},{"type":"Feature","properties":{"name":"แม่น้ำป่าสัก","osm_id":792946544,"direction":"downstream"},"geometry":{"type":"LineString","coordinates":[[100.67964,14.52441],[100.67996,14.52261],[100.67802,14.52006],[100.67288,14.521],[100.669,14.51793],[100.66459,14.51581],[100.66281,14.514]]}},{"type":"Feature","properties":{"name":"แม่น้ำป่าสัก","osm_id":792946552,"direction":"downstream"},"geometry":{"type":"LineString","coordinates":[[100.66281,14.514],[100.66198,14.51222],[100.66236,14.5099],[100.66526,14.50784],[100.66875,14.5039]]}},{"type":"Feature","properties":{"name":"แม่น้ำป่าสัก","osm_id":792946553,"direction":"downstream"},"geometry":{"type":"LineString","coordinates":[[100.66875,14.5039],[100.67281,14.50124],[100.67266,14.49938]]}},{"type":"Feature","properties":{"name":"แม่น้ำน้อย","osm_id":794371240,"direction":"downstream"},"geometry":{"type":"LineString","coordinates":[[100.40206,14.38618],[100.40394,14.37943]]}},{"type":"Feature","properties":{"name":"แม่น้ำน้อย","osm_id":794371242,"direction":"downstream"},"geometry":{"type":"LineString","coordinates":[[100.40394,14.37943],[100.40845,14.37404],[100.41363,14.37176],[100.4152,14.37018]]}},{"type":"Feature","properties":{"name":"แม่น้ำน้อย","osm_id":794371251,"direction":"downstream"},"geometry":{"type":"LineString","coordinates":[[100.4152,14.37018],[100.41334,14.36548]]}},{"type":"Feature","properties":{"name":"แม่น้ำน้อย","osm_id":794371269,"direction":"downstream"},"geometry":{"type":"LineString","coordinates":[[100.40228,14.33192],[100.40423,14.32794],[100.40572,14.32766],[100.40683,14.3263]]}},{"type":"Feature","properties":{"name":"แม่น้ำน้อย","osm_id":794371270,"direction":"downstream"},"geometry":{"type":"LineString","coordinates":[[100.41334,14.36548],[100.4133,14.36373],[100.41602,14.36215],[100.41596,14.36025]]}},{"type":"Feature","properties":{"name":"แม่น้ำน้อย","osm_id":794371279,"direction":"downstream"},"geometry":{"type":"LineString","coordinates":[[100.40683,14.3263],[100.40812,14.32056],[100.40858,14.31937],[100.4095,14.31903]]}},{"type":"Feature","properties":{"name":"แม่น้ำน้อย","osm_id":794371288,"direction":"downstream"},"geometry":{"type":"LineString","coordinates":[[100.4095,14.31903],[100.41264,14.32052],[100.4164,14.32056],[100.42311,14.32236],[100.42472,14.32475],[100.4236,14.32713],[100.42408,14.32815],[100.42859,14.32887]]}},{"type":"Feature","properties":{"name":"แม่น้ำป่าสัก","osm_id":795629806,"direction":"downstream"},"geometry":{"type":"LineString","coordinates":[[100.58094,14.35811],[100.58123,14.35455]]}},{"type":"Feature","properties":{"name":"แม่น้ำป่าสัก","osm_id":795629807,"direction":"downstream"},"geometry":{"type":"LineString","coordinates":[[100.58123,14.35455],[100.58186,14.34824]]}},{"type":"Feature","properties":{"name":"แม่น้ำน้อย","osm_id":795629869,"direction":"downstream"},"geometry":{"type":"LineString","coordinates":[[100.37148,14.46701],[100.37262,14.46544]]}},{"type":"Feature","properties":{"name":"แม่น้ำน้อย","osm_id":795629870,"direction":"downstream"},"geometry":{"type":"LineString","coordinates":[[100.37179,14.45428],[100.3719,14.45242],[100.3731,14.45088],[100.37038,14.44803],[100.36736,14.44643],[100.36661,14.4438],[100.36747,14.44228]]}},{"type":"Feature","properties":{"name":"แม่น้ำน้อย","osm_id":795629886,"direction":"downstream"},"geometry":{"type":"LineString","coordinates":[[100.38224,14.432],[100.38231,14.43041],[100.38573,14.42353],[100.38807,14.4225],[100.39055,14.42448],[100.39115,14.42073],[100.39238,14.41958]]}},{"type":"Feature","properties":{"name":"แม่น้ำน้อย","osm_id":795629895,"direction":"downstream"},"geometry":{"type":"LineString","coordinates":[[100.40115,14.41139],[100.40165,14.41028],[100.40073,14.40446]]}},{"type":"Feature","properties":{"name":"แม่น้ำน้อย","osm_id":795629900,"direction":"downstream"},"geometry":{"type":"LineString","coordinates":[[100.39238,14.41958],[100.39713,14.41278],[100.39872,14.41158],[100.40115,14.41139]]}},{"type":"Feature","properties":{"name":"แม่น้ำเจ้าพระยา","osm_id":796236180,"direction":"downstream"},"geometry":{"type":"LineString","coordinates":[[100.54337,14.34671],[100.54363,14.34277]]}},{"type":"Feature","properties":{"name":"แม่น้ำเจ้าพระยา","osm_id":796236190,"direction":"downstream"},"geometry":{"type":"LineString","coordinates":[[100.54895,14.3395],[100.55093,14.33959]]}},{"type":"Feature","properties":{"name":"แม่น้ำเจ้าพระยา","osm_id":796236191,"direction":"downstream"},"geometry":{"type":"LineString","coordinates":[[100.55731,14.34027],[100.56049,14.34155]]}},{"type":"Feature","properties":{"name":"แม่น้ำเจ้าพระยา","osm_id":796236196,"direction":"downstream"},"geometry":{"type":"LineString","coordinates":[[100.56317,14.34306],[100.56488,14.34415]]}},{"type":"Feature","properties":{"name":"แม่น้ำเจ้าพระยา","osm_id":796236204,"direction":"downstream"},"geometry":{"type":"LineString","coordinates":[[100.56488,14.34415],[100.56896,14.34678]]}},{"type":"Feature","properties":{"name":"แม่น้ำเจ้าพระยา","osm_id":796236206,"direction":"downstream"},"geometry":{"type":"LineString","coordinates":[[100.57003,14.34727],[100.57191,14.3478],[100.5744,14.34725]]}},{"type":"Feature","properties":{"name":"แม่น้ำเจ้าพระยา","osm_id":797393573,"direction":"downstream"},"geometry":{"type":"LineString","coordinates":[[100.55241,14.33945],[100.55328,14.33946]]}},{"type":"Feature","properties":{"name":"แม่น้ำเจ้าพระยา","osm_id":797393578,"direction":"downstream"},"geometry":{"type":"LineString","coordinates":[[100.55093,14.33959],[100.55241,14.33945]]}},{"type":"Feature","properties":{"name":"แม่น้ำเจ้าพระยา","osm_id":797393582,"direction":"downstream"},"geometry":{"type":"LineString","coordinates":[[100.56049,14.34155],[100.56189,14.34234]]}},{"type":"Feature","properties":{"name":"แม่น้ำเจ้าพระยา","osm_id":797393587,"direction":"downstream"},"geometry":{"type":"LineString","coordinates":[[100.56189,14.34234],[100.56317,14.34306]]}},{"type":"Feature","properties":{"name":"แม่น้ำเจ้าพระยา","osm_id":797393588,"direction":"downstream"},"geometry":{"type":"LineString","coordinates":[[100.56896,14.34678],[100.57003,14.34727]]}},{"type":"Feature","properties":{"name":"แม่น้ำเจ้าพระยา","osm_id":797393590,"direction":"downstream"},"geometry":{"type":"LineString","coordinates":[[100.57597,14.3459],[100.57638,14.34493]]}},{"type":"Feature","properties":{"name":"แม่น้ำเจ้าพระยา","osm_id":797393593,"direction":"downstream"},"geometry":{"type":"LineString","coordinates":[[100.57639,14.34194],[100.57668,14.33705]]}},{"type":"Feature","properties":{"name":"แม่น้ำเจ้าพระยา","osm_id":797393596,"direction":"downstream"},"geometry":{"type":"LineString","coordinates":[[100.57632,14.34289],[100.57639,14.34194]]}},{"type":"Feature","properties":{"name":"แม่น้ำป่าสัก","osm_id":797393603,"direction":"downstream"},"geometry":{"type":"LineString","coordinates":[[100.58039,14.36247],[100.5809,14.35939]]}},{"type":"Feature","properties":{"name":"แม่น้ำป่าสัก","osm_id":797393610,"direction":"downstream"},"geometry":{"type":"LineString","coordinates":[[100.5809,14.35939],[100.58094,14.35811]]}},{"type":"Feature","properties":{"name":"แม่น้ำป่าสัก","osm_id":797393616,"direction":"downstream"},"geometry":{"type":"LineString","coordinates":[[100.58186,14.34824],[100.58188,14.34738]]}},{"type":"Feature","properties":{"name":"แม่น้ำลพบุรี","osm_id":797928220,"direction":"downstream"},"geometry":{"type":"LineString","coordinates":[[100.55979,14.40397],[100.5608,14.40284],[100.56054,14.40031],[100.56265,14.3973]]}},{"type":"Feature","properties":{"name":"แม่น้ำป่าสัก","osm_id":797928223,"direction":"downstream"},"geometry":{"type":"LineString","coordinates":[[100.58277,14.38189],[100.58097,14.3761]]}},{"type":"Feature","properties":{"name":"แม่น้ำป่าสัก","osm_id":797928226,"direction":"downstream"},"geometry":{"type":"LineString","coordinates":[[100.58163,14.39563],[100.58323,14.39363],[100.58414,14.38961]]}},{"type":"Feature","properties":{"name":"แม่น้ำป่าสัก","osm_id":797928228,"direction":"downstream"},"geometry":{"type":"LineString","coordinates":[[100.58414,14.38961],[100.58277,14.38189]]}},{"type":"Feature","properties":{"name":"แม่น้ำป่าสัก","osm_id":797928230,"direction":"downstream"},"geometry":{"type":"LineString","coordinates":[[100.58097,14.3761],[100.58078,14.37579]]}},{"type":"Feature","properties":{"name":"แม่น้ำลพบุรี","osm_id":797928233,"direction":"downstream"},"geometry":{"type":"LineString","coordinates":[[100.57119,14.38003],[100.57343,14.37536]]}},{"type":"Feature","properties":{"name":"แม่น้ำเจ้าพระยา","osm_id":798337424,"direction":"downstream"},"geometry":{"type":"LineString","coordinates":[[100.53132,14.36753],[100.53327,14.36551]]}},{"type":"Feature","properties":{"name":"แม่น้ำเจ้าพระยา","osm_id":798337427,"direction":"downstream"},"geometry":{"type":"LineString","coordinates":[[100.54057,14.36101],[100.54114,14.3607]]}},{"type":"Feature","properties":{"name":"แม่น้ำเจ้าพระยา","osm_id":798337429,"direction":"downstream"},"geometry":{"type":"LineString","coordinates":[[100.54361,14.34725],[100.54337,14.34671]]}},{"type":"Feature","properties":{"name":"แม่น้ำเจ้าพระยา","osm_id":798337442,"direction":"downstream"},"geometry":{"type":"LineString","coordinates":[[100.54363,14.34277],[100.54647,14.33973]]}},{"type":"Feature","properties":{"name":"แม่น้ำเจ้าพระยา","osm_id":798337475,"direction":"downstream"},"geometry":{"type":"LineString","coordinates":[[100.54467,14.34902],[100.54361,14.34725]]}},{"type":"Feature","properties":{"name":"แม่น้ำเจ้าพระยา","osm_id":798337477,"direction":"downstream"},"geometry":{"type":"LineString","coordinates":[[100.54688,14.35309],[100.54467,14.34902]]}},{"type":"Feature","properties":{"name":"แม่น้ำเจ้าพระยา","osm_id":798337481,"direction":"downstream"},"geometry":{"type":"LineString","coordinates":[[100.54253,14.35994],[100.54562,14.35742]]}},{"type":"Feature","properties":{"name":"แม่น้ำเจ้าพระยา","osm_id":798337484,"direction":"downstream"},"geometry":{"type":"LineString","coordinates":[[100.54114,14.3607],[100.54253,14.35994]]}},{"type":"Feature","properties":{"name":"แม่น้ำเจ้าพระยา","osm_id":798337503,"direction":"downstream"},"geometry":{"type":"LineString","coordinates":[[100.53327,14.36551],[100.53558,14.36367]]}},{"type":"Feature","properties":{"name":"แม่น้ำเจ้าพระยา","osm_id":798337511,"direction":"downstream"},"geometry":{"type":"LineString","coordinates":[[100.52847,14.36913],[100.53132,14.36753]]}},{"type":"Feature","properties":{"name":"แม่น้ำเจ้าพระยา","osm_id":798337514,"direction":"downstream"},"geometry":{"type":"LineString","coordinates":[[100.5257,14.37067],[100.52847,14.36913]]}},{"type":"Feature","properties":{"name":"แม่น้ำเจ้าพระยา","osm_id":799125872,"direction":"downstream"},"geometry":{"type":"LineString","coordinates":[[100.57166,14.32036],[100.57098,14.31858]]}},{"type":"Feature","properties":{"name":"แม่น้ำเจ้าพระยา","osm_id":799125912,"direction":"downstream"},"geometry":{"type":"LineString","coordinates":[[100.57344,14.32461],[100.57195,14.32114]]}},{"type":"Feature","properties":{"name":"แม่น้ำเจ้าพระยา","osm_id":799126122,"direction":"downstream"},"geometry":{"type":"LineString","coordinates":[[100.56968,14.31639],[100.56785,14.31325]]}},{"type":"Feature","properties":{"name":"แม่น้ำเจ้าพระยา","osm_id":799126127,"direction":"downstream"},"geometry":{"type":"LineString","coordinates":[[100.57098,14.31858],[100.56968,14.31639]]}},{"type":"Feature","properties":{"name":"แม่น้ำเจ้าพระยา","osm_id":799126132,"direction":"downstream"},"geometry":{"type":"LineString","coordinates":[[100.57407,14.32609],[100.57344,14.32461]]}},{"type":"Feature","properties":{"name":"แม่น้ำเจ้าพระยา","osm_id":799126135,"direction":"downstream"},"geometry":{"type":"LineString","coordinates":[[100.5752,14.32898],[100.57407,14.32609]]}},{"type":"Feature","properties":{"name":"แม่น้ำเจ้าพระยา","osm_id":799410139,"direction":"downstream"},"geometry":{"type":"LineString","coordinates":[[100.54744,14.33953],[100.54895,14.3395]]}},{"type":"Feature","properties":{"name":"แม่น้ำลพบุรี","osm_id":799410295,"direction":"downstream"},"geometry":{"type":"LineString","coordinates":[[100.56683,14.38866],[100.57014,14.38324]]}},{"type":"Feature","properties":{"name":"แม่น้ำลพบุรี","osm_id":799410299,"direction":"downstream"},"geometry":{"type":"LineString","coordinates":[[100.57014,14.38324],[100.57119,14.38003]]}},{"type":"Feature","properties":{"name":"แม่น้ำเจ้าพระยา","osm_id":799767136,"direction":"downstream"},"geometry":{"type":"LineString","coordinates":[[100.51173,14.39486],[100.51781,14.39139]]}},{"type":"Feature","properties":{"name":"แม่น้ำเจ้าพระยา","osm_id":799767153,"direction":"downstream"},"geometry":{"type":"LineString","coordinates":[[100.50233,14.40635],[100.50386,14.40419],[100.50664,14.40214],[100.50801,14.39892],[100.51,14.39754],[100.51173,14.39486]]}},{"type":"Feature","properties":{"name":"แม่น้ำเจ้าพระยา","osm_id":799767229,"direction":"downstream"},"geometry":{"type":"LineString","coordinates":[[100.56678,14.3075],[100.56627,14.30392]]}},{"type":"Feature","properties":{"name":"แม่น้ำเจ้าพระยา","osm_id":799767231,"direction":"downstream"},"geometry":{"type":"LineString","coordinates":[[100.56707,14.30951],[100.56678,14.3075]]}},{"type":"Feature","properties":{"name":"แม่น้ำเจ้าพระยา","osm_id":827876982,"direction":"downstream"},"geometry":{"type":"LineString","coordinates":[[100.50672,13.68576],[100.51439,13.68429],[100.51697,13.68278]]}},{"type":"Feature","properties":{"name":"แม่น้ำเจ้าพระยา","osm_id":827876985,"direction":"downstream"},"geometry":{"type":"LineString","coordinates":[[100.49123,13.69969],[100.49013,13.69768],[100.48991,13.69532]]}},{"type":"Feature","properties":{"name":"แม่น้ำเจ้าพระยา","osm_id":827876986,"direction":"downstream"},"geometry":{"type":"LineString","coordinates":[[100.51697,13.68278],[100.52283,13.67817]]}},{"type":"Feature","properties":{"name":"แม่น้ำเจ้าพระยา","osm_id":827876987,"direction":"downstream"},"geometry":{"type":"LineString","coordinates":[[100.48991,13.69532],[100.49205,13.69105],[100.50008,13.68682]]}},{"type":"Feature","properties":{"name":"แม่น้ำปิง","osm_id":829972081,"direction":"downstream"},"geometry":{"type":"LineString","coordinates":[[99.14561,16.81816],[99.15288,16.8103],[99.15639,16.80867],[99.16236,16.80301],[99.16348,16.79825]]}},{"type":"Feature","properties":{"name":"แม่น้ำเจ้าพระยา","osm_id":830801708,"direction":"downstream"},"geometry":{"type":"LineString","coordinates":[[100.49993,13.73869],[100.50405,13.73764]]}},{"type":"Feature","properties":{"name":"แม่น้ำเจ้าพระยา","osm_id":830801713,"direction":"downstream"},"geometry":{"type":"LineString","coordinates":[[100.51229,13.72938],[100.51238,13.72891]]}},{"type":"Feature","properties":{"name":"แม่น้ำเจ้าพระยา","osm_id":830801716,"direction":"downstream"},"geometry":{"type":"LineString","coordinates":[[100.51132,13.71732],[100.50819,13.71234]]}},{"type":"Feature","properties":{"name":"แม่น้ำเจ้าพระยา","osm_id":830801719,"direction":"downstream"},"geometry":{"type":"LineString","coordinates":[[100.49221,13.70092],[100.49123,13.69969]]}},{"type":"Feature","properties":{"name":"แม่น้ำเจ้าพระยา","osm_id":830801757,"direction":"downstream"},"geometry":{"type":"LineString","coordinates":[[100.4984,13.70512],[100.49221,13.70092]]}},{"type":"Feature","properties":{"name":"แม่น้ำเจ้าพระยา","osm_id":830801758,"direction":"downstream"},"geometry":{"type":"LineString","coordinates":[[100.51208,13.71931],[100.51132,13.71732]]}},{"type":"Feature","properties":{"name":"แม่น้ำเจ้าพระยา","osm_id":830801789,"direction":"downstream"},"geometry":{"type":"LineString","coordinates":[[100.48988,13.76085],[100.48937,13.76018]]}},{"type":"Feature","properties":{"name":"แม่น้ำเจ้าพระยา","osm_id":830801792,"direction":"downstream"},"geometry":{"type":"LineString","coordinates":[[100.51653,13.80049],[100.5143,13.79586],[100.50838,13.78913]]}},{"type":"Feature","properties":{"name":"แม่น้ำเจ้าพระยา","osm_id":830801794,"direction":"downstream"},"geometry":{"type":"LineString","coordinates":[[100.50242,13.78108],[100.49924,13.77289]]}},{"type":"Feature","properties":{"name":"แม่น้ำเจ้าพระยา","osm_id":832948765,"direction":"downstream"},"geometry":{"type":"LineString","coordinates":[[100.50659,13.73685],[100.51013,13.73442]]}},{"type":"Feature","properties":{"name":"แม่น้ำเจ้าพระยา","osm_id":832948768,"direction":"downstream"},"geometry":{"type":"LineString","coordinates":[[100.50405,13.73764],[100.50659,13.73685]]}},{"type":"Feature","properties":{"name":"แม่น้ำเจ้าพระยา","osm_id":832948787,"direction":"downstream"},"geometry":{"type":"LineString","coordinates":[[100.49203,13.74231],[100.49378,13.74075]]}},{"type":"Feature","properties":{"name":"แม่น้ำเจ้าพระยา","osm_id":832948807,"direction":"variable"},"geometry":{"type":"LineString","coordinates":[[100.49456,13.7655],[100.49113,13.76195]]}},{"type":"Feature","properties":{"name":"แม่น้ำวัง","osm_id":833157766,"direction":"downstream"},"geometry":{"type":"LineString","coordinates":[[99.22572,17.61567],[99.22534,17.61459],[99.22237,17.61458]]}},{"type":"Feature","properties":{"name":"แม่น้ำเจ้าพระยา","osm_id":835519392,"direction":"downstream"},"geometry":{"type":"LineString","coordinates":[[100.50838,13.78913],[100.50569,13.78632]]}},{"type":"Feature","properties":{"name":"แม่น้ำเจ้าพระยา","osm_id":835519415,"direction":"downstream"},"geometry":{"type":"LineString","coordinates":[[100.55,13.67587],[100.55234,13.68407]]}},{"type":"Feature","properties":{"name":"แม่น้ำเจ้าพระยา","osm_id":835519420,"direction":"downstream"},"geometry":{"type":"LineString","coordinates":[[100.55495,13.7056],[100.55876,13.70643],[100.56235,13.70603],[100.57163,13.70278]]}},{"type":"Feature","properties":{"name":"แม่น้ำเจ้าพระยา","osm_id":835519421,"direction":"downstream"},"geometry":{"type":"LineString","coordinates":[[100.52895,13.67311],[100.5335,13.67032],[100.53945,13.66911]]}},{"type":"Feature","properties":{"name":"แม่น้ำเจ้าพระยา","osm_id":835519422,"direction":"downstream"},"geometry":{"type":"LineString","coordinates":[[100.50008,13.68682],[100.50672,13.68576]]}},{"type":"Feature","properties":{"name":"แม่น้ำเจ้าพระยา","osm_id":835519423,"direction":"downstream"},"geometry":{"type":"LineString","coordinates":[[100.49847,13.70515],[100.4984,13.70512]]}},{"type":"Feature","properties":{"name":"แม่น้ำเจ้าพระยา","osm_id":836466788,"direction":"downstream"},"geometry":{"type":"LineString","coordinates":[[100.58245,13.6976],[100.5845,13.6958]]}},{"type":"Feature","properties":{"name":"แม่น้ำเจ้าพระยา","osm_id":836466799,"direction":"downstream"},"geometry":{"type":"LineString","coordinates":[[100.58878,13.68307],[100.58582,13.67735]]}},{"type":"Feature","properties":{"name":"แม่น้ำเจ้าพระยา","osm_id":836466800,"direction":"downstream"},"geometry":{"type":"LineString","coordinates":[[100.5845,13.6958],[100.58855,13.69004],[100.58924,13.68687],[100.58881,13.68316]]}},{"type":"Feature","properties":{"name":"แม่น้ำเจ้าพระยา","osm_id":837410984,"direction":"downstream"},"geometry":{"type":"LineString","coordinates":[[100.58582,13.67735],[100.57934,13.6692]]}},{"type":"Feature","properties":{"name":"แม่น้ำเจ้าพระยา","osm_id":845575183,"direction":"downstream"},"geometry":{"type":"LineString","coordinates":[[100.5524,13.69012],[100.55147,13.70063],[100.55283,13.70388],[100.55495,13.7056]]}},{"type":"Feature","properties":{"name":"แม่น้ำวัง","osm_id":854016559,"direction":"downstream"},"geometry":{"type":"LineString","coordinates":[[99.14149,17.51001],[99.13928,17.5076],[99.13955,17.50587],[99.14147,17.50383],[99.1448,17.50465],[99.14626,17.50362],[99.14386,17.49741],[99.1442,17.49378],[99.14729,17.48903],[99.14989,17.48892],[99.15086,17.48779],[99.14987,17.4837],[99.14736,17.47877],[99.14431,17.47719],[99.14401,17.47615],[99.14844,17.47322],[99.1505,17.47116],[99.15086,17.46955],[99.14958,17.46701],[99.14619,17.4645],[99.13872,17.46305],[99.13147,17.45894],[99.129,17.46031],[99.12742,17.45962],[99.12853,17.45547],[99.12823,17.45353],[99.12907,17.45215],[99.13575,17.45318],[99.13824,17.45258],[99.13907,17.45117],[99.13637,17.44677],[99.12924,17.44705],[99.12872,17.44612],[99.12964,17.44238]]}},{"type":"Feature","properties":{"name":"แม่น้ำโขง","osm_id":857503169,"direction":"downstream"},"geometry":{"type":"LineString","coordinates":[[105.9556,12.76486],[105.96298,12.75533],[105.97827,12.73935],[105.98391,12.73194],[105.9983,12.7098],[106.00614,12.69381],[106.00812,12.6872],[106.00818,12.67429],[106.00653,12.65003],[106.00871,12.64019],[106.01263,12.63048],[106.01328,12.61928],[106.01482,12.61149],[106.01437,12.60227],[106.01581,12.59205],[106.01538,12.58349],[106.01473,12.57839],[106.01171,12.56815],[106.00921,12.56298],[105.99672,12.54354],[105.99431,12.53668],[105.99388,12.53339],[105.99544,12.52864],[106.0107,12.51001],[106.01296,12.50411],[106.01313,12.48544],[106.01643,12.47416],[106.01773,12.46685],[106.02072,12.45965],[106.02248,12.45248],[106.02637,12.42048],[106.02911,12.41254],[106.02641,12.40427],[106.02583,12.39752],[106.02609,12.3833],[106.03197,12.37143],[106.03993,12.3586],[106.04295,12.34979],[106.04407,12.33637],[106.04295,12.32749],[106.04048,12.31976],[106.03485,12.30664],[106.02458,12.289],[106.01711,12.28009],[106.00358,12.2678],[105.99411,12.2628],[105.98596,12.26088],[105.97639,12.26128],[105.96751,12.26382],[105.94896,12.26435],[105.85975,12.25805],[105.80874,12.25955],[105.76838,12.25393],[105.7548,12.25371],[105.7404,12.25973],[105.71155,12.27723],[105.67867,12.28743],[105.63908,12.2965],[105.62542,12.29877],[105.60322,12.30115],[105.59003,12.29944],[105.57827,12.29384],[105.56491,12.28412],[105.5554,12.27314],[105.54992,12.26436],[105.5446,12.2533],[105.53643,12.20984],[105.54057,12.18071],[105.52862,12.10612],[105.52656,12.10074],[105.52209,12.09325],[105.51192,12.07974],[105.50225,12.0688],[105.48355,12.03488],[105.47935,12.0288],[105.47406,12.01676],[105.47157,12.00905],[105.47078,12.0035],[105.47205,11.99597],[105.47062,11.98628]]}},{"type":"Feature","properties":{"name":"แม่น้ำโขง","osm_id":857503172,"direction":"downstream"},"geometry":{"type":"LineString","coordinates":[[105.18845,10.9114],[105.18597,10.88392],[105.18657,10.87448],[105.18866,10.86206],[105.19127,10.85317],[105.19418,10.84677],[105.20081,10.83939],[105.21968,10.82235],[105.23045,10.80904],[105.23619,10.80583],[105.24038,10.80463],[105.25964,10.80175],[105.27243,10.80272],[105.28028,10.80629],[105.29353,10.81691],[105.30108,10.82091],[105.31018,10.82239],[105.31336,10.8224],[105.31919,10.82108],[105.32769,10.81794],[105.33101,10.81474],[105.33473,10.80962],[105.33932,10.79558],[105.35101,10.77182],[105.35434,10.76038],[105.35943,10.72901]]}},{"type":"Feature","properties":{"name":"แม่น้ำชี","osm_id":886565249,"direction":"downstream"},"geometry":{"type":"LineString","coordinates":[[101.66727,16.00938],[101.66672,16.00398],[101.66781,16.00384],[101.66941,16.00513]]}},{"type":"Feature","properties":{"name":"แม่น้ำเจ้าพระยา","osm_id":889267838,"direction":"downstream"},"geometry":{"type":"LineString","coordinates":[[100.53405,13.64872],[100.53629,13.63823]]}},{"type":"Feature","properties":{"name":"แม่น้ำโขง","osm_id":902924954,"direction":"downstream"},"geometry":{"type":"LineString","coordinates":[[101.81758,19.24372],[101.82032,19.23436],[101.82376,19.22759],[101.82442,19.22254],[101.82456,19.20683],[101.82282,19.1956],[101.8212,19.17432],[101.81867,19.16864],[101.8162,19.1602],[101.81221,19.15332],[101.80973,19.14218],[101.80795,19.10784],[101.80713,19.09927],[101.80369,19.08392],[101.80313,19.0528],[101.80136,19.04464]]}},{"type":"Feature","properties":{"name":"แม่น้ำโขง","osm_id":902924955,"direction":"downstream"},"geometry":{"type":"LineString","coordinates":[[101.8173,19.24441],[101.81758,19.24372]]}},{"type":"Feature","properties":{"name":"แม่น้ำเจ้าพระยา","osm_id":944266555,"direction":"downstream"},"geometry":{"type":"LineString","coordinates":[[100.58881,13.68316],[100.58878,13.68307]]}},{"type":"Feature","properties":{"name":"แม่น้ำเจ้าพระยา","osm_id":944266557,"direction":"downstream"},"geometry":{"type":"LineString","coordinates":[[100.55234,13.68407],[100.5524,13.69012]]}},{"type":"Feature","properties":{"name":"แม่น้ำเจ้าพระยา","osm_id":944266558,"direction":"downstream"},"geometry":{"type":"LineString","coordinates":[[100.57163,13.70278],[100.58245,13.6976]]}},{"type":"Feature","properties":{"name":"แม่น้ำเจ้าพระยา","osm_id":944744893,"direction":"downstream"},"geometry":{"type":"LineString","coordinates":[[100.52283,13.67817],[100.52895,13.67311]]}},{"type":"Feature","properties":{"name":"แม่น้ำเจ้าพระยา","osm_id":944744900,"direction":"downstream"},"geometry":{"type":"LineString","coordinates":[[100.53928,13.66059],[100.53656,13.65849],[100.53514,13.65585],[100.53403,13.65218],[100.53405,13.64872]]}},{"type":"Feature","properties":{"name":"แม่น้ำเจ้าพระยา","osm_id":944744908,"direction":"downstream"},"geometry":{"type":"LineString","coordinates":[[100.53945,13.66911],[100.54248,13.66963],[100.54669,13.67167],[100.55,13.67587]]}},{"type":"Feature","properties":{"name":"แม่น้ำเจ้าพระยา","osm_id":944744910,"direction":"downstream"},"geometry":{"type":"LineString","coordinates":[[100.57047,13.66039],[100.56326,13.65631],[100.55718,13.65583]]}},{"type":"Feature","properties":{"name":"แม่น้ำเจ้าพระยา","osm_id":944744918,"direction":"downstream"},"geometry":{"type":"LineString","coordinates":[[100.57934,13.6692],[100.57673,13.66634]]}},{"type":"Feature","properties":{"name":"แม่น้ำเจ้าพระยา","osm_id":945798932,"direction":"downstream"},"geometry":{"type":"LineString","coordinates":[[100.5763,13.56554],[100.57684,13.56008],[100.57947,13.5545],[100.58482,13.54927],[100.59455,13.54216]]}},{"type":"Feature","properties":{"name":"แม่น้ำเจ้าพระยา","osm_id":945798934,"direction":"downstream"},"geometry":{"type":"LineString","coordinates":[[100.57673,13.66634],[100.57047,13.66039]]}},{"type":"Feature","properties":{"name":"แม่น้ำเจ้าพระยา","osm_id":945798940,"direction":"downstream"},"geometry":{"type":"LineString","coordinates":[[100.55718,13.65583],[100.55469,13.65626]]}},{"type":"Feature","properties":{"name":"แม่น้ำเจ้าพระยา","osm_id":945798945,"direction":"downstream"},"geometry":{"type":"LineString","coordinates":[[100.53871,13.63325],[100.54286,13.62677],[100.55127,13.61856]]}},{"type":"Feature","properties":{"name":"แม่น้ำเจ้าพระยา","osm_id":946033014,"direction":"downstream"},"geometry":{"type":"LineString","coordinates":[[100.58375,13.5806],[100.57785,13.5723],[100.5763,13.56554]]}},{"type":"Feature","properties":{"name":"แม่น้ำเจ้าพระยา","osm_id":951722716,"direction":"downstream"},"geometry":{"type":"LineString","coordinates":[[100.56814,13.61092],[100.58105,13.61076],[100.58752,13.60939]]}},{"type":"Feature","properties":{"name":"แม่น้ำเจ้าพระยา","osm_id":951722731,"direction":"downstream"},"geometry":{"type":"LineString","coordinates":[[100.55127,13.61856],[100.56109,13.61282],[100.56814,13.61092]]}},{"type":"Feature","properties":{"name":"แม่น้ำเจ้าพระยา","osm_id":954257264,"direction":"downstream"},"geometry":{"type":"LineString","coordinates":[[100.58825,13.58646],[100.58375,13.5806]]}},{"type":"Feature","properties":{"name":"แม่น้ำแม่กลอง","osm_id":960811969,"direction":"downstream"},"geometry":{"type":"LineString","coordinates":[[99.63193,13.95193],[99.63597,13.95034],[99.64404,13.95036],[99.64654,13.94936],[99.64665,13.93647],[99.64824,13.93386],[99.65331,13.93162],[99.65691,13.93126],[99.66228,13.93185],[99.66686,13.93097],[99.66944,13.92895],[99.67221,13.92482],[99.67747,13.92264],[99.68033,13.92339],[99.68215,13.92541],[99.68361,13.92869],[99.68427,13.9371],[99.6854,13.93934],[99.69216,13.94183],[99.69494,13.94396],[99.69856,13.94527],[99.70035,13.94485],[99.70311,13.94217],[99.7078,13.93607],[99.70945,13.93614],[99.71802,13.94223],[99.72224,13.94718],[99.72699,13.9501],[99.73562,13.95765],[99.73769,13.96128]]}},{"type":"Feature","properties":{"name":"แม่น้ำเจ้าพระยา","osm_id":978805112,"direction":"downstream"},"geometry":{"type":"LineString","coordinates":[[100.5267,13.98355],[100.52668,13.97927],[100.52813,13.97501]]}},{"type":"Feature","properties":{"name":"แม่น้ำเจ้าพระยา","osm_id":978805115,"direction":"downstream"},"geometry":{"type":"LineString","coordinates":[[100.5295,13.99044],[100.52808,13.98805]]}},{"type":"Feature","properties":{"name":"แม่น้ำเจ้าพระยา","osm_id":978805116,"direction":"downstream"},"geometry":{"type":"LineString","coordinates":[[100.52808,13.98805],[100.5267,13.98355]]}},{"type":"Feature","properties":{"name":"แม่น้ำเจ้าพระยา","osm_id":978805121,"direction":"downstream"},"geometry":{"type":"LineString","coordinates":[[100.53511,13.99465],[100.5295,13.99044]]}},{"type":"Feature","properties":{"name":"แม่น้ำเจ้าพระยา","osm_id":979660211,"direction":"downstream"},"geometry":{"type":"LineString","coordinates":[[100.54276,14.02984],[100.54022,14.02722]]}},{"type":"Feature","properties":{"name":"แม่น้ำเจ้าพระยา","osm_id":979660223,"direction":"downstream"},"geometry":{"type":"LineString","coordinates":[[100.53986,14.00188],[100.53881,13.99798],[100.53511,13.99465]]}},{"type":"Feature","properties":{"name":"แม่น้ำเจ้าพระยา","osm_id":979660224,"direction":"downstream"},"geometry":{"type":"LineString","coordinates":[[100.52813,13.97501],[100.5339,13.96636]]}},{"type":"Feature","properties":{"name":"แม่น้ำเจ้าพระยา","osm_id":979660226,"direction":"downstream"},"geometry":{"type":"LineString","coordinates":[[100.52422,13.94349],[100.52226,13.94347]]}},{"type":"Feature","properties":{"name":"แม่น้ำเจ้าพระยา","osm_id":980634539,"direction":"downstream"},"geometry":{"type":"LineString","coordinates":[[100.5017,14.40794],[100.50233,14.40635]]}},{"type":"Feature","properties":{"name":"แม่น้ำป่าสัก","osm_id":980634550,"direction":"downstream"},"geometry":{"type":"LineString","coordinates":[[100.58208,14.39863],[100.58163,14.39563]]}},{"type":"Feature","properties":{"name":"แม่น้ำเจ้าพระยา","osm_id":983262748,"direction":"downstream"},"geometry":{"type":"LineString","coordinates":[[100.54317,14.09544],[100.53601,14.09043],[100.52944,14.08714]]}},{"type":"Feature","properties":{"name":"แม่น้ำเจ้าพระยา","osm_id":983262750,"direction":"downstream"},"geometry":{"type":"LineString","coordinates":[[100.53074,14.0676],[100.53252,14.0666]]}},{"type":"Feature","properties":{"name":"แม่น้ำเจ้าพระยา","osm_id":983262759,"direction":"downstream"},"geometry":{"type":"LineString","coordinates":[[100.55124,14.05284],[100.55348,14.05095]]}},{"type":"Feature","properties":{"name":"แม่น้ำเจ้าพระยา","osm_id":983262760,"direction":"downstream"},"geometry":{"type":"LineString","coordinates":[[100.53627,14.11813],[100.53806,14.11763]]}},{"type":"Feature","properties":{"name":"แม่น้ำเจ้าพระยา","osm_id":983262769,"direction":"downstream"},"geometry":{"type":"LineString","coordinates":[[100.52944,14.08714],[100.52654,14.08481],[100.52474,14.08218],[100.52387,14.0791],[100.52404,14.07677]]}},{"type":"Feature","properties":{"name":"แม่น้ำเจ้าพระยา","osm_id":983262780,"direction":"downstream"},"geometry":{"type":"LineString","coordinates":[[100.52404,14.07677],[100.52647,14.07111],[100.53074,14.0676]]}},{"type":"Feature","properties":{"name":"แม่น้ำเจ้าพระยา","osm_id":983262784,"direction":"downstream"},"geometry":{"type":"LineString","coordinates":[[100.53252,14.0666],[100.55124,14.05284]]}},{"type":"Feature","properties":{"name":"แม่น้ำเจ้าพระยา","osm_id":983262792,"direction":"downstream"},"geometry":{"type":"LineString","coordinates":[[100.55348,14.05095],[100.55494,14.04662],[100.55456,14.04202]]}},{"type":"Feature","properties":{"name":"แม่น้ำเจ้าพระยา","osm_id":983262803,"direction":"downstream"},"geometry":{"type":"LineString","coordinates":[[100.54611,14.03425],[100.54276,14.02984]]}},{"type":"Feature","properties":{"name":"แม่น้ำลพบุรี","osm_id":986386578,"direction":"downstream"},"geometry":{"type":"LineString","coordinates":[[100.59276,14.65924],[100.59174,14.65876]]}},{"type":"Feature","properties":{"name":"แม่น้ำลพบุรี","osm_id":986386580,"direction":"downstream"},"geometry":{"type":"LineString","coordinates":[[100.60802,14.80552],[100.60863,14.80423],[100.60558,14.79217],[100.59881,14.7776],[100.59897,14.77499],[100.60282,14.76871],[100.60305,14.76655],[100.59791,14.75689],[100.59667,14.75309],[100.59614,14.74297],[100.59714,14.74048],[100.59977,14.73809],[100.60019,14.73665],[100.59746,14.73259],[100.60143,14.72646],[100.60183,14.72123],[100.60002,14.71848],[100.59751,14.71689],[100.59466,14.71273],[100.59316,14.71236],[100.58889,14.71307],[100.58746,14.71236],[100.5887,14.70623],[100.59209,14.7024],[100.59297,14.7001],[100.58764,14.68856],[100.58702,14.68342],[100.58839,14.68164],[100.59448,14.6788],[100.59659,14.67594],[100.59712,14.67274],[100.59721,14.66962],[100.59639,14.66842],[100.59591,14.66477],[100.59276,14.65924]]}},{"type":"Feature","properties":{"name":"แม่น้ำป่าสัก","osm_id":1009114374,"direction":"downstream"},"geometry":{"type":"LineString","coordinates":[[100.60039,14.4528],[100.60361,14.4521]]}},{"type":"Feature","properties":{"name":"แม่น้ำน้อย","osm_id":1015271379,"direction":"downstream"},"geometry":{"type":"LineString","coordinates":[[100.36747,14.44228],[100.36775,14.44201]]}},{"type":"Feature","properties":{"name":"แม่น้ำน้อย","osm_id":1015271380,"direction":"downstream"},"geometry":{"type":"LineString","coordinates":[[100.36775,14.44201],[100.36909,14.44124]]}},{"type":"Feature","properties":{"name":"แม่น้ำเจ้าพระยา","osm_id":1068827532,"direction":"downstream"},"geometry":{"type":"LineString","coordinates":[[100.53629,13.63823],[100.53871,13.63325]]}},{"type":"Feature","properties":{"name":"แม่น้ำบางปะกง","osm_id":1072622397,"direction":"downstream"},"geometry":{"type":"LineString","coordinates":[[101.16156,13.89555],[101.16218,13.89152],[101.16142,13.88912],[101.15429,13.88059],[101.15272,13.87964],[101.14978,13.88003],[101.14472,13.88713],[101.14325,13.88791],[101.14167,13.88752],[101.13949,13.88409],[101.13937,13.88194],[101.14077,13.87734],[101.14419,13.87168],[101.14988,13.86826],[101.15987,13.86434],[101.16109,13.86286],[101.16093,13.86059],[101.15965,13.85871],[101.15673,13.8573],[101.14887,13.85549],[101.14776,13.85381],[101.14795,13.85278],[101.14962,13.85163]]}},{"type":"Feature","properties":{"name":"แม่น้ำเจ้าพระยา","osm_id":1072622411,"direction":"downstream"},"geometry":{"type":"LineString","coordinates":[[100.08645,15.35916],[100.09244,15.35537],[100.09994,15.34844],[100.1015,15.34271],[100.10101,15.3375],[100.09909,15.3319],[100.09583,15.32802],[100.09112,15.32506],[100.08264,15.32133],[100.07852,15.31837],[100.07783,15.31493],[100.08113,15.30845],[100.08183,15.30342],[100.08046,15.29897],[100.07841,15.29575],[100.07157,15.28846]]}},{"type":"Feature","properties":{"name":"แม่น้ำเจ้าพระยา","osm_id":1072622412,"direction":"downstream"},"geometry":{"type":"LineString","coordinates":[[100.07157,15.28846],[100.06776,15.28434],[100.05755,15.27557]]}},{"type":"Feature","properties":{"name":"แม่น้ำเจ้าพระยา","osm_id":1072622413,"direction":"downstream"},"geometry":{"type":"LineString","coordinates":[[100.10384,15.41658],[100.09811,15.41777],[100.09396,15.41639],[100.09193,15.41481]]}},{"type":"Feature","properties":{"name":"แม่น้ำเจ้าพระยา","osm_id":1072622414,"direction":"downstream"},"geometry":{"type":"LineString","coordinates":[[100.09193,15.41481],[100.08878,15.41157],[100.08759,15.40918],[100.08736,15.40494],[100.08839,15.39883],[100.09013,15.39536],[100.09384,15.39108],[100.10495,15.38293],[100.10657,15.37986],[100.10668,15.37714],[100.10556,15.37423],[100.10221,15.37297],[100.09616,15.37458],[100.08409,15.37993],[100.08007,15.38037],[100.07547,15.37845],[100.07369,15.37461],[100.07371,15.37108],[100.07469,15.36852],[100.07909,15.36409],[100.08645,15.35916]]}},{"type":"Feature","properties":{"name":"แม่น้ำเจ้าพระยา","osm_id":1072622415,"direction":"downstream"},"geometry":{"type":"LineString","coordinates":[[100.12523,15.41278],[100.11755,15.41275],[100.10756,15.4153]]}},{"type":"Feature","properties":{"name":"แม่น้ำชี","osm_id":1072622426,"direction":"downstream"},"geometry":{"type":"LineString","coordinates":[[102.89033,16.39041],[102.89522,16.39043],[102.89845,16.38923],[102.89842,16.38642],[102.89956,16.38518],[102.89872,16.3793],[102.89994,16.37813],[102.89986,16.37667],[102.89792,16.37525],[102.89781,16.37419],[102.90005,16.37156],[102.90249,16.37259],[102.90683,16.37182],[102.90797,16.37284],[102.91106,16.37332],[102.91582,16.37742],[102.91696,16.37695],[102.9196,16.37317]]}},{"type":"Feature","properties":{"name":"แม่น้ำชี","osm_id":1072622427,"direction":"downstream"},"geometry":{"type":"LineString","coordinates":[[102.9196,16.37317],[102.92103,16.37379],[102.92067,16.37755],[102.92482,16.3801],[102.93072,16.37742],[102.93786,16.37701]]}},{"type":"Feature","properties":{"name":"แม่น้ำชี","osm_id":1072622428,"direction":"downstream"},"geometry":{"type":"LineString","coordinates":[[102.37242,15.94839],[102.37071,15.94934],[102.37387,15.95058],[102.37427,15.95433],[102.37149,15.95306],[102.36917,15.95317],[102.37007,15.95617],[102.3716,15.95745],[102.37076,15.95854],[102.36784,15.95508],[102.36704,15.95516],[102.36745,15.95815],[102.36629,15.96189],[102.3683,15.96446],[102.3677,15.96517],[102.36554,15.96544],[102.36958,15.96539],[102.37231,15.96778],[102.37263,15.97242],[102.37173,15.97508],[102.37462,15.97547],[102.38008,15.97773],[102.38108,15.98042],[102.38242,15.98019],[102.38351,15.9787],[102.38579,15.98073],[102.3858,15.98136],[102.38412,15.98179],[102.38338,15.98287],[102.38371,15.98548],[102.38524,15.98581]]}},{"type":"Feature","properties":{"name":"แม่น้ำชี","osm_id":1072622429,"direction":"downstream"},"geometry":{"type":"LineString","coordinates":[[102.30426,15.7911],[102.30763,15.79325],[102.30815,15.80073],[102.30927,15.80106],[102.31074,15.79911],[102.31233,15.80031],[102.31156,15.80595],[102.31226,15.8081],[102.31407,15.80711],[102.31797,15.80746],[102.31824,15.80532],[102.31906,15.80438],[102.32164,15.8053],[102.32496,15.80485],[102.32501,15.80404],[102.32344,15.80266],[102.32437,15.80136],[102.32538,15.80147],[102.32756,15.80341]]}},{"type":"Feature","properties":{"name":"แม่น้ำชี","osm_id":1072622431,"direction":"downstream"},"geometry":{"type":"LineString","coordinates":[[102.04021,15.63918],[102.04365,15.63599],[102.0452,15.63289],[102.04786,15.63161],[102.049,15.63298],[102.04752,15.63533],[102.05089,15.63587],[102.0532,15.63758],[102.05492,15.63736],[102.05675,15.63566],[102.05834,15.6368],[102.05884,15.63517],[102.0631,15.637],[102.06613,15.63412],[102.06815,15.63501],[102.06753,15.6362],[102.0681,15.63633],[102.06976,15.63456],[102.06803,15.63297],[102.06803,15.63191],[102.07362,15.63185],[102.07496,15.62996],[102.07411,15.62856],[102.0725,15.62803],[102.0723,15.6258],[102.07009,15.62554],[102.07063,15.62308],[102.07335,15.6203]]}},{"type":"Feature","properties":{"name":"แม่น้ำมูล","osm_id":1072622435,"direction":"downstream"},"geometry":{"type":"LineString","coordinates":[[102.97036,15.42667],[102.97454,15.42764],[102.97649,15.42944],[102.97883,15.42898],[102.97921,15.42381],[102.97659,15.4218],[102.97636,15.42016],[102.97837,15.41681],[102.98215,15.41593],[102.98338,15.41678],[102.98359,15.41943],[102.98004,15.42422],[102.98108,15.42677],[102.98449,15.42654],[102.98521,15.42442],[102.98884,15.42275],[102.98597,15.41819],[102.989,15.41677],[102.99093,15.41462],[102.99289,15.41417],[102.9962,15.4175],[102.99906,15.42355],[103.00071,15.42521],[103.00142,15.42786],[103.0058,15.42768],[103.01245,15.4297],[103.01163,15.43238],[103.00762,15.43244],[103.0066,15.43322],[103.00677,15.43439],[103.01007,15.43651]]}},{"type":"Feature","properties":{"name":"แม่น้ำเจ้าพระยา","osm_id":1075792561,"direction":"downstream"},"geometry":{"type":"LineString","coordinates":[[100.05755,15.27557],[100.05628,15.27306],[100.05585,15.27017]]}},{"type":"Feature","properties":{"name":"แม่น้ำบางปะกง","osm_id":1078786312,"direction":"downstream"},"geometry":{"type":"LineString","coordinates":[[101.16121,13.85391],[101.16195,13.85308]]}},{"type":"Feature","properties":{"name":"แม่น้ำบางปะกง","osm_id":1078786364,"direction":"downstream"},"geometry":{"type":"LineString","coordinates":[[100.97432,13.47383],[100.97093,13.47104]]}},{"type":"Feature","properties":{"name":"แม่น้ำป่าสัก","osm_id":1079735837,"direction":"downstream"},"geometry":{"type":"LineString","coordinates":[[101.06096,14.7599],[101.06348,14.75583],[101.05482,14.74885],[101.05697,14.74588],[101.05696,14.74307],[101.05949,14.74095],[101.06053,14.73448],[101.05812,14.73151],[101.05842,14.7251],[101.05479,14.7235],[101.05315,14.72132],[101.05429,14.72016],[101.06286,14.71971],[101.06339,14.72146],[101.06189,14.7256],[101.06719,14.72743],[101.06634,14.73091],[101.06693,14.73164],[101.07116,14.73207],[101.07437,14.73138],[101.07542,14.73033],[101.07507,14.71882]]}},{"type":"Feature","properties":{"name":"แม่น้ำป่าสัก","osm_id":1079735840,"direction":"downstream"},"geometry":{"type":"LineString","coordinates":[[101.06159,14.76119],[101.06073,14.76078],[101.06096,14.7599]]}},{"type":"Feature","properties":{"name":"แม่น้ำป่าสัก","osm_id":1079735841,"direction":"downstream"},"geometry":{"type":"LineString","coordinates":[[101.06216,14.75994],[101.06159,14.76119]]}},{"type":"Feature","properties":{"name":"แม่น้ำน้อย","osm_id":1080253549,"direction":"downstream"},"geometry":{"type":"LineString","coordinates":[[100.41491,14.7276],[100.41382,14.72665],[100.4079,14.72599],[100.40719,14.72534],[100.40871,14.71788],[100.40965,14.71645],[100.40893,14.7119],[100.41023,14.70941],[100.41193,14.70724],[100.41363,14.70679],[100.41905,14.70709],[100.42047,14.70462],[100.42009,14.70114],[100.41788,14.70031],[100.41509,14.70081],[100.41431,14.69999],[100.41449,14.69872],[100.41693,14.6966],[100.41492,14.69213],[100.41526,14.69012],[100.41725,14.68836],[100.42136,14.68763],[100.42218,14.68583],[100.42137,14.68357],[100.41816,14.68137],[100.41766,14.68016],[100.41735,14.67774],[100.41952,14.6732],[100.41949,14.67126],[100.41657,14.66969],[100.41383,14.66648],[100.41457,14.66483],[100.41713,14.66378],[100.4171,14.6622],[100.41093,14.65994],[100.40855,14.65698],[100.40697,14.65797],[100.40528,14.65764],[100.4013,14.65862],[100.39865,14.65633],[100.37973,14.64959],[100.37907,14.64878],[100.3795,14.64762],[100.38079,14.64727],[100.38177,14.64843],[100.38256,14.64814],[100.38403,14.64329],[100.38441,14.63853],[100.38381,14.63704],[100.38121,14.63684],[100.38031,14.63602],[100.37978,14.63326],[100.3808,14.63068],[100.37934,14.62797],[100.37902,14.62469],[100.37788,14.62206],[100.37705,14.62197],[100.37568,14.62367],[100.37431,14.62397],[100.37292,14.62346],[100.37244,14.62057],[100.37012,14.62188],[100.36704,14.62047],[100.36623,14.62305],[100.36489,14.62342],[100.35933,14.62178],[100.35887,14.61933],[100.3578,14.61817]]}},{"type":"Feature","properties":{"name":"แม่น้ำน้อย","osm_id":1080253550,"direction":"downstream"},"geometry":{"type":"LineString","coordinates":[[100.40502,14.75746],[100.40589,14.75609],[100.41229,14.75273]]}},{"type":"Feature","properties":{"name":"แม่น้ำน้อย","osm_id":1080253553,"direction":"downstream"},"geometry":{"type":"LineString","coordinates":[[100.41229,14.75273],[100.41491,14.74722]]}},{"type":"Feature","properties":{"name":"แม่น้ำน้อย","osm_id":1080253555,"direction":"downstream"},"geometry":{"type":"LineString","coordinates":[[100.41491,14.74722],[100.41663,14.74259],[100.41575,14.74058],[100.41327,14.73797],[100.41386,14.73608],[100.41624,14.7343],[100.41628,14.73132],[100.41491,14.7276]]}},{"type":"Feature","properties":{"name":"แม่น้ำลพบุรี","osm_id":1080253596,"direction":"downstream"},"geometry":{"type":"LineString","coordinates":[[100.45434,14.85701],[100.45763,14.85735],[100.45896,14.85553],[100.45942,14.85139],[100.4583,14.84573],[100.4602,14.84288]]}},{"type":"Feature","properties":{"name":"แม่น้ำเจ้าพระยา","osm_id":1080492400,"direction":"downstream"},"geometry":{"type":"LineString","coordinates":[[100.29351,15.06432],[100.29302,15.06279],[100.29378,15.06158],[100.29534,15.06111],[100.29693,15.06132],[100.303,15.06587],[100.30534,15.06602],[100.30952,15.06362]]}},{"type":"Feature","properties":{"name":"แม่น้ำเจ้าพระยา","osm_id":1080492401,"direction":"downstream"},"geometry":{"type":"LineString","coordinates":[[100.29345,15.07433],[100.29493,15.07056],[100.29351,15.06432]]}},{"type":"Feature","properties":{"name":"แม่น้ำน้อย","osm_id":1080492477,"direction":"downstream"},"geometry":{"type":"LineString","coordinates":[[100.26003,14.9447],[100.25874,14.94254],[100.26011,14.93864],[100.2622,14.93788],[100.26785,14.93836],[100.26966,14.93777],[100.27179,14.93348],[100.27258,14.92893],[100.28356,14.92325],[100.28684,14.91505],[100.29556,14.90614],[100.29717,14.90234],[100.29899,14.90125],[100.30523,14.90115],[100.30746,14.90039],[100.30913,14.89865],[100.30951,14.89356],[100.31074,14.89133],[100.31179,14.89106],[100.31436,14.89254],[100.31593,14.89245],[100.31992,14.88229],[100.32546,14.87812],[100.32618,14.87219],[100.3335,14.87071],[100.33857,14.86853],[100.34314,14.86838],[100.35037,14.86654],[100.3546,14.8673],[100.36114,14.86617],[100.36611,14.86276],[100.36636,14.85853],[100.37116,14.85382],[100.3714,14.84644],[100.37062,14.8444],[100.36798,14.84161],[100.36531,14.83386],[100.36005,14.82839],[100.35962,14.82441],[100.36081,14.82297],[100.36236,14.81787],[100.36529,14.81428],[100.36899,14.81151],[100.37214,14.81039],[100.37122,14.80717],[100.37455,14.80212],[100.38208,14.79897],[100.38407,14.79918],[100.38702,14.80068],[100.39383,14.80093],[100.39666,14.79837],[100.39724,14.79501],[100.40013,14.79249],[100.39988,14.78829],[100.40173,14.78507],[100.40158,14.78361],[100.39797,14.77613],[100.39604,14.77377],[100.39565,14.77188],[100.39463,14.77055],[100.391,14.76938],[100.38989,14.76737],[100.38986,14.76569],[100.39402,14.76586],[100.39565,14.76187],[100.4005,14.75918],[100.40413,14.75911],[100.40502,14.75746]]}},{"type":"Feature","properties":{"name":"แม่น้ำน้อย","osm_id":1080492478,"direction":"downstream"},"geometry":{"type":"LineString","coordinates":[[100.26346,14.94794],[100.26003,14.9447]]}},{"type":"Feature","properties":{"name":"แม่น้ำท่าจีน","osm_id":1081138384,"direction":"downstream"},"geometry":{"type":"LineString","coordinates":[[100.12498,14.1643],[100.13004,14.15065]]}},{"type":"Feature","properties":{"name":"แม่น้ำท่าจีน","osm_id":1081138385,"direction":"downstream"},"geometry":{"type":"LineString","coordinates":[[100.13004,14.15065],[100.1312,14.14624],[100.13087,14.13891]]}},{"type":"Feature","properties":{"name":"แม่น้ำปิง","osm_id":1126156052,"direction":"downstream"},"geometry":{"type":"LineString","coordinates":[[99.00888,19.16206],[99.01211,19.16143]]}},{"type":"Feature","properties":{"name":"แม่น้ำปิง","osm_id":1126156054,"direction":"downstream"},"geometry":{"type":"LineString","coordinates":[[98.98686,19.19885],[98.98723,19.19784],[98.98641,19.19672],[98.98811,19.196],[98.98952,19.19708],[98.99051,19.19455],[98.99003,19.19283],[98.99181,19.19178],[98.99027,19.19179],[98.98945,19.19089],[98.98969,19.19018],[98.99339,19.18906],[98.99173,19.18744],[98.99137,19.18505]]}},{"type":"Feature","properties":{"name":"แม่น้ำปิง","osm_id":1126156056,"direction":"downstream"},"geometry":{"type":"LineString","coordinates":[[99.03233,19.1578],[99.02684,19.15119],[99.02536,19.15166],[99.0247,19.15384],[99.02309,19.15509],[99.02158,19.15427],[99.01969,19.1549],[99.01758,19.15256],[99.01434,19.15233],[99.01148,19.15317]]}},{"type":"Feature","properties":{"name":"แม่น้ำปิง","osm_id":1126156058,"direction":"downstream"},"geometry":{"type":"LineString","coordinates":[[98.99828,19.1791],[98.99628,19.17695],[98.99771,19.17621],[98.9977,19.17479],[98.99864,19.17416]]}},{"type":"Feature","properties":{"name":"แม่น้ำปิง","osm_id":1126156059,"direction":"downstream"},"geometry":{"type":"LineString","coordinates":[[98.99864,19.17416],[99.00113,19.17491],[99.00523,19.1733],[99.00764,19.174],[99.00791,19.17046],[99.00675,19.16906],[99.0085,19.1682],[99.00918,19.1657],[99.01141,19.16672],[99.01222,19.16628],[99.01136,19.16428],[99.00888,19.16206]]}},{"type":"Feature","properties":{"name":"แม่น้ำปิง","osm_id":1126157584,"direction":"downstream"},"geometry":{"type":"LineString","coordinates":[[99.01148,19.15317],[99.00933,19.15226],[99.00779,19.14941],[99.00823,19.14786],[99.00749,19.14483]]}},{"type":"Feature","properties":{"name":"แม่น้ำปิง","osm_id":1126157801,"direction":"downstream"},"geometry":{"type":"LineString","coordinates":[[99.01211,19.16143],[99.01274,19.161],[99.01163,19.16017],[99.01176,19.15834],[99.01445,19.15724],[99.01313,19.15458],[99.01148,19.15317]]}},{"type":"Feature","properties":{"name":"แม่น้ำปิง","osm_id":1126158390,"direction":"downstream"},"geometry":{"type":"LineString","coordinates":[[99.00749,19.14483],[99.00678,19.14167],[99.00894,19.13887],[99.00598,19.13478],[99.00761,19.1326],[99.00717,19.13091],[99.00637,19.13014],[99.00345,19.13002],[99.0019,19.12864],[99.00043,19.12855],[99.00168,19.12484],[98.99866,19.12589],[98.9977,19.12387],[98.99615,19.12385],[98.99707,19.11928],[98.99589,19.11902],[98.99555,19.12016],[98.99462,19.12051],[98.993,19.11862],[98.98802,19.11793]]}},{"type":"Feature","properties":{"name":"แม่น้ำปิง","osm_id":1136613043,"direction":"downstream"},"geometry":{"type":"LineString","coordinates":[[98.64157,18.26835],[98.64174,18.26807]]}},{"type":"Feature","properties":{"name":"แม่น้ำปิง","osm_id":1136613044,"direction":"downstream"},"geometry":{"type":"LineString","coordinates":[[98.6511,18.28649],[98.65268,18.28257],[98.65277,18.27869],[98.65131,18.27697],[98.64916,18.27596],[98.64378,18.27606],[98.64133,18.27519],[98.63899,18.2721],[98.64157,18.26835]]}},{"type":"Feature","properties":{"name":"แม่น้ำตาปี","osm_id":1138769280,"direction":"downstream"},"geometry":{"type":"LineString","coordinates":[[99.27764,8.49359],[99.27933,8.49652],[99.28184,8.49822],[99.28148,8.50031],[99.28004,8.50104],[99.27697,8.50046],[99.27562,8.50166],[99.27623,8.50392],[99.27827,8.50404],[99.2784,8.50576],[99.27396,8.50766],[99.27051,8.5069],[99.27013,8.50768],[99.27227,8.50868],[99.27262,8.51012],[99.27066,8.51196],[99.2705,8.51431],[99.26876,8.51713],[99.26877,8.51829],[99.27158,8.51974],[99.27154,8.52105],[99.26802,8.52375],[99.26891,8.52589],[99.26597,8.52563],[99.26498,8.52384],[99.26449,8.52662],[99.26481,8.52885],[99.26685,8.53042],[99.26787,8.5333],[99.27026,8.53385],[99.27109,8.53486],[99.2708,8.53635],[99.26865,8.53798],[99.26894,8.53873],[99.27145,8.54004],[99.27554,8.54077],[99.27673,8.54356],[99.27765,8.54419],[99.27892,8.54407],[99.28152,8.54229],[99.28281,8.54267],[99.28354,8.54463],[99.28291,8.54863],[99.28012,8.55021],[99.27938,8.55305],[99.27547,8.55449],[99.27435,8.55833],[99.27306,8.55972],[99.27019,8.55979],[99.26804,8.55762],[99.26598,8.55824],[99.26489,8.55938],[99.2644,8.56316],[99.26195,8.5645],[99.25903,8.56376],[99.25594,8.56151],[99.2535,8.56108],[99.25147,8.56249],[99.2505,8.56619],[99.25069,8.56922],[99.25447,8.57127],[99.25741,8.57145],[99.26157,8.56922],[99.26501,8.56967],[99.26637,8.57101],[99.26405,8.57701],[99.25897,8.57658],[99.25721,8.57973],[99.25756,8.58239],[99.26138,8.58814],[99.25934,8.59196],[99.26075,8.59501],[99.26032,8.59764],[99.26246,8.59806],[99.26313,8.59889],[99.26197,8.60315],[99.26204,8.6063],[99.25908,8.60996],[99.26242,8.61077],[99.26435,8.61006],[99.26543,8.60804],[99.26506,8.60527],[99.2656,8.60428],[99.26662,8.60447],[99.26861,8.60673],[99.26716,8.60973],[99.26698,8.6126],[99.26275,8.61631]]}},{"type":"Feature","properties":{"name":"แม่น้ำตาปี","osm_id":1138769281,"direction":"downstream"},"geometry":{"type":"LineString","coordinates":[[99.24601,8.74088],[99.24629,8.74318],[99.24492,8.74423],[99.2432,8.7435],[99.24207,8.74056],[99.24044,8.7405],[99.24191,8.74379],[99.24221,8.7477],[99.24063,8.74979],[99.23671,8.75046],[99.23784,8.75442],[99.2365,8.7546],[99.23491,8.7518],[99.23379,8.75132],[99.23081,8.75267],[99.2301,8.75419],[99.23125,8.75513],[99.23881,8.75575],[99.24022,8.75521],[99.24298,8.75683],[99.2428,8.75858],[99.23926,8.76227],[99.23951,8.76664],[99.24141,8.76867],[99.24492,8.7677],[99.24613,8.77429],[99.24019,8.775],[99.23665,8.77326],[99.23301,8.77306],[99.22937,8.77186],[99.22859,8.77392],[99.22914,8.78011],[99.22777,8.78417],[99.22645,8.78564],[99.2246,8.78617],[99.21956,8.78359],[99.21833,8.78367],[99.21829,8.78559],[99.22134,8.79034],[99.21977,8.79161],[99.21676,8.79234],[99.21786,8.79469],[99.21757,8.79596],[99.21476,8.79524],[99.21426,8.79574],[99.21456,8.79824],[99.21766,8.80244],[99.21747,8.80684],[99.21839,8.80881],[99.22155,8.80987],[99.22535,8.80755],[99.2274,8.80876],[99.22903,8.81946],[99.2281,8.82364],[99.22358,8.82787],[99.2186,8.82846],[99.21627,8.83025],[99.21559,8.8336],[99.21793,8.83942],[99.21709,8.84159],[99.20871,8.84487],[99.20447,8.84784],[99.20249,8.84803],[99.20009,8.84664],[99.19895,8.84723],[99.19714,8.85459],[99.19781,8.86359],[99.19688,8.86595],[99.19492,8.86681],[99.18778,8.8647],[99.1856,8.86527],[99.18405,8.86795],[99.1846,8.87183],[99.18418,8.8741],[99.18249,8.87595],[99.17947,8.87603]]}},{"type":"Feature","properties":{"name":"แม่น้ำตาปี","osm_id":1138769282,"direction":"downstream"},"geometry":{"type":"LineString","coordinates":[[99.17947,8.87603],[99.1772,8.87576],[99.18085,8.88034],[99.18474,8.88279],[99.18705,8.88551],[99.18937,8.88645],[99.19322,8.88596],[99.19457,8.88722],[99.19383,8.88907],[99.18961,8.88836],[99.18814,8.88931],[99.18891,8.89085],[99.19356,8.89157],[99.19386,8.89271],[99.1885,8.89317],[99.18638,8.89412],[99.18596,8.8952],[99.19071,8.89923],[99.19763,8.90267],[99.19474,8.91088],[99.19299,8.91291],[99.18948,8.91498],[99.19035,8.91844],[99.19182,8.92049],[99.19615,8.92371],[99.20599,8.92661],[99.2089,8.93006],[99.20887,8.93296],[99.20643,8.93616],[99.20186,8.93753],[99.19794,8.93742],[99.19785,8.93876],[99.19882,8.93973],[99.20426,8.94179],[99.20818,8.94555],[99.21378,8.94481],[99.21839,8.94185],[99.22041,8.94275],[99.22005,8.95049],[99.21926,8.95138],[99.21592,8.95163],[99.21521,8.95271],[99.21601,8.95447],[99.21972,8.95654],[99.22022,8.95862],[99.21757,8.96232],[99.21642,8.96619],[99.21075,8.97249],[99.20818,8.97869],[99.21002,8.98213],[99.2132,8.99282],[99.21614,8.99719],[99.21627,8.99919],[99.2144,9.00218],[99.22127,9.01148],[99.2255,9.02065],[99.23086,9.02598],[99.23537,9.02801],[99.23686,9.02948],[99.23708,9.03197],[99.23291,9.03977],[99.23231,9.04276],[99.23307,9.04579],[99.23553,9.04813],[99.23585,9.05096]]}},{"type":"Feature","properties":{"name":"แม่น้ำตาปี","osm_id":1138769283,"direction":"downstream"},"geometry":{"type":"LineString","coordinates":[[99.37137,8.39076],[99.36789,8.39354],[99.36802,8.39701],[99.36686,8.39964],[99.36285,8.40432],[99.36092,8.40436],[99.35988,8.40359],[99.35904,8.39876],[99.3555,8.39513],[99.35293,8.39506],[99.34973,8.39607],[99.34797,8.39538],[99.34712,8.39374],[99.34552,8.39567],[99.34636,8.40127],[99.34447,8.40824],[99.3425,8.4084],[99.3418,8.40581],[99.34213,8.40257],[99.33902,8.40133],[99.33794,8.40325],[99.33995,8.40561],[99.33653,8.40695],[99.33354,8.41175],[99.32711,8.41246],[99.32637,8.41321],[99.32631,8.41505],[99.32556,8.41545],[99.3244,8.41489],[99.3249,8.41272],[99.32443,8.41164],[99.3199,8.41255],[99.3204,8.41464],[99.32305,8.41708],[99.32296,8.41834],[99.32147,8.41869],[99.31986,8.41749],[99.31843,8.41849],[99.31699,8.42496],[99.31587,8.42484],[99.31449,8.42208],[99.31301,8.42245],[99.31225,8.42358],[99.31243,8.42588],[99.31368,8.42806],[99.31354,8.43171],[99.31425,8.43245],[99.31663,8.43242],[99.31606,8.43557],[99.31791,8.4377],[99.31501,8.44125],[99.31294,8.44162],[99.31464,8.44481],[99.30842,8.44547],[99.30833,8.44795],[99.3061,8.44861],[99.30585,8.4509],[99.30223,8.4535],[99.29833,8.4541],[99.29638,8.45841],[99.29339,8.45802],[99.29073,8.45612],[99.29011,8.45643],[99.29224,8.46204],[99.29187,8.46394],[99.29025,8.46629],[99.29268,8.46898],[99.29541,8.47447],[99.29369,8.48147],[99.29192,8.48238],[99.28878,8.48184],[99.28826,8.48378],[99.29007,8.48717],[99.29194,8.48783],[99.29429,8.48735],[99.29466,8.48834],[99.29355,8.48963],[99.29121,8.48955],[99.28867,8.49132],[99.2829,8.49196],[99.28039,8.49383],[99.27937,8.49298],[99.28122,8.48883],[99.28028,8.48781],[99.27669,8.49089],[99.27764,8.49359]]}},{"type":"Feature","properties":{"name":"แม่น้ำตาปี","osm_id":1138769284,"direction":"downstream"},"geometry":{"type":"LineString","coordinates":[[99.72065,8.52531],[99.71866,8.52615],[99.71657,8.52545],[99.71493,8.52669],[99.71224,8.52734],[99.71168,8.52982],[99.70951,8.53143],[99.70374,8.53002],[99.70064,8.53278],[99.6985,8.53233],[99.69637,8.53337],[99.69387,8.53263],[99.69209,8.53611],[99.69035,8.53668],[99.68954,8.53828],[99.68628,8.53909],[99.68465,8.54109],[99.68281,8.54078],[99.6798,8.53727],[99.67564,8.53622],[99.67312,8.53681],[99.6671,8.53307],[99.66405,8.53242],[99.66132,8.53285],[99.65717,8.5318],[99.65459,8.52977],[99.65353,8.52769],[99.65151,8.52682],[99.64913,8.52711],[99.64807,8.52826],[99.64166,8.5264],[99.63805,8.52858],[99.63571,8.53287],[99.6322,8.53299],[99.62884,8.53172],[99.62763,8.53026],[99.62475,8.53153],[99.61898,8.53262],[99.61422,8.53597],[99.61159,8.5363],[99.60925,8.53342],[99.60643,8.53272],[99.6049,8.5358],[99.60104,8.53629],[99.59955,8.5379],[99.59787,8.53801],[99.59735,8.53885],[99.59854,8.53936],[99.59864,8.54018],[99.59624,8.53961],[99.59481,8.54067],[99.59414,8.54453],[99.59252,8.54622],[99.59294,8.54776],[99.59167,8.54813],[99.59087,8.54693],[99.58994,8.5471],[99.58855,8.54829],[99.58971,8.54927],[99.58938,8.54984],[99.58753,8.54961],[99.58767,8.54865],[99.5872,8.54867],[99.5865,8.54965],[99.58768,8.551],[99.58628,8.55263],[99.58349,8.55274],[99.5825,8.55091],[99.58036,8.5523],[99.57848,8.55116],[99.57683,8.55145],[99.57582,8.55214],[99.57397,8.55612],[99.57265,8.55615],[99.5719,8.55463],[99.57088,8.55469],[99.57026,8.55386],[99.56736,8.55749],[99.56561,8.55817],[99.56498,8.55683],[99.56339,8.55888],[99.5622,8.55837],[99.56073,8.55995],[99.56014,8.5589],[99.56099,8.5581],[99.56017,8.55768],[99.55891,8.55844],[99.55787,8.56064]]}},{"type":"Feature","properties":{"name":"แม่น้ำเจ้าพระยา","osm_id":1157208844,"direction":"downstream"},"geometry":{"type":"LineString","coordinates":[[100.50386,14.184],[100.5042,14.17833]]}},{"type":"Feature","properties":{"name":"แม่น้ำเจ้าพระยา","osm_id":1160226685,"direction":"downstream"},"geometry":{"type":"LineString","coordinates":[[100.5179,14.14102],[100.52151,14.13149]]}},{"type":"Feature","properties":{"name":"แม่น้ำเจ้าพระยา","osm_id":1182945720,"direction":"downstream"},"geometry":{"type":"LineString","coordinates":[[100.53356,14.19516],[100.5322,14.19564]]}},{"type":"Feature","properties":{"name":"แม่น้ำน้อย","osm_id":1184253736,"direction":"downstream"},"geometry":{"type":"LineString","coordinates":[[100.48524,14.27268],[100.48307,14.26727],[100.48335,14.26441]]}},{"type":"Feature","properties":{"name":"แม่น้ำเจ้าพระยา","osm_id":1184662444,"direction":"downstream"},"geometry":{"type":"LineString","coordinates":[[100.56986,14.21319],[100.56699,14.20703]]}},{"type":"Feature","properties":{"name":"แม่น้ำน้อย","osm_id":1184662448,"direction":"downstream"},"geometry":{"type":"LineString","coordinates":[[100.4515,14.32386],[100.45131,14.32287]]}},{"type":"Feature","properties":{"name":"แม่น้ำเจ้าพระยา","osm_id":1186246625,"direction":"downstream"},"geometry":{"type":"LineString","coordinates":[[100.58144,14.25337],[100.58131,14.25265]]}},{"type":"Feature","properties":{"name":"แม่น้ำยม","osm_id":1213516325,"direction":"downstream"},"geometry":{"type":"LineString","coordinates":[[100.16034,18.4729],[100.15974,18.47168],[100.15744,18.47129],[100.15042,18.46498]]}},{"type":"Feature","properties":{"name":"แม่น้ำยม","osm_id":1213516326,"direction":"downstream"},"geometry":{"type":"LineString","coordinates":[[100.16033,18.47299],[100.16034,18.4729]]}},{"type":"Feature","properties":{"name":"แม่น้ำโขง","osm_id":1218635569,"direction":"downstream"},"geometry":{"type":"LineString","coordinates":[[104.97954,11.73036],[104.97541,11.72426],[104.97072,11.71405],[104.96189,11.68612],[104.96221,11.67545],[104.96141,11.66652],[104.94911,11.63603],[104.94346,11.60125],[104.94279,11.59328]]}},{"type":"Feature","properties":{"name":"แม่น้ำโขง","osm_id":1218635570,"direction":"downstream"},"geometry":{"type":"LineString","coordinates":[[104.94754,11.5598],[104.95085,11.55622],[104.96072,11.55029],[104.97271,11.54632],[104.98074,11.54528],[104.99376,11.54504],[105.00649,11.54588],[105.02703,11.54354],[105.07847,11.52679],[105.08158,11.52432],[105.09358,11.51065],[105.11,11.49865],[105.1658,11.46589],[105.18952,11.4478],[105.19561,11.44401],[105.21418,11.43728],[105.21776,11.43228],[105.225,11.41925],[105.22917,11.41485],[105.24967,11.39696],[105.25691,11.38503],[105.26902,11.3367],[105.2752,11.30464],[105.28018,11.27097],[105.2808,11.25875],[105.27977,11.24843],[105.27739,11.23922],[105.2699,11.21909],[105.25559,11.1845],[105.24352,11.15085],[105.2376,11.13685],[105.22892,11.12254],[105.196,11.08752],[105.19285,11.08102],[105.19218,11.07374],[105.19579,11.0415],[105.18805,11.00113],[105.18349,10.96025],[105.18845,10.9114]]}},{"type":"Feature","properties":{"name":"แม่น้ำโขง","osm_id":1218635571,"direction":"downstream"},"geometry":{"type":"LineString","coordinates":[[105.1923,11.44596],[105.19594,11.44043],[105.20007,11.43633],[105.21179,11.42688],[105.225,11.41925]]}},{"type":"Feature","properties":{"name":"แม่น้ำโขง","osm_id":1218673705,"direction":"downstream"},"geometry":{"type":"LineString","coordinates":[[105.47062,11.98628],[105.47176,11.94613],[105.4692,11.9371],[105.46389,11.92647],[105.45574,11.91396],[105.45148,11.90983],[105.43764,11.90168],[105.42534,11.89673],[105.41942,11.89507],[105.41283,11.89435],[105.40596,11.89469],[105.39744,11.89662],[105.3916,11.89891],[105.38295,11.90454],[105.36701,11.92271],[105.36233,11.9254],[105.34334,11.9319],[105.32428,11.93399],[105.29145,11.93442],[105.26045,11.94068],[105.23594,11.94273],[105.20326,11.95008],[105.1901,11.95034],[105.18352,11.94802],[105.17685,11.94228],[105.16942,11.93274],[105.15237,11.91779]]}},{"type":"Feature","properties":{"name":"แม่น้ำยม","osm_id":1222669651,"direction":"downstream"},"geometry":{"type":"LineString","coordinates":[[100.18207,18.29268],[100.18203,18.29851],[100.18338,18.30026],[100.18666,18.29613],[100.18763,18.29154],[100.18691,18.28779]]}},{"type":"Feature","properties":{"name":"แม่น้ำน่าน","osm_id":1224927874,"direction":"downstream"},"geometry":{"type":"LineString","coordinates":[[101.17431,19.32274],[101.17306,19.32318],[101.17392,19.32498],[101.17267,19.32593],[101.17269,19.32705],[101.16942,19.32929],[101.16774,19.33331],[101.16848,19.33444],[101.16795,19.33673],[101.16684,19.33767],[101.16509,19.34187],[101.16237,19.34395],[101.16011,19.34685],[101.16124,19.34853],[101.15942,19.34946],[101.15959,19.35096],[101.15828,19.35158],[101.15858,19.3527],[101.15789,19.35386],[101.15922,19.35501],[101.15914,19.35784],[101.16002,19.35857],[101.15992,19.35951],[101.16094,19.36002],[101.16042,19.36162],[101.16147,19.36288],[101.15855,19.3638],[101.15863,19.37081],[101.15752,19.37138],[101.15776,19.37244],[101.15555,19.37241],[101.15591,19.37391],[101.15467,19.37512],[101.15544,19.37619],[101.15326,19.37667],[101.15425,19.37842],[101.15363,19.37974],[101.15475,19.38151]]}},{"type":"Feature","properties":{"name":"แม่น้ำป่าสัก","osm_id":1234922963,"direction":"downstream"},"geometry":{"type":"LineString","coordinates":[[100.59913,14.43668],[100.59843,14.43512]]}},{"type":"Feature","properties":{"name":"แม่น้ำลพบุรี","osm_id":1234922965,"direction":"downstream"},"geometry":{"type":"LineString","coordinates":[[100.55778,14.42932],[100.55595,14.4271],[100.55638,14.42165]]}},{"type":"Feature","properties":{"name":"แม่น้ำมูล","osm_id":1300598217,"direction":"downstream"},"geometry":{"type":"LineString","coordinates":[[102.27935,15.03081],[102.28,15.03193],[102.28368,15.03249],[102.28318,15.03465],[102.28558,15.0353],[102.28412,15.0385],[102.28814,15.0391],[102.28891,15.04078],[102.29106,15.04265],[102.29096,15.04402],[102.29309,15.04308],[102.29541,15.04466],[102.2961,15.04324],[102.29568,15.04204],[102.29674,15.04122],[102.2987,15.04319],[102.29746,15.0452],[102.3025,15.0458],[102.30157,15.04898],[102.30451,15.04869],[102.3044,15.05109],[102.30574,15.05057],[102.30653,15.05125],[102.30501,15.05288],[102.30455,15.0546],[102.30619,15.05338],[102.30864,15.05464],[102.31055,15.05369],[102.31105,15.05425],[102.31026,15.05551],[102.31065,15.05624],[102.31287,15.05604],[102.31712,15.05758]]}},{"type":"Feature","properties":{"name":"แม่น้ำมูล","osm_id":1300598220,"direction":"downstream"},"geometry":{"type":"LineString","coordinates":[[102.27971,15.01916],[102.28154,15.02129],[102.2795,15.02366],[102.28013,15.0278],[102.27949,15.02823],[102.27826,15.02774],[102.27848,15.02894]]}},{"type":"Feature","properties":{"name":"แม่น้ำมูล","osm_id":1300598221,"direction":"downstream"},"geometry":{"type":"LineString","coordinates":[[102.24494,14.99009],[102.24576,14.98938],[102.24698,14.99032],[102.24661,14.99314],[102.24751,14.99301],[102.24897,14.99084],[102.24948,14.99317],[102.25136,14.99318],[102.25181,14.992],[102.25223,14.99281],[102.25159,14.99406],[102.25337,14.99415],[102.25322,14.99566],[102.25428,14.99552],[102.25479,14.99378],[102.2556,14.99332],[102.2602,14.99718],[102.25944,14.99829],[102.25807,14.99794],[102.25796,14.99901],[102.26004,14.99915],[102.26213,15.00111],[102.26221,15.00469],[102.2634,15.0048],[102.26424,15.00406],[102.26472,15.00449],[102.26399,15.00555],[102.26151,15.00654],[102.26264,15.00936],[102.26143,15.01192],[102.26195,15.01331],[102.26652,15.01385],[102.26722,15.01495],[102.26883,15.0139],[102.27125,15.01488],[102.27226,15.01648],[102.27296,15.01483],[102.27426,15.01461],[102.27753,15.0173],[102.27887,15.01763],[102.27971,15.01916]]}},{"type":"Feature","properties":{"name":"แม่น้ำมูล","osm_id":1300598230,"direction":"downstream"},"geometry":{"type":"LineString","coordinates":[[102.24252,14.98613],[102.2402,14.98747],[102.24043,14.99073],[102.2413,14.99105],[102.24242,14.98976],[102.24494,14.99009]]}},{"type":"Feature","properties":{"name":"แม่น้ำมูล","osm_id":1300598233,"direction":"downstream"},"geometry":{"type":"LineString","coordinates":[[102.23806,14.91725],[102.23913,14.91745],[102.23967,14.92015],[102.24089,14.92101],[102.2411,14.92206],[102.24105,14.92415],[102.24015,14.92455],[102.24029,14.92322],[102.23859,14.92223],[102.23823,14.92483],[102.23721,14.9255],[102.23745,14.9275],[102.23947,14.92901],[102.23878,14.93088],[102.2403,14.93001],[102.23936,14.93262]]}},{"type":"Feature","properties":{"name":"แม่น้ำลพบุรี","osm_id":1301139665,"direction":"downstream"},"geometry":{"type":"LineString","coordinates":[[100.53099,14.52508],[100.53223,14.52414]]}},{"type":"Feature","properties":{"name":"แม่น้ำลพบุรี","osm_id":1301139667,"direction":"downstream"},"geometry":{"type":"LineString","coordinates":[[100.52828,14.53383],[100.53106,14.53013],[100.53099,14.52508]]}},{"type":"Feature","properties":{"name":"แม่น้ำชี","osm_id":1301956024,"direction":"downstream"},"geometry":{"type":"LineString","coordinates":[[102.74432,16.24254],[102.74531,16.24281],[102.74579,16.24442],[102.74336,16.24715],[102.74323,16.24825],[102.74915,16.25503],[102.75286,16.25592],[102.75384,16.25699],[102.75723,16.26492],[102.7609,16.26977],[102.76079,16.27206],[102.76285,16.27589],[102.76255,16.27659],[102.76154,16.27664],[102.7607,16.27821],[102.76159,16.27927],[102.7639,16.27946],[102.76447,16.28503],[102.764,16.28716],[102.76194,16.28789],[102.76121,16.28959],[102.76645,16.29559],[102.76759,16.29404],[102.76696,16.29002],[102.76893,16.28976],[102.77164,16.29298],[102.77133,16.29652],[102.77232,16.29879],[102.77304,16.29878],[102.77376,16.29754],[102.77291,16.29363],[102.77561,16.2924]]}},{"type":"Feature","properties":{"name":"แม่น้ำชี","osm_id":1301956034,"direction":"downstream"},"geometry":{"type":"LineString","coordinates":[[102.68194,16.18701],[102.68078,16.18825],[102.6793,16.18849],[102.67661,16.19292],[102.67451,16.1924],[102.67353,16.1948],[102.67178,16.19491],[102.67133,16.19557],[102.67265,16.20114],[102.67357,16.20128],[102.67597,16.19933],[102.67636,16.19766],[102.68045,16.19799],[102.68067,16.19931],[102.67843,16.20184],[102.67645,16.20116],[102.67423,16.20255],[102.67432,16.20533],[102.67294,16.2061],[102.67213,16.20785],[102.67015,16.20661],[102.66654,16.20815],[102.66479,16.20811],[102.66258,16.21185]]}},{"type":"Feature","properties":{"name":"แม่น้ำชี","osm_id":1301956039,"direction":"downstream"},"geometry":{"type":"LineString","coordinates":[[102.7294,16.24358],[102.7312,16.24342],[102.73233,16.24508],[102.732,16.2464],[102.72913,16.24724],[102.72897,16.24784],[102.72979,16.24821],[102.73396,16.24636],[102.73418,16.24528],[102.7332,16.24425],[102.73392,16.24339],[102.73712,16.24328],[102.73946,16.24417],[102.74432,16.24254]]}},{"type":"Feature","properties":{"name":"แม่น้ำชี","osm_id":1301956040,"direction":"downstream"},"geometry":{"type":"LineString","coordinates":[[102.66258,16.21185],[102.66434,16.21531],[102.66728,16.21769],[102.66807,16.21765],[102.66855,16.21616],[102.66948,16.21574],[102.67229,16.21841],[102.67097,16.22362],[102.67019,16.22411]]}},{"type":"Feature","properties":{"name":"แม่น้ำมูล","osm_id":1302881512,"direction":"downstream"},"geometry":{"type":"LineString","coordinates":[[103.21063,15.33083],[103.21254,15.33106],[103.21621,15.33545],[103.21876,15.33539],[103.22082,15.33267],[103.22323,15.33138],[103.22389,15.32926],[103.22274,15.32774],[103.21992,15.32898],[103.21878,15.32845],[103.21915,15.32697],[103.22183,15.32438],[103.22102,15.32316],[103.21881,15.32276],[103.21883,15.32153],[103.22052,15.32111],[103.22327,15.32266],[103.22569,15.32308],[103.22816,15.32132],[103.22769,15.31792],[103.23102,15.31723],[103.23181,15.31836],[103.22981,15.3226],[103.23056,15.32364],[103.2325,15.32434],[103.2335,15.32362],[103.23434,15.32009],[103.23533,15.31954]]}},{"type":"Feature","properties":{"name":"แม่น้ำมูล","osm_id":1302881514,"direction":"downstream"},"geometry":{"type":"LineString","coordinates":[[103.12275,15.4025],[103.12527,15.40158],[103.12688,15.40295],[103.1281,15.40294],[103.13012,15.40065],[103.13514,15.40059],[103.13615,15.40172],[103.13626,15.40447],[103.13302,15.40851],[103.1343,15.41054],[103.13728,15.41252],[103.13913,15.41157],[103.14302,15.40561],[103.14578,15.40319],[103.14606,15.40081],[103.14433,15.39653],[103.14188,15.39574],[103.14098,15.39465],[103.14132,15.38836],[103.14214,15.38753],[103.1457,15.38712],[103.14711,15.38285],[103.14865,15.38133],[103.14958,15.38178],[103.14902,15.38407],[103.1501,15.38575],[103.1518,15.3859],[103.15381,15.38507],[103.15458,15.38383],[103.15355,15.38093],[103.15514,15.38012],[103.15537,15.37889],[103.15366,15.37785],[103.1499,15.37888],[103.14915,15.37729],[103.14793,15.37723],[103.14775,15.37626],[103.14965,15.3735],[103.15516,15.37406],[103.15669,15.37291],[103.15779,15.36763],[103.15491,15.3663],[103.15516,15.36463],[103.16078,15.36385],[103.16309,15.36489],[103.16391,15.36439],[103.16375,15.36219],[103.16264,15.36077],[103.16091,15.36091],[103.15944,15.36243],[103.15865,15.36196],[103.15806,15.35988],[103.1586,15.35698],[103.15636,15.35487],[103.15598,15.35346],[103.15654,15.35249],[103.15819,15.3522]]}},{"type":"Feature","properties":{"name":"แม่น้ำมูล","osm_id":1302881521,"direction":"downstream"},"geometry":{"type":"LineString","coordinates":[[103.01007,15.43651],[103.01281,15.43535]]}},{"type":"Feature","properties":{"name":"แม่น้ำมูล","osm_id":1302881522,"direction":"downstream"},"geometry":{"type":"LineString","coordinates":[[103.01281,15.43535],[103.01813,15.43485],[103.02127,15.42976],[103.02308,15.43059],[103.02327,15.43453],[103.02609,15.43775],[103.03022,15.43811],[103.03423,15.44302],[103.03761,15.44273],[103.04007,15.44459],[103.04141,15.44362],[103.04216,15.43996],[103.04384,15.4396],[103.04508,15.44165],[103.04453,15.44388],[103.04538,15.44789],[103.04468,15.44928],[103.04486,15.45201],[103.04809,15.45312],[103.05078,15.45279]]}},{"type":"Feature","properties":{"name":"แม่น้ำมูล","osm_id":1302881523,"direction":"downstream"},"geometry":{"type":"LineString","coordinates":[[103.10673,15.40956],[103.10967,15.4088],[103.11239,15.41006],[103.11387,15.40991],[103.11517,15.40755],[103.11525,15.40339],[103.11751,15.40193],[103.11997,15.40171],[103.12275,15.4025]]}},{"type":"Feature","properties":{"name":"แม่น้ำยม","osm_id":1304426786,"direction":"downstream"},"geometry":{"type":"LineString","coordinates":[[100.11523,18.12566],[100.11513,18.12563]]}},{"type":"Feature","properties":{"name":"แม่น้ำยม","osm_id":1304426787,"direction":"downstream"},"geometry":{"type":"LineString","coordinates":[[100.15042,18.46498],[100.15041,18.46387],[100.15274,18.46141],[100.15747,18.45845],[100.16424,18.45482],[100.16829,18.45431],[100.169,18.45071],[100.16743,18.4476],[100.16714,18.44511],[100.16903,18.44232],[100.17156,18.44161],[100.17542,18.43837],[100.17863,18.43343],[100.17463,18.42799],[100.17036,18.42587],[100.1665,18.42513],[100.16355,18.42262],[100.16776,18.41751],[100.17177,18.41724],[100.17358,18.41489],[100.17448,18.41012],[100.17317,18.40487],[100.17507,18.40086],[100.17289,18.397],[100.17059,18.39613],[100.16869,18.39636],[100.16339,18.39935],[100.16066,18.39966],[100.15931,18.39695],[100.15628,18.39491],[100.15786,18.39028],[100.15683,18.38847],[100.15444,18.38836],[100.15205,18.39207],[100.15064,18.39213],[100.14998,18.39141],[100.15026,18.38188],[100.14835,18.37761],[100.14863,18.37648],[100.15112,18.37442],[100.15438,18.3752],[100.1554,18.37452],[100.15682,18.36837],[100.15889,18.36588],[100.16167,18.36491],[100.1651,18.3658],[100.16579,18.36537],[100.16646,18.36242],[100.17052,18.35794],[100.17158,18.35514],[100.16963,18.35102],[100.16515,18.35106],[100.16383,18.34725],[100.15796,18.34601],[100.15651,18.3446],[100.15722,18.34236],[100.15978,18.33872],[100.16095,18.33253],[100.16067,18.32868],[100.16174,18.32324],[100.16027,18.31831],[100.1603,18.31534],[100.16181,18.31407],[100.16586,18.31268],[100.16838,18.30876],[100.16803,18.30619],[100.16335,18.30416],[100.16222,18.303],[100.16106,18.29717],[100.16566,18.29519],[100.16858,18.29271],[100.17235,18.29142],[100.17566,18.28908],[100.1808,18.28913],[100.18553,18.29039],[100.18691,18.28779],[100.18577,18.28495],[100.18572,18.28277],[100.18767,18.27855],[100.18875,18.27764],[100.19059,18.27752],[100.19456,18.2803],[100.19555,18.28034],[100.19716,18.27973],[100.19741,18.27849],[100.19059,18.27223],[100.18874,18.27207],[100.18478,18.27325],[100.17828,18.27215],[100.17645,18.2703],[100.17736,18.26431],[100.17907,18.26031],[100.17853,18.25393],[100.1796,18.24987],[100.17456,18.24251],[100.17501,18.24118],[100.17836,18.23937],[100.18005,18.23762],[100.18076,18.23198],[100.18137,18.23129],[100.18881,18.22874],[100.18839,18.2257],[100.19016,18.22298],[100.19051,18.22112],[100.18892,18.21992],[100.17764,18.21769],[100.17484,18.21637],[100.17213,18.21629],[100.16673,18.21317],[100.16029,18.21383],[100.15794,18.213],[100.15541,18.20493],[100.15634,18.19751],[100.15444,18.19606],[100.15113,18.1956],[100.14589,18.19798],[100.1444,18.19799],[100.14054,18.19355],[100.13825,18.19368],[100.13326,18.19547],[100.12823,18.19182],[100.12763,18.18972],[100.12847,18.18858],[100.13231,18.1865],[100.13842,18.18126],[100.14224,18.18045],[100.14408,18.17933],[100.14431,18.17136],[100.14193,18.16851],[100.14166,18.16615],[100.14595,18.16125],[100.14653,18.15822],[100.14257,18.1553],[100.13982,18.1501],[100.13353,18.1502],[100.13197,18.14851],[100.13091,18.14397],[100.1254,18.14226],[100.1242,18.13682],[100.12543,18.13076],[100.12945,18.12717],[100.13233,18.121],[100.13279,18.11854],[100.13195,18.11635],[100.13079,18.11572],[100.12528,18.1158],[100.12343,18.12221],[100.12128,18.12511],[100.11911,18.12576],[100.11523,18.12566]]}},{"type":"Feature","properties":{"name":"แม่น้ำเจ้าพระยา","osm_id":1306714890,"direction":"downstream"},"geometry":{"type":"LineString","coordinates":[[100.57668,14.33705],[100.57667,14.3368]]}},{"type":"Feature","properties":{"name":"แม่น้ำป่าสัก","osm_id":1341264531,"direction":"downstream"},"geometry":{"type":"LineString","coordinates":[[100.62088,14.48958],[100.62103,14.48823]]}},{"type":"Feature","properties":{"name":"แม่น้ำน้อย","osm_id":1348204548,"direction":"downstream"},"geometry":{"type":"LineString","coordinates":[[100.36909,14.44124],[100.37245,14.44016],[100.37347,14.43868],[100.37524,14.43895],[100.37856,14.43716],[100.37935,14.43648],[100.37953,14.4345],[100.38166,14.4342],[100.38254,14.43309]]}},{"type":"Feature","properties":{"name":"แม่น้ำน้อย","osm_id":1348204550,"direction":"downstream"},"geometry":{"type":"LineString","coordinates":[[100.38254,14.43309],[100.38224,14.432]]}},{"type":"Feature","properties":{"name":"แม่น้ำปิง","osm_id":1349575748,"direction":"downstream"},"geometry":{"type":"LineString","coordinates":[[99.43501,16.62483],[99.43998,16.61966],[99.44914,16.60264],[99.45622,16.59254],[99.45794,16.58545],[99.46053,16.58252],[99.46345,16.57642]]}},{"type":"Feature","properties":{"name":"แม่น้ำน้อย","osm_id":1349748755,"direction":"downstream"},"geometry":{"type":"LineString","coordinates":[[100.37262,14.46544],[100.36975,14.45983],[100.37048,14.45871],[100.37282,14.45801],[100.37185,14.45491]]}},{"type":"Feature","properties":{"name":"แม่น้ำน้อย","osm_id":1349748757,"direction":"downstream"},"geometry":{"type":"LineString","coordinates":[[100.37185,14.45491],[100.37179,14.45428]]}},{"type":"Feature","properties":{"name":"แม่น้ำน้อย","osm_id":1349748774,"direction":"downstream"},"geometry":{"type":"LineString","coordinates":[[100.36555,14.47968],[100.37008,14.47768],[100.37153,14.4763],[100.37171,14.47447],[100.36933,14.47021],[100.36972,14.46866],[100.37148,14.46701]]}},{"type":"Feature","properties":{"name":"แม่น้ำน้อย","osm_id":1349748775,"direction":"downstream"},"geometry":{"type":"LineString","coordinates":[[100.36494,14.47982],[100.36555,14.47968]]}},{"type":"Feature","properties":{"name":"แม่น้ำน้อย","osm_id":1349748777,"direction":"downstream"},"geometry":{"type":"LineString","coordinates":[[100.36467,14.47992],[100.36494,14.47982]]}},{"type":"Feature","properties":{"name":"แม่น้ำน้อย","osm_id":1349938865,"direction":"downstream"},"geometry":{"type":"LineString","coordinates":[[100.3683,14.49881],[100.36822,14.49566]]}},{"type":"Feature","properties":{"name":"แม่น้ำปิง","osm_id":1356811594,"direction":"downstream"},"geometry":{"type":"LineString","coordinates":[[98.94929,19.07421],[98.94793,19.07365],[98.94615,19.07522]]}},{"type":"Feature","properties":{"name":"แม่น้ำปิง","osm_id":1356811595,"direction":"downstream"},"geometry":{"type":"LineString","coordinates":[[98.95064,19.07622],[98.94983,19.07459]]}},{"type":"Feature","properties":{"name":"แม่น้ำป่าสัก","osm_id":1366236965,"direction":"downstream"},"geometry":{"type":"LineString","coordinates":[[101.07486,15.04851],[101.07071,15.0452],[101.06641,15.04614],[101.06338,15.04774],[101.06134,15.05032],[101.05972,15.0497],[101.05932,15.0486],[101.06021,15.04693],[101.06444,15.04456],[101.06479,15.04359],[101.06286,15.04256],[101.06,15.03956],[101.0548,15.03307],[101.05499,15.0306],[101.04277,15.02178]]}},{"type":"Feature","properties":{"name":"แม่น้ำน่าน","osm_id":1368753566,"direction":"downstream"},"geometry":{"type":"LineString","coordinates":[[100.55085,18.03531],[100.54711,18.02031],[100.54415,18.01552]]}},{"type":"Feature","properties":{"name":"แม่น้ำชี","osm_id":1369116229,"direction":"downstream"},"geometry":{"type":"LineString","coordinates":[[102.14313,15.68145],[102.14463,15.68421],[102.14691,15.68487],[102.14388,15.68751],[102.14478,15.69008],[102.14325,15.69345],[102.14367,15.69557],[102.14309,15.69743],[102.14492,15.701],[102.14323,15.70681],[102.14469,15.70754],[102.14771,15.70593],[102.14981,15.70709],[102.1496,15.70925],[102.14762,15.70916],[102.14694,15.71002],[102.14819,15.71099],[102.15021,15.70979],[102.15123,15.71003],[102.15118,15.71134],[102.1501,15.71256],[102.15188,15.71369],[102.15182,15.71576],[102.15322,15.71654],[102.15198,15.7197],[102.15071,15.721],[102.15086,15.72185],[102.15295,15.72228],[102.15384,15.71856],[102.15631,15.71973],[102.15601,15.72349],[102.15351,15.72618],[102.15529,15.72603],[102.15739,15.72404],[102.15922,15.72583],[102.16102,15.72529],[102.16202,15.7257],[102.16264,15.72813],[102.1619,15.72956],[102.16004,15.73082],[102.1573,15.72911],[102.15541,15.73061],[102.15661,15.73179],[102.1547,15.73372],[102.15696,15.73395],[102.15761,15.7347],[102.15654,15.73627],[102.15723,15.73867],[102.15585,15.7402],[102.15605,15.74125],[102.15787,15.74205],[102.16001,15.7403],[102.16277,15.7406]]}},{"type":"Feature","properties":{"name":"แม่น้ำเจ้าพระยา","osm_id":1369162557,"direction":"downstream"},"geometry":{"type":"LineString","coordinates":[[100.05585,15.27017],[100.05683,15.26577],[100.06306,15.25758]]}},{"type":"Feature","properties":{"name":"แม่น้ำป่าสัก","osm_id":1369584617,"direction":"downstream"},"geometry":{"type":"LineString","coordinates":[[100.78276,14.567],[100.78234,14.56642]]}},{"type":"Feature","properties":{"name":"แม่น้ำป่าสัก","osm_id":1369584618,"direction":"downstream"},"geometry":{"type":"LineString","coordinates":[[100.78234,14.56642],[100.78136,14.56431],[100.78107,14.56046],[100.77738,14.55735]]}},{"type":"Feature","properties":{"name":"แม่น้ำมูล","osm_id":1369622968,"direction":"downstream"},"geometry":{"type":"LineString","coordinates":[[103.47031,15.33848],[103.47249,15.33653],[103.47229,15.33125],[103.47451,15.32893],[103.47335,15.32743],[103.46876,15.32616],[103.46905,15.32449],[103.47206,15.32046],[103.47604,15.31877],[103.48183,15.32005],[103.48506,15.31752],[103.48501,15.31229],[103.48588,15.31098],[103.48983,15.31268],[103.49004,15.31651],[103.49152,15.31723],[103.49376,15.31529],[103.49509,15.3126],[103.49549,15.30843],[103.4969,15.30766],[103.49931,15.30936],[103.49983,15.31448],[103.50205,15.31504],[103.50323,15.3139],[103.5036,15.30667],[103.50198,15.30533],[103.49928,15.30516],[103.49702,15.30153],[103.49785,15.29796],[103.50092,15.29472],[103.50184,15.29439],[103.50371,15.29551],[103.50507,15.29544],[103.50533,15.29226]]}},{"type":"Feature","properties":{"name":"แม่น้ำมูล","osm_id":1369622969,"direction":"downstream"},"geometry":{"type":"LineString","coordinates":[[103.46385,15.33957],[103.46509,15.34138],[103.46497,15.34582],[103.46593,15.34697],[103.46767,15.34728],[103.46947,15.3462],[103.47031,15.33848]]}},{"type":"Feature","properties":{"name":"แม่น้ำเจ้าพระยา","osm_id":1369654613,"direction":"downstream"},"geometry":{"type":"LineString","coordinates":[[100.18657,15.16344],[100.19367,15.16882],[100.19981,15.17049],[100.20335,15.17242],[100.20436,15.17447],[100.2053,15.18255],[100.20666,15.18477],[100.20898,15.18589],[100.2132,15.18518],[100.2171,15.17732],[100.21903,15.17514],[100.22791,15.17339],[100.23063,15.17039],[100.23278,15.16585],[100.24442,15.15485],[100.24553,15.15117],[100.24634,15.14195],[100.24732,15.14034],[100.25392,15.13523],[100.26521,15.11544],[100.2675,15.10977],[100.2713,15.10561],[100.27311,15.10458],[100.27663,15.10347],[100.28165,15.10383],[100.28527,15.10206],[100.28456,15.0943],[100.28509,15.08691],[100.28661,15.08222],[100.28832,15.07953],[100.29345,15.07433]]}},{"type":"Feature","properties":{"name":"แม่น้ำชี","osm_id":1370882781,"direction":"downstream"},"geometry":{"type":"LineString","coordinates":[[102.3534,15.90085],[102.35254,15.90302],[102.353,15.9082],[102.35595,15.90879],[102.3559,15.91136],[102.35895,15.91484],[102.35944,15.91751],[102.3589,15.9193],[102.36077,15.91951],[102.3615,15.9203],[102.36092,15.92192],[102.35849,15.92261],[102.36069,15.92429],[102.3585,15.92522],[102.35825,15.92671],[102.3592,15.92716],[102.36089,15.92649],[102.36218,15.92875],[102.35694,15.93054],[102.35668,15.9287],[102.35587,15.92827],[102.35498,15.93075],[102.35771,15.93267],[102.36193,15.93333],[102.36218,15.93214],[102.36362,15.9324],[102.36455,15.93429],[102.36263,15.93484],[102.36248,15.9361],[102.36578,15.93865],[102.36532,15.9404],[102.36749,15.94352],[102.36738,15.94404],[102.36586,15.94383],[102.36567,15.9447],[102.36916,15.94849],[102.37006,15.94791],[102.37017,15.94602],[102.37402,15.94548],[102.37466,15.94633],[102.37439,15.94745],[102.37242,15.94839]]}},{"type":"Feature","properties":{"name":"แม่น้ำชี","osm_id":1370882782,"direction":"downstream"},"geometry":{"type":"LineString","coordinates":[[102.25254,15.77028],[102.25343,15.77035]]}},{"type":"Feature","properties":{"name":"แม่น้ำชี","osm_id":1370882783,"direction":"downstream"},"geometry":{"type":"LineString","coordinates":[[102.12131,15.64615],[102.1207,15.64885],[102.12158,15.65149],[102.11947,15.65159],[102.11897,15.65314],[102.12255,15.65355],[102.12279,15.65488],[102.12381,15.65514],[102.12432,15.65279],[102.12682,15.65083],[102.12806,15.65124],[102.12874,15.65943],[102.12775,15.65994],[102.12596,15.65878],[102.12401,15.66161],[102.12424,15.66318],[102.12685,15.66289],[102.12769,15.6636],[102.12521,15.66605],[102.12615,15.66647],[102.12831,15.66544],[102.12977,15.66809],[102.13143,15.66644],[102.13221,15.66706],[102.12771,15.67078],[102.13224,15.67177],[102.13237,15.67498],[102.13567,15.67383],[102.13495,15.67115],[102.13711,15.67146],[102.14045,15.67549],[102.14073,15.67742],[102.14316,15.67674],[102.14128,15.67886],[102.14123,15.67979],[102.1439,15.67864],[102.14465,15.67906],[102.14472,15.67995],[102.14313,15.68145]]}},{"type":"Feature","properties":{"name":"แม่น้ำเจ้าพระยา","osm_id":1371145819,"direction":"downstream"},"geometry":{"type":"LineString","coordinates":[[100.10756,15.4153],[100.10384,15.41658]]}},{"type":"Feature","properties":{"name":"แม่น้ำบางปะกง","osm_id":1371179347,"direction":"downstream"},"geometry":{"type":"LineString","coordinates":[[101.14962,13.85163],[101.15391,13.8522],[101.15903,13.85413],[101.16121,13.85391]]}},{"type":"Feature","properties":{"name":"แม่น้ำมูล","osm_id":1374104766,"direction":"downstream"},"geometry":{"type":"LineString","coordinates":[[102.95819,15.40344],[102.95955,15.40396],[102.96194,15.40348],[102.96404,15.40657],[102.96712,15.4076],[102.96474,15.40914],[102.96671,15.41161],[102.96657,15.41378],[102.96563,15.41502],[102.96644,15.41728],[102.96488,15.41801],[102.96466,15.41902],[102.96591,15.42006],[102.96939,15.41922],[102.97087,15.42007],[102.9711,15.42095],[102.97017,15.42239],[102.97036,15.42667]]}},{"type":"Feature","properties":{"name":"แม่น้ำมูล","osm_id":1374104767,"direction":"downstream"},"geometry":{"type":"LineString","coordinates":[[102.95392,15.39988],[102.95468,15.40141],[102.95297,15.40226],[102.95278,15.40333],[102.95682,15.40266],[102.95819,15.40344]]}},{"type":"Feature","properties":{"name":"แม่น้ำมูล","osm_id":1374104768,"direction":"downstream"},"geometry":{"type":"LineString","coordinates":[[102.9551,15.38273],[102.95411,15.38645],[102.95426,15.38971],[102.95314,15.39096],[102.95258,15.3944],[102.9526,15.39726],[102.95392,15.39988]]}},{"type":"Feature","properties":{"name":"แม่น้ำชี","osm_id":1374335414,"direction":"downstream"},"geometry":{"type":"LineString","coordinates":[[102.68671,16.24424],[102.69096,16.24411],[102.69194,16.24282],[102.69277,16.24582],[102.69472,16.24199],[102.69373,16.23972],[102.69575,16.23921],[102.69714,16.24076],[102.69738,16.24334],[102.6985,16.24454],[102.70157,16.24357],[102.70252,16.2417],[102.7037,16.24116],[102.70963,16.24699],[102.71139,16.24758],[102.71458,16.24534],[102.71823,16.24581],[102.7294,16.24358]]}},{"type":"Feature","properties":{"name":"แม่น้ำลพบุรี","osm_id":1383274479,"direction":"downstream"},"geometry":{"type":"LineString","coordinates":[[100.44609,14.86478],[100.4454,14.86201],[100.44631,14.85816],[100.44795,14.8573],[100.45434,14.85701]]}},{"type":"Feature","properties":{"name":"แม่น้ำท่าจีน","osm_id":1383811737,"direction":"downstream"},"geometry":{"type":"LineString","coordinates":[[100.26058,13.68364],[100.26038,13.6818],[100.25764,13.67864]]}},{"type":"Feature","properties":{"name":"แม่น้ำท่าจีน","osm_id":1383811738,"direction":"downstream"},"geometry":{"type":"LineString","coordinates":[[100.25764,13.67864],[100.2567,13.67649],[100.25708,13.67347],[100.25883,13.67192],[100.26594,13.66903],[100.26749,13.66595]]}},{"type":"Feature","properties":{"name":"แม่น้ำมูล","osm_id":1384566400,"direction":"downstream"},"geometry":{"type":"LineString","coordinates":[[102.23768,14.91344],[102.2387,14.91449],[102.23806,14.91725]]}},{"type":"Feature","properties":{"name":"แม่น้ำมูล","osm_id":1384566403,"direction":"downstream"},"geometry":{"type":"LineString","coordinates":[[102.27848,15.02894],[102.28063,15.02976],[102.2805,15.03048],[102.27935,15.03081]]}},{"type":"Feature","properties":{"name":"แม่น้ำเจ้าพระยา","osm_id":1396764063,"direction":"downstream"},"geometry":{"type":"LineString","coordinates":[[100.51357,13.81422],[100.51505,13.81322]]}},{"type":"Feature","properties":{"name":"แม่น้ำแม่กลอง","osm_id":1460457503,"direction":"downstream"},"geometry":{"type":"LineString","coordinates":[[99.91321,13.51081],[99.91908,13.50066]]}},{"type":"Feature","properties":{"name":"แม่น้ำแม่กลอง","osm_id":1460457504,"direction":"downstream"},"geometry":{"type":"LineString","coordinates":[[99.91908,13.50066],[99.92269,13.4937],[99.93439,13.47929],[99.93595,13.47422],[99.93893,13.47017],[99.94042,13.46594],[99.94416,13.46015],[99.94473,13.45743],[99.94347,13.45141],[99.94384,13.44693],[99.94578,13.44077],[99.94984,13.43223],[99.94843,13.42389],[99.94907,13.42175],[99.95218,13.42144],[99.95612,13.42366],[99.95964,13.42382],[99.96123,13.42185],[99.96153,13.41961],[99.95846,13.41369],[99.95822,13.41008],[99.96071,13.4084],[99.96428,13.40862],[99.96942,13.41101],[99.97336,13.41101],[99.97589,13.40992],[99.97783,13.40797],[99.97731,13.40246],[99.97779,13.40094],[99.97958,13.40007],[99.98181,13.40036],[99.98509,13.40456],[99.98524,13.41086],[99.98166,13.41796],[99.98382,13.42042],[99.98831,13.41935],[99.99648,13.41195],[99.997,13.40905],[99.99499,13.40254],[99.98419,13.38668],[99.98352,13.38248],[99.98453,13.38066],[99.9888,13.37927],[99.99159,13.37703],[99.99398,13.3733],[99.99535,13.36883],[100.01432,13.35276]]}},{"type":"Feature","properties":{"name":"แม่น้ำแม่กลอง","osm_id":1460722928,"direction":"downstream"},"geometry":{"type":"LineString","coordinates":[[99.73769,13.96128],[99.7408,13.96154],[99.74545,13.95823],[99.74814,13.95495],[99.74888,13.9494],[99.74535,13.93554],[99.74553,13.93358],[99.74598,13.93238],[99.74827,13.93054],[99.75348,13.92953],[99.75606,13.92809],[99.75954,13.92475],[99.76124,13.92159],[99.76205,13.91694],[99.76094,13.91041],[99.76137,13.90901],[99.76316,13.90727],[99.77394,13.90499],[99.77514,13.90358],[99.77587,13.89712],[99.77679,13.89598],[99.77872,13.89571],[99.78325,13.89869],[99.78725,13.89911],[99.78901,13.89824],[99.79118,13.89571],[99.79336,13.88629],[99.80113,13.8801],[99.80284,13.87764],[99.8053,13.87012],[99.80857,13.86812],[99.81408,13.86772],[99.81903,13.86613]]}},{"type":"Feature","properties":{"name":"แม่น้ำแม่กลอง","osm_id":1460722929,"direction":"downstream"},"geometry":{"type":"LineString","coordinates":[[99.81903,13.86613],[99.8199,13.86451],[99.82093,13.85819]]}},{"type":"Feature","properties":{"name":"แม่น้ำท่าจีน","osm_id":1464553029,"direction":"downstream"},"geometry":{"type":"LineString","coordinates":[[100.03101,15.07705],[100.0229,15.0779],[100.01987,15.07582],[100.01816,15.07338],[100.01528,15.07342],[100.01453,15.07024],[100.01203,15.06697],[100.01309,15.0636],[100.01172,15.06221],[100.00926,15.0623],[100.0089,15.06162],[100.01238,15.05691],[100.01398,15.05033],[100.01917,15.04674],[100.02199,15.04233],[100.02775,15.03916],[100.03064,15.03462],[100.03227,15.03402],[100.03699,15.0342],[100.03923,15.03671],[100.04058,15.03688],[100.04307,15.03363],[100.04698,15.03217],[100.04747,15.02999],[100.04568,15.02406],[100.04008,15.02266],[100.03858,15.01915],[100.0378,15.01323],[100.03272,15.01172],[100.03112,15.00751],[100.03103,15.00472],[100.02272,14.99802],[100.01352,14.99376],[100.01217,14.99153],[100.01137,14.98815],[100.01195,14.98647],[100.01585,14.98161],[100.0163,14.97672],[100.01844,14.97138],[100.02163,14.96656],[100.02115,14.96286],[100.02381,14.96172],[100.0275,14.95871],[100.03444,14.95848],[100.0374,14.95686]]}},{"type":"Feature","properties":{"name":"แม่น้ำท่าจีน","osm_id":1464553030,"direction":"downstream"},"geometry":{"type":"LineString","coordinates":[[100.0374,14.95686],[100.04086,14.95555],[100.04762,14.95712]]}},{"type":"Feature","properties":{"name":"แม่น้ำเจ้าพระยา","osm_id":1465296881,"direction":"downstream"},"geometry":{"type":"LineString","coordinates":[[100.10756,15.4153],[100.09505,15.4156],[100.09193,15.41481]]}},{"type":"Feature","properties":{"name":"แม่น้ำป่าสัก","osm_id":1466704326,"direction":"downstream"},"geometry":{"type":"LineString","coordinates":[[101.21101,15.34924],[101.22132,15.34963],[101.22387,15.34892],[101.22449,15.34713],[101.22248,15.34488],[101.225,15.34277],[101.22594,15.34009]]}},{"type":"Feature","properties":{"name":"แม่น้ำท่าจีน","osm_id":1545814856,"direction":"downstream"},"geometry":{"type":"LineString","coordinates":[[100.2602,13.68471],[100.26058,13.68364]]}},{"type":"Feature","properties":{"name":"แม่น้ำลพบุรี","osm_id":1550765492,"direction":"downstream"},"geometry":{"type":"LineString","coordinates":[[100.54019,14.56965],[100.54063,14.56329],[100.53824,14.55873]]}},{"type":"Feature","properties":{"name":"แม่น้ำลพบุรี","osm_id":1550765494,"direction":"downstream"},"geometry":{"type":"LineString","coordinates":[[100.53824,14.55873],[100.53751,14.55491]]}},{"type":"Feature","properties":{"name":"แม่น้ำลพบุรี","osm_id":1554169754,"direction":"downstream"},"geometry":{"type":"LineString","coordinates":[[100.55726,14.62656],[100.55714,14.62348],[100.55163,14.61781],[100.55134,14.61362],[100.54948,14.61329],[100.54616,14.60996],[100.54732,14.60842],[100.54526,14.60697],[100.54708,14.60497],[100.54469,14.60385],[100.54507,14.60189],[100.54367,14.59876],[100.54414,14.59729],[100.54584,14.59632],[100.54297,14.59581],[100.54307,14.59508],[100.54475,14.59421]]}},{"type":"Feature","properties":{"name":"แม่น้ำลพบุรี","osm_id":1554169755,"direction":"downstream"},"geometry":{"type":"LineString","coordinates":[[100.55191,14.62592],[100.55576,14.62742],[100.55726,14.62656]]}},{"type":"Feature","properties":{"name":"แม่น้ำลพบุรี","osm_id":1554169762,"direction":"downstream"},"geometry":{"type":"LineString","coordinates":[[100.54553,14.59341],[100.54552,14.59332]]}},{"type":"Feature","properties":{"name":"แม่น้ำลพบุรี","osm_id":1554416521,"direction":"downstream"},"geometry":{"type":"LineString","coordinates":[[100.57358,14.64331],[100.57027,14.64281],[100.56891,14.64181],[100.56716,14.63728],[100.56518,14.63794],[100.56274,14.64006],[100.55994,14.63906],[100.55935,14.63806],[100.56018,14.6342],[100.55809,14.63438],[100.55664,14.63275],[100.55507,14.63345],[100.55417,14.63312],[100.55474,14.63012],[100.55136,14.62972],[100.55056,14.62843],[100.55191,14.62592]]}},{"type":"Feature","properties":{"name":"แม่น้ำลพบุรี","osm_id":1554416522,"direction":"downstream"},"geometry":{"type":"LineString","coordinates":[[100.57432,14.64368],[100.57358,14.64331]]}},{"type":"Feature","properties":{"name":"แม่น้ำลพบุรี","osm_id":1557269121,"direction":"downstream"},"geometry":{"type":"LineString","coordinates":[[100.56881,14.64893],[100.57497,14.64824],[100.57639,14.64458],[100.57565,14.64355],[100.57432,14.64368]]}},{"type":"Feature","properties":{"name":"แม่น้ำลพบุรี","osm_id":1557269122,"direction":"downstream"},"geometry":{"type":"LineString","coordinates":[[100.57615,14.65693],[100.57376,14.65677],[100.56913,14.65352],[100.568,14.65101],[100.56881,14.64893]]}}]}